"a-profile href","a-profile-avatar","a-profile-name","a-size-base href","a-icon-alt","a-size-base","a-size-base 2","a-link-normal href","a-size-mini","a-size-base 3","a-size-base 4","a-button-text href","cr-helpful-text","a-size-base 5","a-size-base href 2","a-size-base 6","review-comment-count","a-alert-heading","a-lazy-loaded src"
"https://www.amazon.com/gp/profile/amzn1.account.AG4C56GT5DXXEZ7DP7D6GC7TDREQ/ref=cm_cr_arp_d_gw_btm?ie=UTF8","<img src=""https://images-na.ssl-images-amazon.com/images/S/amazon-avatars-global/default._CR0,0,1024,1024_SX48_.png""/>","Kelly Daniels","https://www.amazon.com/gp/customer-reviews/R11BWTQ82P6RS5/ref=cm_cr_arp_d_rvw_ttl?ie=UTF8&ASIN=B00HHIM4LG","5.0 out of 5 stars","My dog loves these","Reviewed in the United States on April 2, 2018","https://www.amazon.com/gp/help/customer/display.html/ref=cm_cr_dp_d_rvw_avp?nodeId=G75XTB7MBMBTXP6W","Verified Purchase","My dog loves these.  He is pretty picky when it comes to things that require chewing, but he loves these.  He seems to like all Twistix flavors equally.  I like the ingredients.  It's nice that there's nothing in them to bother my dog's stomach.  I have no idea if they actually clean teeth or not, but they do seem to help with his breath at least temporarily. If they do clean teeth that is a bonus, but I would get these anyway because they're good chews. They are easy enough that my dog doesn't give up or lose interest, but hard enough that he doesn't finish them in seconds.","One person found this helpful","https://www.amazon.com/ap/signin?openid.return_to=https%3A%2F%2Fwww.amazon.com%2FTwistix-5-5-Ounce-Yogurt-Banana-Dental%2Fproduct-reviews%2FB00HHIM4LG%2Fref%3Dcm_cr_arp_d_vote_lft%3Fie%3DUTF8%26csrfT%3DhD5WSbp6SFUQoxlTL7C6UWzD0HqOwhsE5DAp4M%252FljKQJAAAAAGXT8iAAAAAB%26reviewId%3DR11BWTQ82P6RS5&openid.identity=http%3A%2F%2Fspecs.openid.net%2Fauth%2F2.0%2Fidentifier_select&openid.assoc_handle=usflex&openid.mode=checkid_setup&marketPlaceId=ATVPDKIKX0DER&language=en&openid.claimed_id=http%3A%2F%2Fspecs.openid.net%2Fauth%2F2.0%2Fidentifier_select&openid.ns=http%3A%2F%2Fspecs.openid.net%2Fauth%2F2.0","Helpful","Report","https://www.amazon.com/hz/reviews-render/report-review?ie=UTF8&ref=cm_cr_arp_d_rvw_hlp&csrfT=hD5WSbp6SFUQoxlTL7C6UWzD0HqOwhsE5DAp4M%2FljKQJAAAAAGXT8iAAAAAB&reviewId=R11BWTQ82P6RS5","Showing  comments","0","There was a problem loading comments right now. Please try again later.",""
"https://www.amazon.com/gp/profile/amzn1.account.AFYDBP4BHWNNJVJCM66BPKR4TYJA/ref=cm_cr_arp_d_gw_btm?ie=UTF8","<img src=""https://images-na.ssl-images-amazon.com/images/S/amazon-avatars-global/default._CR0,0,1024,1024_SX48_.png""/>","Janner","https://www.amazon.com/gp/customer-reviews/R1AXMG7KNFFL9Z/ref=cm_cr_arp_d_rvw_ttl?ie=UTF8&ASIN=B00HHIM4LG","5.0 out of 5 stars","A favorite here","Reviewed in the United States on April 9, 2023","https://www.amazon.com/gp/help/customer/display.html/ref=cm_cr_dp_d_rvw_avp?nodeId=G75XTB7MBMBTXP6W","Verified Purchase","Both my dogs love this treat.  I wish they lasted a little longer but both dogs love to chew wood so their jaws are pretty strong.  I have repeatedly purchased this product.","Report","https://www.amazon.com/ap/signin?openid.return_to=https%3A%2F%2Fwww.amazon.com%2FTwistix-5-5-Ounce-Yogurt-Banana-Dental%2Fproduct-reviews%2FB00HHIM4LG%2Fref%3Dcm_cr_arp_d_vote_lft%3Fie%3DUTF8%26csrfT%3DhLXMLSeyrLCK3g3UMCegQhGjKXmc6jZd8d3cnH%252BSIEcvAAAAAGXT8iAAAAAB%26reviewId%3DR1AXMG7KNFFL9Z&openid.identity=http%3A%2F%2Fspecs.openid.net%2Fauth%2F2.0%2Fidentifier_select&openid.assoc_handle=usflex&openid.mode=checkid_setup&marketPlaceId=ATVPDKIKX0DER&language=en&openid.claimed_id=http%3A%2F%2Fspecs.openid.net%2Fauth%2F2.0%2Fidentifier_select&openid.ns=http%3A%2F%2Fspecs.openid.net%2Fauth%2F2.0","Helpful","Showing  comments","https://www.amazon.com/hz/reviews-render/report-review?ie=UTF8&ref=cm_cr_arp_d_rvw_hlp&csrfT=hLXMLSeyrLCK3g3UMCegQhGjKXmc6jZd8d3cnH%2BSIEcvAAAAAGXT8iAAAAAB&reviewId=R1AXMG7KNFFL9Z","","0","There was a problem loading comments right now. Please try again later.","https://images-na.ssl-images-amazon.com/images/G/01/x-locale/common/grey-pixel.gif"
"https://www.amazon.com/gp/profile/amzn1.account.AEKGJK4Y2YIVYOOE2XKNN5NTQVQQ/ref=cm_cr_arp_d_gw_btm?ie=UTF8","<img src=""https://images-na.ssl-images-amazon.com/images/S/amazon-avatars/default._CR0,0,1024,1024_SX48_.png""/>","Kp","https://www.amazon.com/gp/customer-reviews/R35QDZ6M0KNO07/ref=cm_cr_arp_d_rvw_ttl?ie=UTF8&ASIN=B00HHIM4LG","5.0 out of 5 stars","I was worried about these treats when I first took them out of the bag because they're hard like chalk and my dog is 13 years ol","Reviewed in the United States on February 8, 2016","https://www.amazon.com/gp/help/customer/display.html/ref=cm_cr_dp_d_rvw_avp?nodeId=G75XTB7MBMBTXP6W","Verified Purchase","My Yorkie loves these treats. I was worried about these treats when I first took them out of the bag because they're hard like chalk and my dog is 13 years old. She didn't like them right away but after she started to spend some time on them, they started to dissolve and she could chew on them more easily. These treats are great for distracting dogs but you also have to be careful if they're a smaller dog because the treat is really hard and I could see it could cause choking in over ambitious dogs that don't take the time to break down the treat. The only flaw in these treats is that my dog has a beard and these treats get really milky and foamy and once she finishes her treat it looks like she has rabies and that she's foaming at the mouth. I always find chunks of unfinished twistix dental chews melted to her beard with foam. She loves them so much and they're good for her teeth so I can't complain. I just have to clean her up every time after she's had one of these treats.","5 people found this helpful","https://www.amazon.com/ap/signin?openid.return_to=https%3A%2F%2Fwww.amazon.com%2FTwistix-5-5-Ounce-Yogurt-Banana-Dental%2Fproduct-reviews%2FB00HHIM4LG%2Fref%3Dcm_cr_arp_d_vote_lft%3Fie%3DUTF8%26csrfT%3DhOsqEU7A2MP8Ye2xD255Na1a4jAGN9Hai6uXZGfUg40OAAAAAGXT8iAAAAAB%26reviewId%3DR35QDZ6M0KNO07&openid.identity=http%3A%2F%2Fspecs.openid.net%2Fauth%2F2.0%2Fidentifier_select&openid.assoc_handle=usflex&openid.mode=checkid_setup&marketPlaceId=ATVPDKIKX0DER&language=en&openid.claimed_id=http%3A%2F%2Fspecs.openid.net%2Fauth%2F2.0%2Fidentifier_select&openid.ns=http%3A%2F%2Fspecs.openid.net%2Fauth%2F2.0","Helpful","Report","https://www.amazon.com/hz/reviews-render/report-review?ie=UTF8&ref=cm_cr_arp_d_rvw_hlp&csrfT=hOsqEU7A2MP8Ye2xD255Na1a4jAGN9Hai6uXZGfUg40OAAAAAGXT8iAAAAAB&reviewId=R35QDZ6M0KNO07","Showing  comments","0","There was a problem loading comments right now. Please try again later.","https://images-na.ssl-images-amazon.com/images/G/01/x-locale/common/grey-pixel.gif"
"https://www.amazon.com/gp/profile/amzn1.account.AH5TPQ2ZKHAA2IMNNAOJHJLPI7UA/ref=cm_cr_arp_d_gw_btm?ie=UTF8","<img src=""https://images-na.ssl-images-amazon.com/images/S/amazon-avatars-global/default._CR0,0,1024,1024_SX48_.png""/>","JT in Upstate NY","https://www.amazon.com/gp/customer-reviews/R28OMCKXA4SUD3/ref=cm_cr_arp_d_rvw_ttl?ie=UTF8&ASIN=B00HHIM4LG","5.0 out of 5 stars","Romeo loves them","Reviewed in the United States on September 7, 2022","https://www.amazon.com/gp/help/customer/display.html/ref=cm_cr_dp_d_rvw_avp?nodeId=G75XTB7MBMBTXP6W","Verified Purchase","My Romey loves these. He‚Äôs a little guy do I get the small ones. One every night at bedtime, he loves them!","Report","https://www.amazon.com/ap/signin?openid.return_to=https%3A%2F%2Fwww.amazon.com%2FTwistix-5-5-Ounce-Yogurt-Banana-Dental%2Fproduct-reviews%2FB00HHIM4LG%2Fref%3Dcm_cr_arp_d_vote_lft%3Fie%3DUTF8%26csrfT%3DhGNLns%252FnggL%252BzK1kfQDhU8OZYjlGIdNjcf561rjxHOUhAAAAAGXT8iAAAAAB%26reviewId%3DR28OMCKXA4SUD3&openid.identity=http%3A%2F%2Fspecs.openid.net%2Fauth%2F2.0%2Fidentifier_select&openid.assoc_handle=usflex&openid.mode=checkid_setup&marketPlaceId=ATVPDKIKX0DER&language=en&openid.claimed_id=http%3A%2F%2Fspecs.openid.net%2Fauth%2F2.0%2Fidentifier_select&openid.ns=http%3A%2F%2Fspecs.openid.net%2Fauth%2F2.0","Helpful","Showing  comments","https://www.amazon.com/hz/reviews-render/report-review?ie=UTF8&ref=cm_cr_arp_d_rvw_hlp&csrfT=hGNLns%2FnggL%2BzK1kfQDhU8OZYjlGIdNjcf561rjxHOUhAAAAAGXT8iAAAAAB&reviewId=R28OMCKXA4SUD3","","0","There was a problem loading comments right now. Please try again later.","https://images-na.ssl-images-amazon.com/images/G/01/x-locale/common/grey-pixel.gif"
"https://www.amazon.com/gp/profile/amzn1.account.AHK7A7FKVKIM43TYZLIAO2QGDURQ/ref=cm_cr_arp_d_gw_btm?ie=UTF8","<img src=""https://images-na.ssl-images-amazon.com/images/S/amazon-avatars-global/8ddf9b31-a704-4e28-aeb3-a028c929711e._CR408,0,2448,2448_SX48_.jpg""/>","M. Downey","https://www.amazon.com/gp/customer-reviews/R2QKU5VFMJETDW/ref=cm_cr_arp_d_rvw_ttl?ie=UTF8&ASIN=B00HHIM4LG","4.0 out of 5 stars","Prefer The Vanilla Mint But My Dog Likes Both Flavors","Reviewed in the United States on April 24, 2018","https://www.amazon.com/gp/help/customer/display.html/ref=cm_cr_dp_d_rvw_avp?nodeId=G75XTB7MBMBTXP6W","Verified Purchase","I'm updating my review from 2 to 4 stars.  It appears I might have been too hasty in blaming the vomiting mentioned in my original review on the Twistix.  I waited a couple weeks and gave it another try.  She's been eating them all week (one at bed time) without any issues.  I prefer the smell (and her breath) after eating the vanilla mint, but as far as the dog is concerned, she eats both flavors with equal enthusiasm.Original Review...............My dog loves Twistix but twice now, she's thrown up a couple hours after having one at bed time.  We normally give her the vanilla mint version which she's eaten for over a year without any issues.  For some reason, the yogurt banana version doesn't agree with her system.  She weighs 50 lbs and gets only small one at bedtime, so I'm not sure what this issue is with this flavor.  We aren't doing anything differently other than having switched flavors.","One person found this helpful","https://www.amazon.com/ap/signin?openid.return_to=https%3A%2F%2Fwww.amazon.com%2FTwistix-5-5-Ounce-Yogurt-Banana-Dental%2Fproduct-reviews%2FB00HHIM4LG%2Fref%3Dcm_cr_arp_d_vote_lft%3Fie%3DUTF8%26csrfT%3DhPnhdplOLc3FVEf6h7lNx09U53UNjqZUbQE2sVnNcW9vAAAAAGXT8iAAAAAB%26reviewId%3DR2QKU5VFMJETDW&openid.identity=http%3A%2F%2Fspecs.openid.net%2Fauth%2F2.0%2Fidentifier_select&openid.assoc_handle=usflex&openid.mode=checkid_setup&marketPlaceId=ATVPDKIKX0DER&language=en&openid.claimed_id=http%3A%2F%2Fspecs.openid.net%2Fauth%2F2.0%2Fidentifier_select&openid.ns=http%3A%2F%2Fspecs.openid.net%2Fauth%2F2.0","Helpful","Report","https://www.amazon.com/hz/reviews-render/report-review?ie=UTF8&ref=cm_cr_arp_d_rvw_hlp&csrfT=hPnhdplOLc3FVEf6h7lNx09U53UNjqZUbQE2sVnNcW9vAAAAAGXT8iAAAAAB&reviewId=R2QKU5VFMJETDW","Showing  comments","0","There was a problem loading comments right now. Please try again later.","https://images-na.ssl-images-amazon.com/images/G/01/x-locale/common/grey-pixel.gif"
"https://www.amazon.com/gp/profile/amzn1.account.AF4BW6E7WXZ54MKHG3MK53ETUFLA/ref=cm_cr_arp_d_gw_btm?ie=UTF8","<img src=""https://images-na.ssl-images-amazon.com/images/S/amazon-avatars-global/3304dea0-0fdd-4ed9-a8f9-ccb49aa7b239._CR83,0,333,333_SX48_.jpg""/>","Louise E Stevens","https://www.amazon.com/gp/customer-reviews/RO2W02JX4I5TL/ref=cm_cr_arp_d_rvw_ttl?ie=UTF8&ASIN=B00HHIM4LG","5.0 out of 5 stars","Made in America","Reviewed in the United States on March 5, 2018","https://www.amazon.com/gp/help/customer/display.html/ref=cm_cr_dp_d_rvw_avp?nodeId=G75XTB7MBMBTXP6W","Verified Purchase","My dogs love these. Great price. Made in America. Not too hard not too soft. does a great job on bad breath!","Report","https://www.amazon.com/ap/signin?openid.return_to=https%3A%2F%2Fwww.amazon.com%2FTwistix-5-5-Ounce-Yogurt-Banana-Dental%2Fproduct-reviews%2FB00HHIM4LG%2Fref%3Dcm_cr_arp_d_vote_lft%3Fie%3DUTF8%26csrfT%3DhH4gIrzSBcHmLHDFWZEku8n6GDJP0uoq15HzYbx7A2ljAAAAAGXT8iAAAAAB%26reviewId%3DRO2W02JX4I5TL&openid.identity=http%3A%2F%2Fspecs.openid.net%2Fauth%2F2.0%2Fidentifier_select&openid.assoc_handle=usflex&openid.mode=checkid_setup&marketPlaceId=ATVPDKIKX0DER&language=en&openid.claimed_id=http%3A%2F%2Fspecs.openid.net%2Fauth%2F2.0%2Fidentifier_select&openid.ns=http%3A%2F%2Fspecs.openid.net%2Fauth%2F2.0","Helpful","Showing  comments","https://www.amazon.com/hz/reviews-render/report-review?ie=UTF8&ref=cm_cr_arp_d_rvw_hlp&csrfT=hH4gIrzSBcHmLHDFWZEku8n6GDJP0uoq15HzYbx7A2ljAAAAAGXT8iAAAAAB&reviewId=RO2W02JX4I5TL","","0","There was a problem loading comments right now. Please try again later.","https://images-na.ssl-images-amazon.com/images/G/01/x-locale/common/grey-pixel.gif"
"https://www.amazon.com/gp/profile/amzn1.account.AER3BSN6WVJRZHFTNPU6DX6WMKAQ/ref=cm_cr_arp_d_gw_btm?ie=UTF8","<img src=""https://images-na.ssl-images-amazon.com/images/S/amazon-avatars-global/default._CR0,0,1024,1024_SX48_.png""/>","AZDesertDrazil","https://www.amazon.com/gp/customer-reviews/R13Q4ZXRK9ALQR/ref=cm_cr_arp_d_rvw_ttl?ie=UTF8&ASIN=B00HHIM4LG","3.0 out of 5 stars","DEFART YOUR DOGS!!","Reviewed in the United States on April 30, 2017","https://www.amazon.com/gp/help/customer/display.html/ref=cm_cr_dp_d_rvw_avp?nodeId=G75XTB7MBMBTXP6W","Verified Purchase","My 80lb+ dogs get a  tablespoon of plain, low/fat free yogurt daily in their dinners...and, as a result, DO NOT FART!!!!I don't think there's either enough yogurt in these to have the same result...and store yogurt is sure less costly!But they sure did like chewing your treats!","Report","https://www.amazon.com/ap/signin?openid.return_to=https%3A%2F%2Fwww.amazon.com%2FTwistix-5-5-Ounce-Yogurt-Banana-Dental%2Fproduct-reviews%2FB00HHIM4LG%2Fref%3Dcm_cr_arp_d_vote_lft%3Fie%3DUTF8%26csrfT%3DhEu%252FYCpqAOofsOq%252F2v%252F%252BMCaO6Du0DGrVUpYhJN9OTgoNAAAAAGXT8iAAAAAB%26reviewId%3DR13Q4ZXRK9ALQR&openid.identity=http%3A%2F%2Fspecs.openid.net%2Fauth%2F2.0%2Fidentifier_select&openid.assoc_handle=usflex&openid.mode=checkid_setup&marketPlaceId=ATVPDKIKX0DER&language=en&openid.claimed_id=http%3A%2F%2Fspecs.openid.net%2Fauth%2F2.0%2Fidentifier_select&openid.ns=http%3A%2F%2Fspecs.openid.net%2Fauth%2F2.0","Helpful","Showing  comments","https://www.amazon.com/hz/reviews-render/report-review?ie=UTF8&ref=cm_cr_arp_d_rvw_hlp&csrfT=hEu%2FYCpqAOofsOq%2F2v%2F%2BMCaO6Du0DGrVUpYhJN9OTgoNAAAAAGXT8iAAAAAB&reviewId=R13Q4ZXRK9ALQR","","0","There was a problem loading comments right now. Please try again later.","https://images-na.ssl-images-amazon.com/images/G/01/x-locale/common/grey-pixel.gif"
"https://www.amazon.com/gp/profile/amzn1.account.AEVEN3JETFFT4G2N6X7ZVKYE445A/ref=cm_cr_arp_d_gw_btm?ie=UTF8","<img src=""https://images-na.ssl-images-amazon.com/images/S/amazon-avatars-global/default._CR0,0,1024,1024_SX48_.png""/>","Joaniet","https://www.amazon.com/gp/customer-reviews/R1T60VWWTDYBT0/ref=cm_cr_arp_d_rvw_ttl?ie=UTF8&ASIN=B00HHIM4LG","5.0 out of 5 stars","Dogs approve","Reviewed in the United States on October 25, 2019","https://www.amazon.com/gp/help/customer/display.html/ref=cm_cr_dp_d_rvw_avp?nodeId=G75XTB7MBMBTXP6W","Verified Purchase","First of all they smell great! My dogs love these and the price is great","Report","https://www.amazon.com/ap/signin?openid.return_to=https%3A%2F%2Fwww.amazon.com%2FTwistix-5-5-Ounce-Yogurt-Banana-Dental%2Fproduct-reviews%2FB00HHIM4LG%2Fref%3Dcm_cr_arp_d_vote_lft%3Fie%3DUTF8%26csrfT%3DhHDGEX6aqh0%252B%252F8kXRSljAiUBesL1lwQXv1XOLQwSRzyGAAAAAGXT8iAAAAAB%26reviewId%3DR1T60VWWTDYBT0&openid.identity=http%3A%2F%2Fspecs.openid.net%2Fauth%2F2.0%2Fidentifier_select&openid.assoc_handle=usflex&openid.mode=checkid_setup&marketPlaceId=ATVPDKIKX0DER&language=en&openid.claimed_id=http%3A%2F%2Fspecs.openid.net%2Fauth%2F2.0%2Fidentifier_select&openid.ns=http%3A%2F%2Fspecs.openid.net%2Fauth%2F2.0","Helpful","Showing  comments","https://www.amazon.com/hz/reviews-render/report-review?ie=UTF8&ref=cm_cr_arp_d_rvw_hlp&csrfT=hHDGEX6aqh0%2B%2F8kXRSljAiUBesL1lwQXv1XOLQwSRzyGAAAAAGXT8iAAAAAB&reviewId=R1T60VWWTDYBT0","","0","There was a problem loading comments right now. Please try again later.","https://images-na.ssl-images-amazon.com/images/G/01/x-locale/common/grey-pixel.gif"
"https://www.amazon.com/gp/profile/amzn1.account.AF6YBOFHGJGMXTBCA6A7JIQP6NDA/ref=cm_cr_arp_d_gw_btm?ie=UTF8","<img src=""https://images-na.ssl-images-amazon.com/images/S/amazon-avatars-global/default._CR0,0,1024,1024_SX48_.png""/>","L HARRIS","https://www.amazon.com/gp/customer-reviews/R3VDPBEIXHOEY9/ref=cm_cr_arp_d_rvw_ttl?ie=UTF8&ASIN=B00HHIM4LG","5.0 out of 5 stars","HOW MY DOG LIKES THEM","Reviewed in the United States on June 28, 2021","https://www.amazon.com/gp/help/customer/display.html/ref=cm_cr_dp_d_rvw_avp?nodeId=G75XTB7MBMBTXP6W","Verified Purchase","MY DOG LOVES THESE!I LOVE THE SIMPLE NO MEAT INGREDIENTS!!","Report","https://www.amazon.com/ap/signin?openid.return_to=https%3A%2F%2Fwww.amazon.com%2FTwistix-5-5-Ounce-Yogurt-Banana-Dental%2Fproduct-reviews%2FB00HHIM4LG%2Fref%3Dcm_cr_arp_d_vote_lft%3Fie%3DUTF8%26csrfT%3DhMFjm%252BttqEUlqSDgJcdVJBTjcGv9mPZISUeNUDcnQRx1AAAAAGXT8iAAAAAB%26reviewId%3DR3VDPBEIXHOEY9&openid.identity=http%3A%2F%2Fspecs.openid.net%2Fauth%2F2.0%2Fidentifier_select&openid.assoc_handle=usflex&openid.mode=checkid_setup&marketPlaceId=ATVPDKIKX0DER&language=en&openid.claimed_id=http%3A%2F%2Fspecs.openid.net%2Fauth%2F2.0%2Fidentifier_select&openid.ns=http%3A%2F%2Fspecs.openid.net%2Fauth%2F2.0","Helpful","Showing  comments","https://www.amazon.com/hz/reviews-render/report-review?ie=UTF8&ref=cm_cr_arp_d_rvw_hlp&csrfT=hMFjm%2BttqEUlqSDgJcdVJBTjcGv9mPZISUeNUDcnQRx1AAAAAGXT8iAAAAAB&reviewId=R3VDPBEIXHOEY9","","0","There was a problem loading comments right now. Please try again later.","https://images-na.ssl-images-amazon.com/images/G/01/x-locale/common/grey-pixel.gif"
"https://www.amazon.com/gp/profile/amzn1.account.AHKCY6TQ4PBNZ6I5U4HA7VO33YEQ/ref=cm_cr_arp_d_gw_btm?ie=UTF8","<img src=""https://images-na.ssl-images-amazon.com/images/S/amazon-avatars-global/default._CR0,0,1024,1024_SX48_.png""/>","Julia M. Wilson","https://www.amazon.com/gp/customer-reviews/R3AA0X5B00TJPZ/ref=cm_cr_arp_d_rvw_ttl?ie=UTF8&ASIN=B00HHIM4LG","5.0 out of 5 stars","She LOVES these treats and they make her breath smell better. I like to give her one when I ...","Reviewed in the United States on October 20, 2014","https://www.amazon.com/gp/help/customer/display.html/ref=cm_cr_dp_d_rvw_avp?nodeId=G75XTB7MBMBTXP6W","Verified Purchase","My dog is a 10 pound shih tzu. She LOVES these treats and they make her breath smell better. I like to give her one when I want her to be distracted/leave me alone for a little bit. When she gets one of these she's completely consumed by eating the Twistix for a solid 10 minutes. It's a great treat that I like to have on hand.I've also tried the peanut butter and carob flavor and these definitely smell better.","Report","https://www.amazon.com/ap/signin?openid.return_to=https%3A%2F%2Fwww.amazon.com%2FTwistix-5-5-Ounce-Yogurt-Banana-Dental%2Fproduct-reviews%2FB00HHIM4LG%2Fref%3Dcm_cr_arp_d_vote_lft%3Fie%3DUTF8%26csrfT%3DhEDcJjxzybPJOlxDjEvuXYj3BsrIZdBEVzDnUqMKqE1dAAAAAGXT8iAAAAAB%26reviewId%3DR3AA0X5B00TJPZ&openid.identity=http%3A%2F%2Fspecs.openid.net%2Fauth%2F2.0%2Fidentifier_select&openid.assoc_handle=usflex&openid.mode=checkid_setup&marketPlaceId=ATVPDKIKX0DER&language=en&openid.claimed_id=http%3A%2F%2Fspecs.openid.net%2Fauth%2F2.0%2Fidentifier_select&openid.ns=http%3A%2F%2Fspecs.openid.net%2Fauth%2F2.0","Helpful","Showing  comments","https://www.amazon.com/hz/reviews-render/report-review?ie=UTF8&ref=cm_cr_arp_d_rvw_hlp&csrfT=hEDcJjxzybPJOlxDjEvuXYj3BsrIZdBEVzDnUqMKqE1dAAAAAGXT8iAAAAAB&reviewId=R3AA0X5B00TJPZ","","0","There was a problem loading comments right now. Please try again later.","https://images-na.ssl-images-amazon.com/images/G/01/x-locale/common/grey-pixel.gif"
"https://www.amazon.com/gp/profile/amzn1.account.AE2EREEIS5UXZWOOJEW3JHDBISPQ/ref=cm_cr_getr_d_gw_btm?ie=UTF8","<img src=""https://images-na.ssl-images-amazon.com/images/S/amazon-avatars-global/default._CR0,0,1024,1024_SX48_.png""/>","Sharon","https://www.amazon.com/gp/customer-reviews/R1ARM8FNFRAVGJ/ref=cm_cr_getr_d_rvw_ttl?ie=UTF8&ASIN=B00HHIM4LG","1.0 out of 5 stars","SMALL CHEW STICKS CHOKING HAZARD","Reviewed in the United States on April 23, 2020","https://www.amazon.com/gp/help/customer/display.html/ref=cm_cr_dp_d_rvw_avp?nodeId=G75XTB7MBMBTXP6W","Verified Purchase","My dog loves the vanilla mint, and my daughter‚Äôs dogs. One is 10 lb dog, other is 100 lb dog. They both hate this banana flavor. Also the size is too small and hard for both these dogs to enjoy. The pieces are too short which can cause choking. My small dog has been eating the larger vanilla twistex for 8 years. The larger longer ones work fine. A few weeks ago he got the smaller one stuck in his throat. This is only tome this has happened because we usually get longer ones. So be careful ordering small size. We only get larger size now. Then when it gets too small my dog leaves it walk away.  We throw away the remainder. Order the large ones even for small breeds!","2 people found this helpful","https://www.amazon.com/ap/signin?openid.return_to=https%3A%2F%2Fwww.amazon.com%2FTwistix-5-5-Ounce-Yogurt-Banana-Dental%2Fproduct-reviews%2FB00HHIM4LG%2Fref%3Dcm_cr_getr_d_vote_lft%3Fie%3DUTF8%26pageSize%3D10%26csrfT%3DhIrO27BliOTj%252B26llYNyOa5t8bRd5PWZUxkWiis13Dn8AAAAAGXT8iYAAAAB%26reviewId%3DR1ARM8FNFRAVGJ&openid.identity=http%3A%2F%2Fspecs.openid.net%2Fauth%2F2.0%2Fidentifier_select&openid.assoc_handle=usflex&openid.mode=checkid_setup&marketPlaceId=ATVPDKIKX0DER&language=en&openid.claimed_id=http%3A%2F%2Fspecs.openid.net%2Fauth%2F2.0%2Fidentifier_select&openid.ns=http%3A%2F%2Fspecs.openid.net%2Fauth%2F2.0","Helpful","Report","https://www.amazon.com/hz/reviews-render/report-review?ie=UTF8&ref=cm_cr_getr_d_rvw_hlp&csrfT=hIrO27BliOTj%2B26llYNyOa5t8bRd5PWZUxkWiis13Dn8AAAAAGXT8iYAAAAB&reviewId=R1ARM8FNFRAVGJ","Showing  comments","0","There was a problem loading comments right now. Please try again later.",""
"https://www.amazon.com/gp/profile/amzn1.account.AFLUT5V33X266X7653GK3P6GXIMQ/ref=cm_cr_getr_d_gw_btm?ie=UTF8","<img src=""https://images-na.ssl-images-amazon.com/images/S/amazon-avatars-global/default._CR0,0,1024,1024_SX48_.png""/>","Maria","https://www.amazon.com/gp/customer-reviews/R19S330ZYFTF7P/ref=cm_cr_getr_d_rvw_ttl?ie=UTF8&ASIN=B00HHIM4LG","5.0 out of 5 stars","Dog loves it","Reviewed in the United States on June 14, 2018","https://www.amazon.com/gp/help/customer/display.html/ref=cm_cr_dp_d_rvw_avp?nodeId=G75XTB7MBMBTXP6W","Verified Purchase","My dog loves these and the ingredients are quite good if you look at other dental chews. I prefer the minis as it impossible to break these into smaller pieces and I like to give them after each meal.","Report","https://www.amazon.com/ap/signin?openid.return_to=https%3A%2F%2Fwww.amazon.com%2FTwistix-5-5-Ounce-Yogurt-Banana-Dental%2Fproduct-reviews%2FB00HHIM4LG%2Fref%3Dcm_cr_getr_d_vote_lft%3Fie%3DUTF8%26pageSize%3D10%26csrfT%3DhMx6w4pz9ckYau%252FMtMWrFtAv7i1fW7ovxKtYNwm8woODAAAAAGXT8iYAAAAB%26reviewId%3DR19S330ZYFTF7P&openid.identity=http%3A%2F%2Fspecs.openid.net%2Fauth%2F2.0%2Fidentifier_select&openid.assoc_handle=usflex&openid.mode=checkid_setup&marketPlaceId=ATVPDKIKX0DER&language=en&openid.claimed_id=http%3A%2F%2Fspecs.openid.net%2Fauth%2F2.0%2Fidentifier_select&openid.ns=http%3A%2F%2Fspecs.openid.net%2Fauth%2F2.0","Helpful","Showing  comments","https://www.amazon.com/hz/reviews-render/report-review?ie=UTF8&ref=cm_cr_getr_d_rvw_hlp&csrfT=hMx6w4pz9ckYau%2FMtMWrFtAv7i1fW7ovxKtYNwm8woODAAAAAGXT8iYAAAAB&reviewId=R19S330ZYFTF7P","","0","There was a problem loading comments right now. Please try again later.",""
"https://www.amazon.com/gp/profile/amzn1.account.AGQ5OFNKDXI3464IBV2UUKYT4W3Q/ref=cm_cr_getr_d_gw_btm?ie=UTF8","<img src=""https://images-na.ssl-images-amazon.com/images/S/amazon-avatars-global/default._CR0,0,1024,1024_SX48_.png""/>","Jenny Crusie","https://www.amazon.com/gp/customer-reviews/R3865NDG80XEOC/ref=cm_cr_getr_d_rvw_ttl?ie=UTF8&ASIN=B00HHIM4LG","3.0 out of 5 stars","Two out of Three","Reviewed in the United States on May 23, 2017","https://www.amazon.com/gp/help/customer/display.html/ref=cm_cr_dp_d_rvw_avp?nodeId=G75XTB7MBMBTXP6W","Verified Purchase","Two out of three dogs happily chowed down on these.  The third looked at me like I was insane for offering this to her.  I need 100% for treats, so that's it for us, but the other two really seemed to like them.","Report","https://www.amazon.com/ap/signin?openid.return_to=https%3A%2F%2Fwww.amazon.com%2FTwistix-5-5-Ounce-Yogurt-Banana-Dental%2Fproduct-reviews%2FB00HHIM4LG%2Fref%3Dcm_cr_getr_d_vote_lft%3Fie%3DUTF8%26pageSize%3D10%26csrfT%3DhHUR3FCHAeU72G6m0%252Bmseu7r%252BWPvLKQEYwtZOj975n64AAAAAGXT8iYAAAAB%26reviewId%3DR3865NDG80XEOC&openid.identity=http%3A%2F%2Fspecs.openid.net%2Fauth%2F2.0%2Fidentifier_select&openid.assoc_handle=usflex&openid.mode=checkid_setup&marketPlaceId=ATVPDKIKX0DER&language=en&openid.claimed_id=http%3A%2F%2Fspecs.openid.net%2Fauth%2F2.0%2Fidentifier_select&openid.ns=http%3A%2F%2Fspecs.openid.net%2Fauth%2F2.0","Helpful","Showing  comments","https://www.amazon.com/hz/reviews-render/report-review?ie=UTF8&ref=cm_cr_getr_d_rvw_hlp&csrfT=hHUR3FCHAeU72G6m0%2Bmseu7r%2BWPvLKQEYwtZOj975n64AAAAAGXT8iYAAAAB&reviewId=R3865NDG80XEOC","","0","There was a problem loading comments right now. Please try again later.",""
"https://www.amazon.com/gp/profile/amzn1.account.AEINESZ3JHEJS3ZTWCAFQPJXOGFQ/ref=cm_cr_getr_d_gw_btm?ie=UTF8","<img src=""https://images-na.ssl-images-amazon.com/images/S/amazon-avatars-global/default._CR0,0,1024,1024_SX48_.png""/>","Presents Shopper","https://www.amazon.com/gp/customer-reviews/R24D8U43YRGQB6/ref=cm_cr_getr_d_rvw_ttl?ie=UTF8&ASIN=B00HHIM4LG","5.0 out of 5 stars","My Dog Loves THEM.","Reviewed in the United States on July 30, 2015","https://www.amazon.com/gp/help/customer/display.html/ref=cm_cr_dp_d_rvw_avp?nodeId=G75XTB7MBMBTXP6W","Verified Purchase","I love Twistix and only buy the Yogurt & Banana or the Mint, both of which have the ""Made in USA"" label on them.  I usually only give my 45 lb dog half a stick and I found these little mini ones - same price, same weight.  She loves it so I do to.","Report","https://www.amazon.com/ap/signin?openid.return_to=https%3A%2F%2Fwww.amazon.com%2FTwistix-5-5-Ounce-Yogurt-Banana-Dental%2Fproduct-reviews%2FB00HHIM4LG%2Fref%3Dcm_cr_getr_d_vote_lft%3Fie%3DUTF8%26pageSize%3D10%26csrfT%3DhNxnopKCRrN2jyfCsOkn7lnCEhj5G4AROy7gR0DlVh1yAAAAAGXT8iYAAAAB%26reviewId%3DR24D8U43YRGQB6&openid.identity=http%3A%2F%2Fspecs.openid.net%2Fauth%2F2.0%2Fidentifier_select&openid.assoc_handle=usflex&openid.mode=checkid_setup&marketPlaceId=ATVPDKIKX0DER&language=en&openid.claimed_id=http%3A%2F%2Fspecs.openid.net%2Fauth%2F2.0%2Fidentifier_select&openid.ns=http%3A%2F%2Fspecs.openid.net%2Fauth%2F2.0","Helpful","Showing  comments","https://www.amazon.com/hz/reviews-render/report-review?ie=UTF8&ref=cm_cr_getr_d_rvw_hlp&csrfT=hNxnopKCRrN2jyfCsOkn7lnCEhj5G4AROy7gR0DlVh1yAAAAAGXT8iYAAAAB&reviewId=R24D8U43YRGQB6","","0","There was a problem loading comments right now. Please try again later.",""
"https://www.amazon.com/gp/profile/amzn1.account.AFMA2R2ZN5AP6DAY4HMLIAELZB5Q/ref=cm_cr_getr_d_gw_btm?ie=UTF8","<img src=""https://images-na.ssl-images-amazon.com/images/S/amazon-avatars-global/default._CR0,0,1024,1024_SX48_.png""/>","wb","https://www.amazon.com/gp/customer-reviews/R1KZI0JQIR179S/ref=cm_cr_getr_d_rvw_ttl?ie=UTF8&ASIN=B00HHIM4LG","5.0 out of 5 stars","Dogs love em","Reviewed in the United States on April 11, 2020","https://www.amazon.com/gp/help/customer/display.html/ref=cm_cr_dp_d_rvw_avp?nodeId=G75XTB7MBMBTXP6W","Verified Purchase","Of course these are for my dog, he loves them; a bit better than dentastix.","Report","https://www.amazon.com/ap/signin?openid.return_to=https%3A%2F%2Fwww.amazon.com%2FTwistix-5-5-Ounce-Yogurt-Banana-Dental%2Fproduct-reviews%2FB00HHIM4LG%2Fref%3Dcm_cr_getr_d_vote_lft%3Fie%3DUTF8%26pageSize%3D10%26csrfT%3DhJTsPKk%252B3eMAqdMbJol64f9soVytH%252Bz8ZKpxn7OOxs%252FFAAAAAGXT8iYAAAAB%26reviewId%3DR1KZI0JQIR179S&openid.identity=http%3A%2F%2Fspecs.openid.net%2Fauth%2F2.0%2Fidentifier_select&openid.assoc_handle=usflex&openid.mode=checkid_setup&marketPlaceId=ATVPDKIKX0DER&language=en&openid.claimed_id=http%3A%2F%2Fspecs.openid.net%2Fauth%2F2.0%2Fidentifier_select&openid.ns=http%3A%2F%2Fspecs.openid.net%2Fauth%2F2.0","Helpful","Showing  comments","https://www.amazon.com/hz/reviews-render/report-review?ie=UTF8&ref=cm_cr_getr_d_rvw_hlp&csrfT=hJTsPKk%2B3eMAqdMbJol64f9soVytH%2Bz8ZKpxn7OOxs%2FFAAAAAGXT8iYAAAAB&reviewId=R1KZI0JQIR179S","","0","There was a problem loading comments right now. Please try again later.",""
"https://www.amazon.com/gp/profile/amzn1.account.AGH7MXN2WPIPTYQS33HZPIPXHJRQ/ref=cm_cr_getr_d_gw_btm?ie=UTF8","<img src=""https://images-na.ssl-images-amazon.com/images/S/amazon-avatars-global/default._CR0,0,1024,1024_SX48_.png""/>","Janet","https://www.amazon.com/gp/customer-reviews/R3IPM9V8W0BVW0/ref=cm_cr_getr_d_rvw_ttl?ie=UTF8&ASIN=B00HHIM4LG","5.0 out of 5 stars","Best treat","Reviewed in the United States on February 27, 2021","https://www.amazon.com/gp/help/customer/display.html/ref=cm_cr_dp_d_rvw_avp?nodeId=G75XTB7MBMBTXP6W","Verified Purchase","My dog loves them!","Report","https://www.amazon.com/ap/signin?openid.return_to=https%3A%2F%2Fwww.amazon.com%2FTwistix-5-5-Ounce-Yogurt-Banana-Dental%2Fproduct-reviews%2FB00HHIM4LG%2Fref%3Dcm_cr_getr_d_vote_lft%3Fie%3DUTF8%26pageSize%3D10%26csrfT%3DhCxMZMT3Tmzriui%252BrYaVC1HQJHL5MqX2Yvr5%252FCEJ10jqAAAAAGXT8iYAAAAB%26reviewId%3DR3IPM9V8W0BVW0&openid.identity=http%3A%2F%2Fspecs.openid.net%2Fauth%2F2.0%2Fidentifier_select&openid.assoc_handle=usflex&openid.mode=checkid_setup&marketPlaceId=ATVPDKIKX0DER&language=en&openid.claimed_id=http%3A%2F%2Fspecs.openid.net%2Fauth%2F2.0%2Fidentifier_select&openid.ns=http%3A%2F%2Fspecs.openid.net%2Fauth%2F2.0","Helpful","Showing  comments","https://www.amazon.com/hz/reviews-render/report-review?ie=UTF8&ref=cm_cr_getr_d_rvw_hlp&csrfT=hCxMZMT3Tmzriui%2BrYaVC1HQJHL5MqX2Yvr5%2FCEJ10jqAAAAAGXT8iYAAAAB&reviewId=R3IPM9V8W0BVW0","","0","There was a problem loading comments right now. Please try again later.","https://images-na.ssl-images-amazon.com/images/G/01/x-locale/common/grey-pixel.gif"
"https://www.amazon.com/gp/profile/amzn1.account.AHSVLMWAEKZKCBZXTIQXOSLRE27A/ref=cm_cr_getr_d_gw_btm?ie=UTF8","<img src=""https://images-na.ssl-images-amazon.com/images/S/amazon-avatars-global/default._CR0,0,1024,1024_SX48_.png""/>","Rita L. Collins","https://www.amazon.com/gp/customer-reviews/R6Z5RILAF23B3/ref=cm_cr_getr_d_rvw_ttl?ie=UTF8&ASIN=B00HHIM4LG","5.0 out of 5 stars","Flavor Swap a Hit","Reviewed in the United States on June 15, 2019","https://www.amazon.com/gp/help/customer/display.html/ref=cm_cr_dp_d_rvw_avp?nodeId=G75XTB7MBMBTXP6W","Verified Purchase","Loved the smell, was nice to open to get one for my pup!! He loved the different flavor for a change!!","Report","https://www.amazon.com/ap/signin?openid.return_to=https%3A%2F%2Fwww.amazon.com%2FTwistix-5-5-Ounce-Yogurt-Banana-Dental%2Fproduct-reviews%2FB00HHIM4LG%2Fref%3Dcm_cr_getr_d_vote_lft%3Fie%3DUTF8%26pageSize%3D10%26csrfT%3DhGwFNdv3Qu1DqO6MqW3PE0SyhpA5MG3tNamRxXlm%252FZT2AAAAAGXT8iYAAAAB%26reviewId%3DR6Z5RILAF23B3&openid.identity=http%3A%2F%2Fspecs.openid.net%2Fauth%2F2.0%2Fidentifier_select&openid.assoc_handle=usflex&openid.mode=checkid_setup&marketPlaceId=ATVPDKIKX0DER&language=en&openid.claimed_id=http%3A%2F%2Fspecs.openid.net%2Fauth%2F2.0%2Fidentifier_select&openid.ns=http%3A%2F%2Fspecs.openid.net%2Fauth%2F2.0","Helpful","Showing  comments","https://www.amazon.com/hz/reviews-render/report-review?ie=UTF8&ref=cm_cr_getr_d_rvw_hlp&csrfT=hGwFNdv3Qu1DqO6MqW3PE0SyhpA5MG3tNamRxXlm%2FZT2AAAAAGXT8iYAAAAB&reviewId=R6Z5RILAF23B3","","0","There was a problem loading comments right now. Please try again later.","https://images-na.ssl-images-amazon.com/images/G/01/x-locale/common/grey-pixel.gif"
"https://www.amazon.com/gp/profile/amzn1.account.AHO2446AYU7JRQYWVOWPIPCJSHLA/ref=cm_cr_getr_d_gw_btm?ie=UTF8","<img src=""https://images-na.ssl-images-amazon.com/images/S/amazon-avatars-global/default._CR0,0,1024,1024_SX48_.png""/>","R. L.","https://www.amazon.com/gp/customer-reviews/R227E8D854IAHV/ref=cm_cr_getr_d_rvw_ttl?ie=UTF8&ASIN=B00HHIM4LG","4.0 out of 5 stars","Four Stars","Reviewed in the United States on September 15, 2017","https://www.amazon.com/gp/help/customer/display.html/ref=cm_cr_dp_d_rvw_avp?nodeId=G75XTB7MBMBTXP6W","Verified Purchase","Gave to the dog and he takes and hides so no one can bother him","Report","https://www.amazon.com/ap/signin?openid.return_to=https%3A%2F%2Fwww.amazon.com%2FTwistix-5-5-Ounce-Yogurt-Banana-Dental%2Fproduct-reviews%2FB00HHIM4LG%2Fref%3Dcm_cr_getr_d_vote_lft%3Fie%3DUTF8%26pageSize%3D10%26csrfT%3DhKW4IdVj4dixGzyA417b2TO8e5DMku7Sci9l%252FkYKhgfoAAAAAGXT8iYAAAAB%26reviewId%3DR227E8D854IAHV&openid.identity=http%3A%2F%2Fspecs.openid.net%2Fauth%2F2.0%2Fidentifier_select&openid.assoc_handle=usflex&openid.mode=checkid_setup&marketPlaceId=ATVPDKIKX0DER&language=en&openid.claimed_id=http%3A%2F%2Fspecs.openid.net%2Fauth%2F2.0%2Fidentifier_select&openid.ns=http%3A%2F%2Fspecs.openid.net%2Fauth%2F2.0","Helpful","Showing  comments","https://www.amazon.com/hz/reviews-render/report-review?ie=UTF8&ref=cm_cr_getr_d_rvw_hlp&csrfT=hKW4IdVj4dixGzyA417b2TO8e5DMku7Sci9l%2FkYKhgfoAAAAAGXT8iYAAAAB&reviewId=R227E8D854IAHV","","0","There was a problem loading comments right now. Please try again later.","https://images-na.ssl-images-amazon.com/images/G/01/x-locale/common/grey-pixel.gif"
"https://www.amazon.com/gp/profile/amzn1.account.AEMAYFCTIYALBM3ZUQZX3XSMLPLA/ref=cm_cr_getr_d_gw_btm?ie=UTF8","<img src=""https://images-na.ssl-images-amazon.com/images/S/amazon-avatars-global/default._CR0,0,1024,1024_SX48_.png""/>","Kindle Customer","https://www.amazon.com/gp/customer-reviews/RIAZ0PVE7APGI/ref=cm_cr_getr_d_rvw_ttl?ie=UTF8&ASIN=B00HHIM4LG","5.0 out of 5 stars","Dog dental chew","Reviewed in the United States on February 26, 2018","https://www.amazon.com/gp/help/customer/display.html/ref=cm_cr_dp_d_rvw_avp?nodeId=G75XTB7MBMBTXP6W","Verified Purchase","Really like these dental dog chews. Have two small üêï dogs and I like that they really have to chew them, they come in different flavors also.","Report","https://www.amazon.com/ap/signin?openid.return_to=https%3A%2F%2Fwww.amazon.com%2FTwistix-5-5-Ounce-Yogurt-Banana-Dental%2Fproduct-reviews%2FB00HHIM4LG%2Fref%3Dcm_cr_getr_d_vote_lft%3Fie%3DUTF8%26pageSize%3D10%26csrfT%3DhL30WwDxBk65HSV7SRaujhYtWSBcslbCltyFNKUkHPafAAAAAGXT8iYAAAAB%26reviewId%3DRIAZ0PVE7APGI&openid.identity=http%3A%2F%2Fspecs.openid.net%2Fauth%2F2.0%2Fidentifier_select&openid.assoc_handle=usflex&openid.mode=checkid_setup&marketPlaceId=ATVPDKIKX0DER&language=en&openid.claimed_id=http%3A%2F%2Fspecs.openid.net%2Fauth%2F2.0%2Fidentifier_select&openid.ns=http%3A%2F%2Fspecs.openid.net%2Fauth%2F2.0","Helpful","Showing  comments","https://www.amazon.com/hz/reviews-render/report-review?ie=UTF8&ref=cm_cr_getr_d_rvw_hlp&csrfT=hL30WwDxBk65HSV7SRaujhYtWSBcslbCltyFNKUkHPafAAAAAGXT8iYAAAAB&reviewId=RIAZ0PVE7APGI","","0","There was a problem loading comments right now. Please try again later.","https://images-na.ssl-images-amazon.com/images/G/01/x-locale/common/grey-pixel.gif"
"https://www.amazon.com/gp/profile/amzn1.account.AGTGNHE2F5F4VOIP5JB3UPTKTE7Q/ref=cm_cr_getr_d_gw_btm?ie=UTF8","<img src=""https://images-na.ssl-images-amazon.com/images/S/amazon-avatars/default._CR0,0,1024,1024_SX48_.png""/>","Starman","https://www.amazon.com/gp/customer-reviews/RQJVSG8LO8619/ref=cm_cr_getr_d_rvw_ttl?ie=UTF8&ASIN=B00HHIM4LG","4.0 out of 5 stars","My dog loike them.","Reviewed in the United States on January 21, 2016","https://www.amazon.com/gp/help/customer/display.html/ref=cm_cr_dp_d_rvw_avp?nodeId=G75XTB7MBMBTXP6W","Verified Purchase","My dog, a mini aussie loves these. And she chews on them. I'm not sure if they clean, but she likes them","Report","https://www.amazon.com/ap/signin?openid.return_to=https%3A%2F%2Fwww.amazon.com%2FTwistix-5-5-Ounce-Yogurt-Banana-Dental%2Fproduct-reviews%2FB00HHIM4LG%2Fref%3Dcm_cr_getr_d_vote_lft%3Fie%3DUTF8%26pageSize%3D10%26csrfT%3DhEV0%252BS5aYHmn52w%252BOluK1sp94%252FuAFsFrQwqfOF7XbD2LAAAAAGXT8iYAAAAB%26reviewId%3DRQJVSG8LO8619&openid.identity=http%3A%2F%2Fspecs.openid.net%2Fauth%2F2.0%2Fidentifier_select&openid.assoc_handle=usflex&openid.mode=checkid_setup&marketPlaceId=ATVPDKIKX0DER&language=en&openid.claimed_id=http%3A%2F%2Fspecs.openid.net%2Fauth%2F2.0%2Fidentifier_select&openid.ns=http%3A%2F%2Fspecs.openid.net%2Fauth%2F2.0","Helpful","Showing  comments","https://www.amazon.com/hz/reviews-render/report-review?ie=UTF8&ref=cm_cr_getr_d_rvw_hlp&csrfT=hEV0%2BS5aYHmn52w%2BOluK1sp94%2FuAFsFrQwqfOF7XbD2LAAAAAGXT8iYAAAAB&reviewId=RQJVSG8LO8619","","0","There was a problem loading comments right now. Please try again later.","https://images-na.ssl-images-amazon.com/images/G/01/x-locale/common/grey-pixel.gif"
"https://www.amazon.com/gp/profile/amzn1.account.AHF7B4PWHZSY23DIMZMXJY6X6MAQ/ref=cm_cr_getr_d_gw_btm?ie=UTF8","<img src=""https://images-na.ssl-images-amazon.com/images/S/amazon-avatars/default._CR0,0,1024,1024_SX48_.png""/>","Marty","https://www.amazon.com/gp/customer-reviews/R2TZCCLVGVHO12/ref=cm_cr_getr_d_rvw_ttl?ie=UTF8&ASIN=B00HHIM4LG","5.0 out of 5 stars","dogs (9 and 6 month old puppies) love it. freshens breath and takes them 10-15 mins ...","Reviewed in the United States on December 16, 2015","https://www.amazon.com/gp/help/customer/display.html/ref=cm_cr_dp_d_rvw_avp?nodeId=G75XTB7MBMBTXP6W","Verified Purchase","dogs (9 and 6 month old puppies) love it. freshens breath and takes them 10-15 mins to get through it. the yogurt banana flavor smells the best, post-chew. we also tried the vanilla mint, which is a close second. overall, we're very pleased with the product.","Report","https://www.amazon.com/ap/signin?openid.return_to=https%3A%2F%2Fwww.amazon.com%2FTwistix-5-5-Ounce-Yogurt-Banana-Dental%2Fproduct-reviews%2FB00HHIM4LG%2Fref%3Dcm_cr_getr_d_vote_lft%3Fie%3DUTF8%26pageSize%3D10%26csrfT%3DhNmOpOvGB45H%252Fu2VWDJA04zaldypOQxr9Qfhg6GkL6GJAAAAAGXT8igAAAAB%26reviewId%3DR2TZCCLVGVHO12&openid.identity=http%3A%2F%2Fspecs.openid.net%2Fauth%2F2.0%2Fidentifier_select&openid.assoc_handle=usflex&openid.mode=checkid_setup&marketPlaceId=ATVPDKIKX0DER&language=en&openid.claimed_id=http%3A%2F%2Fspecs.openid.net%2Fauth%2F2.0%2Fidentifier_select&openid.ns=http%3A%2F%2Fspecs.openid.net%2Fauth%2F2.0","Helpful","Showing  comments","https://www.amazon.com/hz/reviews-render/report-review?ie=UTF8&ref=cm_cr_getr_d_rvw_hlp&csrfT=hNmOpOvGB45H%2Fu2VWDJA04zaldypOQxr9Qfhg6GkL6GJAAAAAGXT8igAAAAB&reviewId=R2TZCCLVGVHO12","","0","There was a problem loading comments right now. Please try again later.",""
"https://www.amazon.com/gp/profile/amzn1.account.AGZS3UMZD7Y4LIIWDV64TNLZ7LUA/ref=cm_cr_getr_d_gw_btm?ie=UTF8","<img src=""https://images-na.ssl-images-amazon.com/images/S/amazon-avatars-global/default._CR0,0,1024,1024_SX48_.png""/>","Stella","https://www.amazon.com/gp/customer-reviews/R2H9RTM7CJZL2B/ref=cm_cr_getr_d_rvw_ttl?ie=UTF8&ASIN=B00HHIM4LG","5.0 out of 5 stars","My dog‚Äôs favorite!","Reviewed in the United States on March 22, 2020","https://www.amazon.com/gp/help/customer/display.html/ref=cm_cr_dp_d_rvw_avp?nodeId=G75XTB7MBMBTXP6W","Verified Purchase","These are the only chew treats my dog eats!","Report","https://www.amazon.com/ap/signin?openid.return_to=https%3A%2F%2Fwww.amazon.com%2FTwistix-5-5-Ounce-Yogurt-Banana-Dental%2Fproduct-reviews%2FB00HHIM4LG%2Fref%3Dcm_cr_getr_d_vote_lft%3Fie%3DUTF8%26pageSize%3D10%26csrfT%3DhPW6jHLVBdZ2DkHI6XtbgVoFSO7Jp0Yg%252B2dSyE4VCQePAAAAAGXT8igAAAAB%26reviewId%3DR2H9RTM7CJZL2B&openid.identity=http%3A%2F%2Fspecs.openid.net%2Fauth%2F2.0%2Fidentifier_select&openid.assoc_handle=usflex&openid.mode=checkid_setup&marketPlaceId=ATVPDKIKX0DER&language=en&openid.claimed_id=http%3A%2F%2Fspecs.openid.net%2Fauth%2F2.0%2Fidentifier_select&openid.ns=http%3A%2F%2Fspecs.openid.net%2Fauth%2F2.0","Helpful","Showing  comments","https://www.amazon.com/hz/reviews-render/report-review?ie=UTF8&ref=cm_cr_getr_d_rvw_hlp&csrfT=hPW6jHLVBdZ2DkHI6XtbgVoFSO7Jp0Yg%2B2dSyE4VCQePAAAAAGXT8igAAAAB&reviewId=R2H9RTM7CJZL2B","","0","There was a problem loading comments right now. Please try again later.",""
"https://www.amazon.com/gp/profile/amzn1.account.AHX4VHUIQU77I3SUNE532IOX3ZCQ/ref=cm_cr_getr_d_gw_btm?ie=UTF8","<img src=""https://images-na.ssl-images-amazon.com/images/S/amazon-avatars-global/default._CR0,0,1024,1024_SX48_.png""/>","JeffLH","https://www.amazon.com/gp/customer-reviews/R3BEPPG137P01K/ref=cm_cr_getr_d_rvw_ttl?ie=UTF8&ASIN=B00HHIM4LG","5.0 out of 5 stars","My dog loves these!","Reviewed in the United States on February 26, 2014","https://www.amazon.com/gp/help/customer/display.html/ref=cm_cr_dp_d_rvw_avp?nodeId=G75XTB7MBMBTXP6W","Verified Purchase","We first received these as a Christmas present for our dog. When we couldn't find them locally we naturally turned to Amazon. So far our little hound seems to prefer these to the other dental chews, and they do improve her breath significantly.","Report","https://www.amazon.com/ap/signin?openid.return_to=https%3A%2F%2Fwww.amazon.com%2FTwistix-5-5-Ounce-Yogurt-Banana-Dental%2Fproduct-reviews%2FB00HHIM4LG%2Fref%3Dcm_cr_getr_d_vote_lft%3Fie%3DUTF8%26pageSize%3D10%26csrfT%3DhMWHSMBMO76dAb%252F37m3LVkLIP%252F0hHZuZu9M0Vz%252BIGA%252BmAAAAAGXT8igAAAAB%26reviewId%3DR3BEPPG137P01K&openid.identity=http%3A%2F%2Fspecs.openid.net%2Fauth%2F2.0%2Fidentifier_select&openid.assoc_handle=usflex&openid.mode=checkid_setup&marketPlaceId=ATVPDKIKX0DER&language=en&openid.claimed_id=http%3A%2F%2Fspecs.openid.net%2Fauth%2F2.0%2Fidentifier_select&openid.ns=http%3A%2F%2Fspecs.openid.net%2Fauth%2F2.0","Helpful","Showing  comments","https://www.amazon.com/hz/reviews-render/report-review?ie=UTF8&ref=cm_cr_getr_d_rvw_hlp&csrfT=hMWHSMBMO76dAb%2F37m3LVkLIP%2F0hHZuZu9M0Vz%2BIGA%2BmAAAAAGXT8igAAAAB&reviewId=R3BEPPG137P01K","","0","There was a problem loading comments right now. Please try again later.",""
"https://www.amazon.com/gp/profile/amzn1.account.AH3MPE2Z6CUMKDYL6Q46XOC47JOQ/ref=cm_cr_getr_d_gw_btm?ie=UTF8","<img src=""https://images-na.ssl-images-amazon.com/images/S/amazon-avatars-global/default._CR0,0,1024,1024_SX48_.png""/>","Magz","https://www.amazon.com/gp/customer-reviews/R3GIORSD0QORHH/ref=cm_cr_getr_d_rvw_ttl?ie=UTF8&ASIN=B00HHIM4LG","5.0 out of 5 stars","Tartar be gone","Reviewed in the United States on June 2, 2019","https://www.amazon.com/gp/help/customer/display.html/ref=cm_cr_dp_d_rvw_avp?nodeId=G75XTB7MBMBTXP6W","Verified Purchase","My dogs love these and it keeps their teeth very clean","Report","https://www.amazon.com/ap/signin?openid.return_to=https%3A%2F%2Fwww.amazon.com%2FTwistix-5-5-Ounce-Yogurt-Banana-Dental%2Fproduct-reviews%2FB00HHIM4LG%2Fref%3Dcm_cr_getr_d_vote_lft%3Fie%3DUTF8%26pageSize%3D10%26csrfT%3DhCaKBlMgu%252Bs184FKFgcHnCmApdshl34Tf%252B4lmXNfi6z3AAAAAGXT8igAAAAB%26reviewId%3DR3GIORSD0QORHH&openid.identity=http%3A%2F%2Fspecs.openid.net%2Fauth%2F2.0%2Fidentifier_select&openid.assoc_handle=usflex&openid.mode=checkid_setup&marketPlaceId=ATVPDKIKX0DER&language=en&openid.claimed_id=http%3A%2F%2Fspecs.openid.net%2Fauth%2F2.0%2Fidentifier_select&openid.ns=http%3A%2F%2Fspecs.openid.net%2Fauth%2F2.0","Helpful","Showing  comments","https://www.amazon.com/hz/reviews-render/report-review?ie=UTF8&ref=cm_cr_getr_d_rvw_hlp&csrfT=hCaKBlMgu%2Bs184FKFgcHnCmApdshl34Tf%2B4lmXNfi6z3AAAAAGXT8igAAAAB&reviewId=R3GIORSD0QORHH","","0","There was a problem loading comments right now. Please try again later.",""
"https://www.amazon.com/gp/profile/amzn1.account.AG5ZMNTH3BFPLJ3HGWRAZD5D4CVQ/ref=cm_cr_getr_d_gw_btm?ie=UTF8","<img src=""https://images-na.ssl-images-amazon.com/images/S/amazon-avatars-global/default._CR0,0,1024,1024_SX48_.png""/>","hs","https://www.amazon.com/gp/customer-reviews/R1Q0UH5LZ7R2MV/ref=cm_cr_getr_d_rvw_ttl?ie=UTF8&ASIN=B00HHIM4LG","5.0 out of 5 stars","Made in USA","Reviewed in the United States on July 27, 2018","https://www.amazon.com/gp/help/customer/display.html/ref=cm_cr_dp_d_rvw_avp?nodeId=G75XTB7MBMBTXP6W","Verified Purchase","Dogs love these, helps clean teeth and made in the USA with ingredients we know.","Report","https://www.amazon.com/ap/signin?openid.return_to=https%3A%2F%2Fwww.amazon.com%2FTwistix-5-5-Ounce-Yogurt-Banana-Dental%2Fproduct-reviews%2FB00HHIM4LG%2Fref%3Dcm_cr_getr_d_vote_lft%3Fie%3DUTF8%26pageSize%3D10%26csrfT%3DhCvbCYWpMfU44rxOI%252F1ZOydCk%252FCIXNqccikRm6tmGvq4AAAAAGXT8igAAAAB%26reviewId%3DR1Q0UH5LZ7R2MV&openid.identity=http%3A%2F%2Fspecs.openid.net%2Fauth%2F2.0%2Fidentifier_select&openid.assoc_handle=usflex&openid.mode=checkid_setup&marketPlaceId=ATVPDKIKX0DER&language=en&openid.claimed_id=http%3A%2F%2Fspecs.openid.net%2Fauth%2F2.0%2Fidentifier_select&openid.ns=http%3A%2F%2Fspecs.openid.net%2Fauth%2F2.0","Helpful","Showing  comments","https://www.amazon.com/hz/reviews-render/report-review?ie=UTF8&ref=cm_cr_getr_d_rvw_hlp&csrfT=hCvbCYWpMfU44rxOI%2F1ZOydCk%2FCIXNqccikRm6tmGvq4AAAAAGXT8igAAAAB&reviewId=R1Q0UH5LZ7R2MV","","0","There was a problem loading comments right now. Please try again later.",""
"https://www.amazon.com/gp/profile/amzn1.account.AHT2D7CHPYCFEBIUBQRXKUI47G2A/ref=cm_cr_getr_d_gw_btm?ie=UTF8","<img src=""https://images-na.ssl-images-amazon.com/images/S/amazon-avatars-global/default._CR0,0,1024,1024_SX48_.png""/>","MTGurl","https://www.amazon.com/gp/customer-reviews/RBJPFAZU7D4MG/ref=cm_cr_getr_d_rvw_ttl?ie=UTF8&ASIN=B00HHIM4LG","5.0 out of 5 stars","The price is great - if your dogs will eat them - mine ...","Reviewed in the United States on December 1, 2016","https://www.amazon.com/gp/help/customer/display.html/ref=cm_cr_dp_d_rvw_avp?nodeId=G75XTB7MBMBTXP6W","Verified Purchase","The price is great - if your dogs will eat them - mine are just beyond picky - only 1 did but that's OK with me","Report","https://www.amazon.com/ap/signin?openid.return_to=https%3A%2F%2Fwww.amazon.com%2FTwistix-5-5-Ounce-Yogurt-Banana-Dental%2Fproduct-reviews%2FB00HHIM4LG%2Fref%3Dcm_cr_getr_d_vote_lft%3Fie%3DUTF8%26pageSize%3D10%26csrfT%3DhLZ%252BhJZw0egoXHUEtXswSZQ7pyR0U4tFWCCm8WEJzPeCAAAAAGXT8igAAAAB%26reviewId%3DRBJPFAZU7D4MG&openid.identity=http%3A%2F%2Fspecs.openid.net%2Fauth%2F2.0%2Fidentifier_select&openid.assoc_handle=usflex&openid.mode=checkid_setup&marketPlaceId=ATVPDKIKX0DER&language=en&openid.claimed_id=http%3A%2F%2Fspecs.openid.net%2Fauth%2F2.0%2Fidentifier_select&openid.ns=http%3A%2F%2Fspecs.openid.net%2Fauth%2F2.0","Helpful","Showing  comments","https://www.amazon.com/hz/reviews-render/report-review?ie=UTF8&ref=cm_cr_getr_d_rvw_hlp&csrfT=hLZ%2BhJZw0egoXHUEtXswSZQ7pyR0U4tFWCCm8WEJzPeCAAAAAGXT8igAAAAB&reviewId=RBJPFAZU7D4MG","","0","There was a problem loading comments right now. Please try again later.",""
"https://www.amazon.com/gp/profile/amzn1.account.AFLX7CIWAMZUBS3EWBW5V2RYMPAA/ref=cm_cr_getr_d_gw_btm?ie=UTF8","<img src=""https://images-na.ssl-images-amazon.com/images/S/amazon-avatars-global/83a8a794-e272-4b5d-8ff7-10354915556d._CR62,0,375,375_SX48_.jpg""/>","Christina Mcglothen","https://www.amazon.com/gp/customer-reviews/RKHKIZPOSD1KV/ref=cm_cr_getr_d_rvw_ttl?ie=UTF8&ASIN=B00HHIM4LG","5.0 out of 5 stars","Great for teeth","Reviewed in the United States on September 30, 2019","https://www.amazon.com/gp/help/customer/display.html/ref=cm_cr_dp_d_rvw_avp?nodeId=G75XTB7MBMBTXP6W","Verified Purchase","My fur babies love them perfect size","Report","https://www.amazon.com/ap/signin?openid.return_to=https%3A%2F%2Fwww.amazon.com%2FTwistix-5-5-Ounce-Yogurt-Banana-Dental%2Fproduct-reviews%2FB00HHIM4LG%2Fref%3Dcm_cr_getr_d_vote_lft%3Fie%3DUTF8%26pageSize%3D10%26csrfT%3DhAtDgqcFA8mCKY3Jr1FG0pvz4LMTz9mint%252F6tLItTovjAAAAAGXT8igAAAAB%26reviewId%3DRKHKIZPOSD1KV&openid.identity=http%3A%2F%2Fspecs.openid.net%2Fauth%2F2.0%2Fidentifier_select&openid.assoc_handle=usflex&openid.mode=checkid_setup&marketPlaceId=ATVPDKIKX0DER&language=en&openid.claimed_id=http%3A%2F%2Fspecs.openid.net%2Fauth%2F2.0%2Fidentifier_select&openid.ns=http%3A%2F%2Fspecs.openid.net%2Fauth%2F2.0","Helpful","Showing  comments","https://www.amazon.com/hz/reviews-render/report-review?ie=UTF8&ref=cm_cr_getr_d_rvw_hlp&csrfT=hAtDgqcFA8mCKY3Jr1FG0pvz4LMTz9mint%2F6tLItTovjAAAAAGXT8igAAAAB&reviewId=RKHKIZPOSD1KV","","0","There was a problem loading comments right now. Please try again later.","https://images-na.ssl-images-amazon.com/images/G/01/x-locale/common/grey-pixel.gif"
"https://www.amazon.com/gp/profile/amzn1.account.AHX35CV43DYVQDKOXA3PRSS6TB6A/ref=cm_cr_getr_d_gw_btm?ie=UTF8","<img src=""https://images-na.ssl-images-amazon.com/images/S/amazon-avatars-global/f0b78ffb-b0d9-4a70-9e54-33c80feffec3._CR0,26.0,281,281_SX48_.jpg""/>","Lauren","https://www.amazon.com/gp/customer-reviews/R2EOXRZXTYR27V/ref=cm_cr_getr_d_rvw_ttl?ie=UTF8&ASIN=B00HHIM4LG","5.0 out of 5 stars","dog treats","Reviewed in the United States on July 28, 2019","https://www.amazon.com/gp/help/customer/display.html/ref=cm_cr_dp_d_rvw_avp?nodeId=G75XTB7MBMBTXP6W","Verified Purchase","great dog treat. yorkies love this","Report","https://www.amazon.com/ap/signin?openid.return_to=https%3A%2F%2Fwww.amazon.com%2FTwistix-5-5-Ounce-Yogurt-Banana-Dental%2Fproduct-reviews%2FB00HHIM4LG%2Fref%3Dcm_cr_getr_d_vote_lft%3Fie%3DUTF8%26pageSize%3D10%26csrfT%3DhGRU169EAIziKV5kTchRl8lQJuxWv9yeBit3ktLrvpLrAAAAAGXT8igAAAAB%26reviewId%3DR2EOXRZXTYR27V&openid.identity=http%3A%2F%2Fspecs.openid.net%2Fauth%2F2.0%2Fidentifier_select&openid.assoc_handle=usflex&openid.mode=checkid_setup&marketPlaceId=ATVPDKIKX0DER&language=en&openid.claimed_id=http%3A%2F%2Fspecs.openid.net%2Fauth%2F2.0%2Fidentifier_select&openid.ns=http%3A%2F%2Fspecs.openid.net%2Fauth%2F2.0","Helpful","Showing  comments","https://www.amazon.com/hz/reviews-render/report-review?ie=UTF8&ref=cm_cr_getr_d_rvw_hlp&csrfT=hGRU169EAIziKV5kTchRl8lQJuxWv9yeBit3ktLrvpLrAAAAAGXT8igAAAAB&reviewId=R2EOXRZXTYR27V","","0","There was a problem loading comments right now. Please try again later.","https://images-na.ssl-images-amazon.com/images/G/01/x-locale/common/grey-pixel.gif"
"https://www.amazon.com/gp/profile/amzn1.account.AGV7HETZAIVFLBI66WVDLUG5JZNA/ref=cm_cr_getr_d_gw_btm?ie=UTF8","<img src=""https://images-na.ssl-images-amazon.com/images/S/amazon-avatars-global/default._CR0,0,1024,1024_SX48_.png""/>","Miss Daisy","https://www.amazon.com/gp/customer-reviews/RF8IQ6PLZP9MZ/ref=cm_cr_getr_d_rvw_ttl?ie=UTF8&ASIN=B00HHIM4LG","1.0 out of 5 stars","Not worth the money","Reviewed in the United States on May 12, 2022","https://www.amazon.com/gp/help/customer/display.html/ref=cm_cr_dp_d_rvw_avp?nodeId=G75XTB7MBMBTXP6W","Verified Purchase","They are hard as rocks. I buy non rawhide bones for my dogs but they couldn‚Äôt even put teeth marks in these!","Report","https://www.amazon.com/ap/signin?openid.return_to=https%3A%2F%2Fwww.amazon.com%2FTwistix-5-5-Ounce-Yogurt-Banana-Dental%2Fproduct-reviews%2FB00HHIM4LG%2Fref%3Dcm_cr_getr_d_vote_lft%3Fie%3DUTF8%26pageSize%3D10%26csrfT%3DhHg%252F%252ByEy%252BX12ijMder1Yd7zJU03M2j5VdP9pFIeun%252BbtAAAAAGXT8igAAAAB%26reviewId%3DRF8IQ6PLZP9MZ&openid.identity=http%3A%2F%2Fspecs.openid.net%2Fauth%2F2.0%2Fidentifier_select&openid.assoc_handle=usflex&openid.mode=checkid_setup&marketPlaceId=ATVPDKIKX0DER&language=en&openid.claimed_id=http%3A%2F%2Fspecs.openid.net%2Fauth%2F2.0%2Fidentifier_select&openid.ns=http%3A%2F%2Fspecs.openid.net%2Fauth%2F2.0","Helpful","Showing  comments","https://www.amazon.com/hz/reviews-render/report-review?ie=UTF8&ref=cm_cr_getr_d_rvw_hlp&csrfT=hHg%2F%2ByEy%2BX12ijMder1Yd7zJU03M2j5VdP9pFIeun%2BbtAAAAAGXT8igAAAAB&reviewId=RF8IQ6PLZP9MZ","","0","There was a problem loading comments right now. Please try again later.","https://images-na.ssl-images-amazon.com/images/G/01/x-locale/common/grey-pixel.gif"
"https://www.amazon.com/gp/profile/amzn1.account.AF3CSQXO2I2P5MKDEHWSIRGYJRWA/ref=cm_cr_getr_d_gw_btm?ie=UTF8","<img src=""https://images-na.ssl-images-amazon.com/images/S/amazon-avatars-global/default._CR0,0,1024,1024_SX48_.png""/>","Nikki Lander","https://www.amazon.com/gp/customer-reviews/R2YZ4Q22JAD723/ref=cm_cr_getr_d_rvw_ttl?ie=UTF8&ASIN=B00HHIM4LG","3.0 out of 5 stars","Three Stars","Reviewed in the United States on March 16, 2018","https://www.amazon.com/gp/help/customer/display.html/ref=cm_cr_dp_d_rvw_avp?nodeId=G75XTB7MBMBTXP6W","Verified Purchase","My dogs could take them or leave them","Report","https://www.amazon.com/ap/signin?openid.return_to=https%3A%2F%2Fwww.amazon.com%2FTwistix-5-5-Ounce-Yogurt-Banana-Dental%2Fproduct-reviews%2FB00HHIM4LG%2Fref%3Dcm_cr_getr_d_vote_lft%3Fie%3DUTF8%26pageSize%3D10%26csrfT%3DhNPaCYp3nsgjDwJjDe3ekIvJOYrOxbX6ci1wa0JqfWbvAAAAAGXT8igAAAAB%26reviewId%3DR2YZ4Q22JAD723&openid.identity=http%3A%2F%2Fspecs.openid.net%2Fauth%2F2.0%2Fidentifier_select&openid.assoc_handle=usflex&openid.mode=checkid_setup&marketPlaceId=ATVPDKIKX0DER&language=en&openid.claimed_id=http%3A%2F%2Fspecs.openid.net%2Fauth%2F2.0%2Fidentifier_select&openid.ns=http%3A%2F%2Fspecs.openid.net%2Fauth%2F2.0","Helpful","Showing  comments","https://www.amazon.com/hz/reviews-render/report-review?ie=UTF8&ref=cm_cr_getr_d_rvw_hlp&csrfT=hNPaCYp3nsgjDwJjDe3ekIvJOYrOxbX6ci1wa0JqfWbvAAAAAGXT8igAAAAB&reviewId=R2YZ4Q22JAD723","","0","There was a problem loading comments right now. Please try again later.","https://images-na.ssl-images-amazon.com/images/G/01/x-locale/common/grey-pixel.gif"
"https://www.amazon.com/gp/profile/amzn1.account.AHJT4PII4BYMYNCVMJECVAVFQ5AQ/ref=cm_cr_getr_d_gw_btm?ie=UTF8","<img src=""https://images-na.ssl-images-amazon.com/images/S/amazon-avatars-global/cc6ee30c-391d-47d9-9c89-658286dec138._CR0,0,375,375_SX48_.jpg""/>","Beloved","https://www.amazon.com/gp/customer-reviews/R3LO4TMBQASWQ5/ref=cm_cr_getr_d_rvw_ttl?ie=UTF8&ASIN=B00HHIM4LG","1.0 out of 5 stars","Contains known Carcenogin","Reviewed in the United States on May 5, 2016","https://www.amazon.com/gp/help/customer/display.html/ref=cm_cr_dp_d_rvw_avp?nodeId=G75XTB7MBMBTXP6W","Verified Purchase","I bought a bunch of these because my dog seemed to like them, but then I started to wonder what was in these because I  wanted to give her one a day for her teeth. It contains sodium hexametaphosphate. This is a substance known to cause pancreatic cancer if consumed frequently. So, no...I will not be purchasing these again. I am going to see if I can get a refund. Otherwise, they will be thrown out.","11 people found this helpful","https://www.amazon.com/ap/signin?openid.return_to=https%3A%2F%2Fwww.amazon.com%2FTwistix-5-5-Ounce-Yogurt-Banana-Dental%2Fproduct-reviews%2FB00HHIM4LG%2Fref%3Dcm_cr_getr_d_vote_lft%3Fie%3DUTF8%26pageSize%3D10%26csrfT%3DhND3IMoppeWEDjvy0MhjQC%252F7w6cCApkTIKAfaTvEFei%252BAAAAAGXT8ioAAAAB%26reviewId%3DR3LO4TMBQASWQ5&openid.identity=http%3A%2F%2Fspecs.openid.net%2Fauth%2F2.0%2Fidentifier_select&openid.assoc_handle=usflex&openid.mode=checkid_setup&marketPlaceId=ATVPDKIKX0DER&language=en&openid.claimed_id=http%3A%2F%2Fspecs.openid.net%2Fauth%2F2.0%2Fidentifier_select&openid.ns=http%3A%2F%2Fspecs.openid.net%2Fauth%2F2.0","Helpful","Report","https://www.amazon.com/hz/reviews-render/report-review?ie=UTF8&ref=cm_cr_getr_d_rvw_hlp&csrfT=hND3IMoppeWEDjvy0MhjQC%2F7w6cCApkTIKAfaTvEFei%2BAAAAAGXT8ioAAAAB&reviewId=R3LO4TMBQASWQ5","Showing  comments","0","There was a problem loading comments right now. Please try again later.",""
"https://www.amazon.com/gp/profile/amzn1.account.AHR3JYMJCQ4ACSKTDU65SFGCL3WA/ref=cm_cr_getr_d_gw_btm?ie=UTF8","<img src=""https://images-na.ssl-images-amazon.com/images/S/amazon-avatars-global/default._CR0,0,1024,1024_SX48_.png""/>","JE","https://www.amazon.com/gp/customer-reviews/R1RGQ77ZM38N3X/ref=cm_cr_getr_d_rvw_ttl?ie=UTF8&ASIN=B00HHIM4LG","5.0 out of 5 stars","4 paws up","Reviewed in the United States on April 12, 2018","https://www.amazon.com/gp/help/customer/display.html/ref=cm_cr_dp_d_rvw_avp?nodeId=G75XTB7MBMBTXP6W","Verified Purchase","Dog goes crazy for these chews, nothing more to say!","Report","https://www.amazon.com/ap/signin?openid.return_to=https%3A%2F%2Fwww.amazon.com%2FTwistix-5-5-Ounce-Yogurt-Banana-Dental%2Fproduct-reviews%2FB00HHIM4LG%2Fref%3Dcm_cr_getr_d_vote_lft%3Fie%3DUTF8%26pageSize%3D10%26csrfT%3DhGbAbJuIxCwwyFSedSfrxFE6NM5SeuQbkyj4mgrWs0bDAAAAAGXT8ioAAAAB%26reviewId%3DR1RGQ77ZM38N3X&openid.identity=http%3A%2F%2Fspecs.openid.net%2Fauth%2F2.0%2Fidentifier_select&openid.assoc_handle=usflex&openid.mode=checkid_setup&marketPlaceId=ATVPDKIKX0DER&language=en&openid.claimed_id=http%3A%2F%2Fspecs.openid.net%2Fauth%2F2.0%2Fidentifier_select&openid.ns=http%3A%2F%2Fspecs.openid.net%2Fauth%2F2.0","Helpful","Showing  comments","https://www.amazon.com/hz/reviews-render/report-review?ie=UTF8&ref=cm_cr_getr_d_rvw_hlp&csrfT=hGbAbJuIxCwwyFSedSfrxFE6NM5SeuQbkyj4mgrWs0bDAAAAAGXT8ioAAAAB&reviewId=R1RGQ77ZM38N3X","","0","There was a problem loading comments right now. Please try again later.",""
"https://www.amazon.com/gp/profile/amzn1.account.AE54CLKSUHK5M4OMDGSHIFQYRN3A/ref=cm_cr_getr_d_gw_btm?ie=UTF8","<img src=""https://images-na.ssl-images-amazon.com/images/S/amazon-avatars-global/default._CR0,0,1024,1024_SX48_.png""/>","Kim Kunze Bitts","https://www.amazon.com/gp/customer-reviews/R2GY8OE0BKSDYD/ref=cm_cr_getr_d_rvw_ttl?ie=UTF8&ASIN=B00HHIM4LG","5.0 out of 5 stars","Nice","Reviewed in the United States on July 10, 2019","https://www.amazon.com/gp/help/customer/display.html/ref=cm_cr_dp_d_rvw_avp?nodeId=G75XTB7MBMBTXP6W","Verified Purchase","Nice","Report","https://www.amazon.com/ap/signin?openid.return_to=https%3A%2F%2Fwww.amazon.com%2FTwistix-5-5-Ounce-Yogurt-Banana-Dental%2Fproduct-reviews%2FB00HHIM4LG%2Fref%3Dcm_cr_getr_d_vote_lft%3Fie%3DUTF8%26pageSize%3D10%26csrfT%3DhOu4k%252FsG2skPEGuqznNs1wrTTZh44P%252FM5UWAVxv7XwkxAAAAAGXT8ioAAAAB%26reviewId%3DR2GY8OE0BKSDYD&openid.identity=http%3A%2F%2Fspecs.openid.net%2Fauth%2F2.0%2Fidentifier_select&openid.assoc_handle=usflex&openid.mode=checkid_setup&marketPlaceId=ATVPDKIKX0DER&language=en&openid.claimed_id=http%3A%2F%2Fspecs.openid.net%2Fauth%2F2.0%2Fidentifier_select&openid.ns=http%3A%2F%2Fspecs.openid.net%2Fauth%2F2.0","Helpful","Showing  comments","https://www.amazon.com/hz/reviews-render/report-review?ie=UTF8&ref=cm_cr_getr_d_rvw_hlp&csrfT=hOu4k%2FsG2skPEGuqznNs1wrTTZh44P%2FM5UWAVxv7XwkxAAAAAGXT8ioAAAAB&reviewId=R2GY8OE0BKSDYD","","0","There was a problem loading comments right now. Please try again later.",""
"https://www.amazon.com/gp/profile/amzn1.account.AFR2R2OI2IOM5VPX6S34NFBI6HKA/ref=cm_cr_getr_d_gw_btm?ie=UTF8","<img src=""https://images-na.ssl-images-amazon.com/images/S/amazon-avatars-global/default._CR0,0,1024,1024_SX48_.png""/>","Amazon Customer","https://www.amazon.com/gp/customer-reviews/R21JN03QF5ZJSP/ref=cm_cr_getr_d_rvw_ttl?ie=UTF8&ASIN=B00HHIM4LG","5.0 out of 5 stars","Dogs love","Reviewed in the United States on March 1, 2019","https://www.amazon.com/gp/help/customer/display.html/ref=cm_cr_dp_d_rvw_avp?nodeId=G75XTB7MBMBTXP6W","Verified Purchase","Dogs love","Report","https://www.amazon.com/ap/signin?openid.return_to=https%3A%2F%2Fwww.amazon.com%2FTwistix-5-5-Ounce-Yogurt-Banana-Dental%2Fproduct-reviews%2FB00HHIM4LG%2Fref%3Dcm_cr_getr_d_vote_lft%3Fie%3DUTF8%26pageSize%3D10%26csrfT%3DhBGmjM48wkMa9CNFiXBwDbRQhh8y6YDRoLqTjZ9wyZwlAAAAAGXT8ioAAAAB%26reviewId%3DR21JN03QF5ZJSP&openid.identity=http%3A%2F%2Fspecs.openid.net%2Fauth%2F2.0%2Fidentifier_select&openid.assoc_handle=usflex&openid.mode=checkid_setup&marketPlaceId=ATVPDKIKX0DER&language=en&openid.claimed_id=http%3A%2F%2Fspecs.openid.net%2Fauth%2F2.0%2Fidentifier_select&openid.ns=http%3A%2F%2Fspecs.openid.net%2Fauth%2F2.0","Helpful","Showing  comments","https://www.amazon.com/hz/reviews-render/report-review?ie=UTF8&ref=cm_cr_getr_d_rvw_hlp&csrfT=hBGmjM48wkMa9CNFiXBwDbRQhh8y6YDRoLqTjZ9wyZwlAAAAAGXT8ioAAAAB&reviewId=R21JN03QF5ZJSP","","0","There was a problem loading comments right now. Please try again later.",""
"https://www.amazon.com/gp/profile/amzn1.account.AFZ5GPTRSS7WS437OEJ3UULHGH5A/ref=cm_cr_getr_d_gw_btm?ie=UTF8","<img src=""https://images-na.ssl-images-amazon.com/images/S/amazon-avatars-global/default._CR0,0,1024,1024_SX48_.png""/>","M M","https://www.amazon.com/gp/customer-reviews/R1B48BC8SBZW26/ref=cm_cr_getr_d_rvw_ttl?ie=UTF8&ASIN=B00HHIM4LG","5.0 out of 5 stars","Good deal, puppy loves them","Reviewed in the United States on July 4, 2018","https://www.amazon.com/gp/help/customer/display.html/ref=cm_cr_dp_d_rvw_avp?nodeId=G75XTB7MBMBTXP6W","Verified Purchase","Good deal, puppy loves them","Report","https://www.amazon.com/ap/signin?openid.return_to=https%3A%2F%2Fwww.amazon.com%2FTwistix-5-5-Ounce-Yogurt-Banana-Dental%2Fproduct-reviews%2FB00HHIM4LG%2Fref%3Dcm_cr_getr_d_vote_lft%3Fie%3DUTF8%26pageSize%3D10%26csrfT%3DhCRMiP%252BoyemcI4jYjKV08uxgrtG6uFz8E8qRar6G525SAAAAAGXT8ioAAAAB%26reviewId%3DR1B48BC8SBZW26&openid.identity=http%3A%2F%2Fspecs.openid.net%2Fauth%2F2.0%2Fidentifier_select&openid.assoc_handle=usflex&openid.mode=checkid_setup&marketPlaceId=ATVPDKIKX0DER&language=en&openid.claimed_id=http%3A%2F%2Fspecs.openid.net%2Fauth%2F2.0%2Fidentifier_select&openid.ns=http%3A%2F%2Fspecs.openid.net%2Fauth%2F2.0","Helpful","Showing  comments","https://www.amazon.com/hz/reviews-render/report-review?ie=UTF8&ref=cm_cr_getr_d_rvw_hlp&csrfT=hCRMiP%2BoyemcI4jYjKV08uxgrtG6uFz8E8qRar6G525SAAAAAGXT8ioAAAAB&reviewId=R1B48BC8SBZW26","","0","There was a problem loading comments right now. Please try again later.",""
"https://www.amazon.com/gp/profile/amzn1.account.AGBIL3OG2LUP7DNHXMTYKFGTMFHA/ref=cm_cr_getr_d_gw_btm?ie=UTF8","<img src=""https://images-na.ssl-images-amazon.com/images/S/amazon-avatars-global/7e05283e-7df8-4df0-975c-612e1fd221e0._CR128,0,243,243_SX48_.jpg""/>","Hotkjen","https://www.amazon.com/gp/customer-reviews/R2MAA2QDVJUXL9/ref=cm_cr_getr_d_rvw_ttl?ie=UTF8&ASIN=B00HHIM4LG","5.0 out of 5 stars","happy tails here!","Reviewed in the United States on September 18, 2017","https://www.amazon.com/gp/help/customer/display.html/ref=cm_cr_dp_d_rvw_avp?nodeId=G75XTB7MBMBTXP6W","Verified Purchase","the dogs both big and small gobbled them up! yumm!","Report","https://www.amazon.com/ap/signin?openid.return_to=https%3A%2F%2Fwww.amazon.com%2FTwistix-5-5-Ounce-Yogurt-Banana-Dental%2Fproduct-reviews%2FB00HHIM4LG%2Fref%3Dcm_cr_getr_d_vote_lft%3Fie%3DUTF8%26pageSize%3D10%26csrfT%3DhL8oFK2JQkYiFtooP%252FGIVDZG2PAbM3gCA%252FL8fbYnuyAcAAAAAGXT8ioAAAAB%26reviewId%3DR2MAA2QDVJUXL9&openid.identity=http%3A%2F%2Fspecs.openid.net%2Fauth%2F2.0%2Fidentifier_select&openid.assoc_handle=usflex&openid.mode=checkid_setup&marketPlaceId=ATVPDKIKX0DER&language=en&openid.claimed_id=http%3A%2F%2Fspecs.openid.net%2Fauth%2F2.0%2Fidentifier_select&openid.ns=http%3A%2F%2Fspecs.openid.net%2Fauth%2F2.0","Helpful","Showing  comments","https://www.amazon.com/hz/reviews-render/report-review?ie=UTF8&ref=cm_cr_getr_d_rvw_hlp&csrfT=hL8oFK2JQkYiFtooP%2FGIVDZG2PAbM3gCA%2FL8fbYnuyAcAAAAAGXT8ioAAAAB&reviewId=R2MAA2QDVJUXL9","","0","There was a problem loading comments right now. Please try again later.",""
"https://www.amazon.com/gp/profile/amzn1.account.AHQV7HZHLIDA55FNMV5Y6NWQS5XA/ref=cm_cr_getr_d_gw_btm?ie=UTF8","<img src=""https://images-na.ssl-images-amazon.com/images/S/amazon-avatars-global/b1938049-a925-4f7f-8111-be78179cb683._CR16,0,358,358_SX48_.jpg""/>","Oz@Beach","https://www.amazon.com/gp/customer-reviews/R3K67YAXZU9U68/ref=cm_cr_getr_d_rvw_ttl?ie=UTF8&ASIN=B00HHIM4LG","1.0 out of 5 stars","Hard as a rock and turned down by 5 dogs","Reviewed in the United States on January 4, 2020","https://www.amazon.com/gp/help/customer/display.html/ref=cm_cr_dp_d_rvw_avp?nodeId=G75XTB7MBMBTXP6W","Verified Purchase","These are horrible.  Hard as a rock and not even breakable let alone chewable.  Not a dog in my neighborhood was the least bit interested.  I'd return them if I could...","Report","https://www.amazon.com/ap/signin?openid.return_to=https%3A%2F%2Fwww.amazon.com%2FTwistix-5-5-Ounce-Yogurt-Banana-Dental%2Fproduct-reviews%2FB00HHIM4LG%2Fref%3Dcm_cr_getr_d_vote_lft%3Fie%3DUTF8%26pageSize%3D10%26csrfT%3DhCsiV7Dv5jJIQ8HubIkX0el1qOWdXSFhXrZaOjmUFqj3AAAAAGXT8ioAAAAB%26reviewId%3DR3K67YAXZU9U68&openid.identity=http%3A%2F%2Fspecs.openid.net%2Fauth%2F2.0%2Fidentifier_select&openid.assoc_handle=usflex&openid.mode=checkid_setup&marketPlaceId=ATVPDKIKX0DER&language=en&openid.claimed_id=http%3A%2F%2Fspecs.openid.net%2Fauth%2F2.0%2Fidentifier_select&openid.ns=http%3A%2F%2Fspecs.openid.net%2Fauth%2F2.0","Helpful","Showing  comments","https://www.amazon.com/hz/reviews-render/report-review?ie=UTF8&ref=cm_cr_getr_d_rvw_hlp&csrfT=hCsiV7Dv5jJIQ8HubIkX0el1qOWdXSFhXrZaOjmUFqj3AAAAAGXT8ioAAAAB&reviewId=R3K67YAXZU9U68","","0","There was a problem loading comments right now. Please try again later.","https://images-na.ssl-images-amazon.com/images/G/01/x-locale/common/grey-pixel.gif"
"https://www.amazon.com/gp/profile/amzn1.account.AFQ5UI7P7LSTFIV3W6WRQC5XENUQ/ref=cm_cr_getr_d_gw_btm?ie=UTF8","<img src=""https://images-na.ssl-images-amazon.com/images/S/amazon-avatars-global/default._CR0,0,1024,1024_SX48_.png""/>","JimSim.","https://www.amazon.com/gp/customer-reviews/R23C2SIHROWPG1/ref=cm_cr_getr_d_rvw_ttl?ie=UTF8&ASIN=B00HHIM4LG","5.0 out of 5 stars","Five Stars","Reviewed in the United States on February 25, 2018","https://www.amazon.com/gp/help/customer/display.html/ref=cm_cr_dp_d_rvw_avp?nodeId=G75XTB7MBMBTXP6W","Verified Purchase","I lovethem. Gave some to my dog.","Report","https://www.amazon.com/ap/signin?openid.return_to=https%3A%2F%2Fwww.amazon.com%2FTwistix-5-5-Ounce-Yogurt-Banana-Dental%2Fproduct-reviews%2FB00HHIM4LG%2Fref%3Dcm_cr_getr_d_vote_lft%3Fie%3DUTF8%26pageSize%3D10%26csrfT%3DhNufkrB%252BxKCR7lZgIIJOJC8ErhSQH5r8f5jiAvK980XtAAAAAGXT8ioAAAAB%26reviewId%3DR23C2SIHROWPG1&openid.identity=http%3A%2F%2Fspecs.openid.net%2Fauth%2F2.0%2Fidentifier_select&openid.assoc_handle=usflex&openid.mode=checkid_setup&marketPlaceId=ATVPDKIKX0DER&language=en&openid.claimed_id=http%3A%2F%2Fspecs.openid.net%2Fauth%2F2.0%2Fidentifier_select&openid.ns=http%3A%2F%2Fspecs.openid.net%2Fauth%2F2.0","Helpful","Showing  comments","https://www.amazon.com/hz/reviews-render/report-review?ie=UTF8&ref=cm_cr_getr_d_rvw_hlp&csrfT=hNufkrB%2BxKCR7lZgIIJOJC8ErhSQH5r8f5jiAvK980XtAAAAAGXT8ioAAAAB&reviewId=R23C2SIHROWPG1","","0","There was a problem loading comments right now. Please try again later.","https://images-na.ssl-images-amazon.com/images/G/01/x-locale/common/grey-pixel.gif"
"https://www.amazon.com/gp/profile/amzn1.account.AEQZFYNQCQY7SXJPWNYFZKCM4J3A/ref=cm_cr_getr_d_gw_btm?ie=UTF8","<img src=""https://images-na.ssl-images-amazon.com/images/S/amazon-avatars-global/default._CR0,0,1024,1024_SX48_.png""/>","Rosemary","https://www.amazon.com/gp/customer-reviews/RMV7BQ04ESO0W/ref=cm_cr_getr_d_rvw_ttl?ie=UTF8&ASIN=B00HHIM4LG","5.0 out of 5 stars","Five Stars","Reviewed in the United States on April 16, 2018","https://www.amazon.com/gp/help/customer/display.html/ref=cm_cr_dp_d_rvw_avp?nodeId=G75XTB7MBMBTXP6W","Verified Purchase","My dogs love this. Thank you","Report","https://www.amazon.com/ap/signin?openid.return_to=https%3A%2F%2Fwww.amazon.com%2FTwistix-5-5-Ounce-Yogurt-Banana-Dental%2Fproduct-reviews%2FB00HHIM4LG%2Fref%3Dcm_cr_getr_d_vote_lft%3Fie%3DUTF8%26pageSize%3D10%26csrfT%3DhCqZjAuE1MjpeVRQytCBbZeWX37Szy3M7bRIGqeKXbfsAAAAAGXT8ioAAAAB%26reviewId%3DRMV7BQ04ESO0W&openid.identity=http%3A%2F%2Fspecs.openid.net%2Fauth%2F2.0%2Fidentifier_select&openid.assoc_handle=usflex&openid.mode=checkid_setup&marketPlaceId=ATVPDKIKX0DER&language=en&openid.claimed_id=http%3A%2F%2Fspecs.openid.net%2Fauth%2F2.0%2Fidentifier_select&openid.ns=http%3A%2F%2Fspecs.openid.net%2Fauth%2F2.0","Helpful","Showing  comments","https://www.amazon.com/hz/reviews-render/report-review?ie=UTF8&ref=cm_cr_getr_d_rvw_hlp&csrfT=hCqZjAuE1MjpeVRQytCBbZeWX37Szy3M7bRIGqeKXbfsAAAAAGXT8ioAAAAB&reviewId=RMV7BQ04ESO0W","","0","There was a problem loading comments right now. Please try again later.","https://images-na.ssl-images-amazon.com/images/G/01/x-locale/common/grey-pixel.gif"
"https://www.amazon.com/gp/profile/amzn1.account.AHX52FSBBK6V4HA6UPQ2RG67C5OQ/ref=cm_cr_getr_d_gw_btm?ie=UTF8","<img src=""https://images-na.ssl-images-amazon.com/images/S/amazon-avatars-global/default._CR0,0,1024,1024_SX48_.png""/>","Angie","https://www.amazon.com/gp/customer-reviews/R1ANXIB9PFXJSU/ref=cm_cr_getr_d_rvw_ttl?ie=UTF8&ASIN=B00HHIM4LG","3.0 out of 5 stars","Three Stars","Reviewed in the United States on October 21, 2014","https://www.amazon.com/gp/help/customer/display.html/ref=cm_cr_dp_d_rvw_avp?nodeId=G75XTB7MBMBTXP6W","Verified Purchase","Great experience...fast shipping!  Good products.","Report","https://www.amazon.com/ap/signin?openid.return_to=https%3A%2F%2Fwww.amazon.com%2FTwistix-5-5-Ounce-Yogurt-Banana-Dental%2Fproduct-reviews%2FB00HHIM4LG%2Fref%3Dcm_cr_getr_d_vote_lft%3Fie%3DUTF8%26pageSize%3D10%26csrfT%3DhObgiHqSL3G%252F4MOS2%252FZPElT9ZhrjXQPa8ArK3ZIBYA6DAAAAAGXT8ioAAAAB%26reviewId%3DR1ANXIB9PFXJSU&openid.identity=http%3A%2F%2Fspecs.openid.net%2Fauth%2F2.0%2Fidentifier_select&openid.assoc_handle=usflex&openid.mode=checkid_setup&marketPlaceId=ATVPDKIKX0DER&language=en&openid.claimed_id=http%3A%2F%2Fspecs.openid.net%2Fauth%2F2.0%2Fidentifier_select&openid.ns=http%3A%2F%2Fspecs.openid.net%2Fauth%2F2.0","Helpful","Showing  comments","https://www.amazon.com/hz/reviews-render/report-review?ie=UTF8&ref=cm_cr_getr_d_rvw_hlp&csrfT=hObgiHqSL3G%2F4MOS2%2FZPElT9ZhrjXQPa8ArK3ZIBYA6DAAAAAGXT8ioAAAAB&reviewId=R1ANXIB9PFXJSU","","0","There was a problem loading comments right now. Please try again later.","https://images-na.ssl-images-amazon.com/images/G/01/x-locale/common/grey-pixel.gif"
"https://www.amazon.com/gp/profile/amzn1.account.AFKLPR75G25BNIS6SKLSD4SSVG4Q/ref=cm_cr_getr_d_gw_btm?ie=UTF8","<img src=""https://images-na.ssl-images-amazon.com/images/S/amazon-avatars/default._CR0,0,1024,1024_SX48_.png""/>","Southern Girl","https://www.amazon.com/gp/customer-reviews/R1AYR8SWTIDTZV/ref=cm_cr_getr_d_rvw_ttl?ie=UTF8&ASIN=B00HHIM4LG","5.0 out of 5 stars","Five Stars","Reviewed in the United States on April 4, 2018","https://www.amazon.com/gp/help/customer/display.html/ref=cm_cr_dp_d_rvw_avp?nodeId=G75XTB7MBMBTXP6W","Verified Purchase","My dogs loved this.","Report","https://www.amazon.com/ap/signin?openid.return_to=https%3A%2F%2Fwww.amazon.com%2FTwistix-5-5-Ounce-Yogurt-Banana-Dental%2Fproduct-reviews%2FB00HHIM4LG%2Fref%3Dcm_cr_getr_d_vote_lft%3Fie%3DUTF8%26pageSize%3D10%26csrfT%3DhHUJfqzLN6IrZzgVvh%252BEdDmusgOa7N90PgP5uDrLPJj8AAAAAGXT8iwAAAAB%26reviewId%3DR1AYR8SWTIDTZV&openid.identity=http%3A%2F%2Fspecs.openid.net%2Fauth%2F2.0%2Fidentifier_select&openid.assoc_handle=usflex&openid.mode=checkid_setup&marketPlaceId=ATVPDKIKX0DER&language=en&openid.claimed_id=http%3A%2F%2Fspecs.openid.net%2Fauth%2F2.0%2Fidentifier_select&openid.ns=http%3A%2F%2Fspecs.openid.net%2Fauth%2F2.0","Helpful","Showing  comments","https://www.amazon.com/hz/reviews-render/report-review?ie=UTF8&ref=cm_cr_getr_d_rvw_hlp&csrfT=hHUJfqzLN6IrZzgVvh%2BEdDmusgOa7N90PgP5uDrLPJj8AAAAAGXT8iwAAAAB&reviewId=R1AYR8SWTIDTZV","","0","There was a problem loading comments right now. Please try again later.",""
"https://www.amazon.com/gp/profile/amzn1.account.AH7UYDXWPPWQZFI6RGXWKHNNDOOA/ref=cm_cr_getr_d_gw_btm?ie=UTF8","<img src=""https://images-na.ssl-images-amazon.com/images/S/amazon-avatars-global/default._CR0,0,1024,1024_SX48_.png""/>","Jack Barnette","https://www.amazon.com/gp/customer-reviews/RFXWX0DKY6RCU/ref=cm_cr_getr_d_rvw_ttl?ie=UTF8&ASIN=B00HHIM4LG","5.0 out of 5 stars","Great Low Cal Treats!","Reviewed in the United States on June 4, 2017","https://www.amazon.com/gp/help/customer/display.html/ref=cm_cr_dp_d_rvw_avp?nodeId=G75XTB7MBMBTXP6W","Verified Purchase","Great low cal treats for dogs of all sizes.","Report","https://www.amazon.com/ap/signin?openid.return_to=https%3A%2F%2Fwww.amazon.com%2FTwistix-5-5-Ounce-Yogurt-Banana-Dental%2Fproduct-reviews%2FB00HHIM4LG%2Fref%3Dcm_cr_getr_d_vote_lft%3Fie%3DUTF8%26pageSize%3D10%26csrfT%3DhFYgtawR847%252FYSFJgYclpIb29dred1eE4ZZGxA%252Bduq8DAAAAAGXT8iwAAAAB%26reviewId%3DRFXWX0DKY6RCU&openid.identity=http%3A%2F%2Fspecs.openid.net%2Fauth%2F2.0%2Fidentifier_select&openid.assoc_handle=usflex&openid.mode=checkid_setup&marketPlaceId=ATVPDKIKX0DER&language=en&openid.claimed_id=http%3A%2F%2Fspecs.openid.net%2Fauth%2F2.0%2Fidentifier_select&openid.ns=http%3A%2F%2Fspecs.openid.net%2Fauth%2F2.0","Helpful","Showing  comments","https://www.amazon.com/hz/reviews-render/report-review?ie=UTF8&ref=cm_cr_getr_d_rvw_hlp&csrfT=hFYgtawR847%2FYSFJgYclpIb29dred1eE4ZZGxA%2Bduq8DAAAAAGXT8iwAAAAB&reviewId=RFXWX0DKY6RCU","","0","There was a problem loading comments right now. Please try again later.",""
"https://www.amazon.com/gp/profile/amzn1.account.AFXVCNJL2ULV2PE6FW2X5MDGKB7Q/ref=cm_cr_getr_d_gw_btm?ie=UTF8","<img src=""https://images-na.ssl-images-amazon.com/images/S/amazon-avatars-global/default._CR0,0,1024,1024_SX48_.png""/>","Yvonne Cullipher","https://www.amazon.com/gp/customer-reviews/R3T3NMXYC44TFQ/ref=cm_cr_getr_d_rvw_ttl?ie=UTF8&ASIN=B00HHIM4LG","5.0 out of 5 stars","Five Stars","Reviewed in the United States on June 22, 2018","https://www.amazon.com/gp/help/customer/display.html/ref=cm_cr_dp_d_rvw_avp?nodeId=G75XTB7MBMBTXP6W","Verified Purchase","great treat","Report","https://www.amazon.com/ap/signin?openid.return_to=https%3A%2F%2Fwww.amazon.com%2FTwistix-5-5-Ounce-Yogurt-Banana-Dental%2Fproduct-reviews%2FB00HHIM4LG%2Fref%3Dcm_cr_getr_d_vote_lft%3Fie%3DUTF8%26pageSize%3D10%26csrfT%3DhPDp4wbaYcNhkkp0hFgtzYmQbDgAR0dCj%252BqTmopE2eBfAAAAAGXT8iwAAAAB%26reviewId%3DR3T3NMXYC44TFQ&openid.identity=http%3A%2F%2Fspecs.openid.net%2Fauth%2F2.0%2Fidentifier_select&openid.assoc_handle=usflex&openid.mode=checkid_setup&marketPlaceId=ATVPDKIKX0DER&language=en&openid.claimed_id=http%3A%2F%2Fspecs.openid.net%2Fauth%2F2.0%2Fidentifier_select&openid.ns=http%3A%2F%2Fspecs.openid.net%2Fauth%2F2.0","Helpful","Showing  comments","https://www.amazon.com/hz/reviews-render/report-review?ie=UTF8&ref=cm_cr_getr_d_rvw_hlp&csrfT=hPDp4wbaYcNhkkp0hFgtzYmQbDgAR0dCj%2BqTmopE2eBfAAAAAGXT8iwAAAAB&reviewId=R3T3NMXYC44TFQ","","0","There was a problem loading comments right now. Please try again later.",""
"https://www.amazon.com/gp/profile/amzn1.account.AELBXVAMTKQOA3AKB2DBGVSSRNHQ/ref=cm_cr_getr_d_gw_btm?ie=UTF8","<img src=""https://images-na.ssl-images-amazon.com/images/S/amazon-avatars-global/default._CR0,0,1024,1024_SX48_.png""/>","Beth M. Krzaczek","https://www.amazon.com/gp/customer-reviews/R3G8ABJTLWNQT5/ref=cm_cr_getr_d_rvw_ttl?ie=UTF8&ASIN=B00HHIM4LG","1.0 out of 5 stars","Yorkie Boycott!!","Reviewed in the United States on August 31, 2017","https://www.amazon.com/gp/help/customer/display.html/ref=cm_cr_dp_d_rvw_avp?nodeId=G75XTB7MBMBTXP6W","Verified Purchase","My Yorkies hated these treats.  I purchased these to substitute the yogurt ones I had purchased from Aldi's which were no longer in stock.  My spoiled dogs would starve before eating these, so they ended up in the trash.","Report","https://www.amazon.com/ap/signin?openid.return_to=https%3A%2F%2Fwww.amazon.com%2FTwistix-5-5-Ounce-Yogurt-Banana-Dental%2Fproduct-reviews%2FB00HHIM4LG%2Fref%3Dcm_cr_getr_d_vote_lft%3Fie%3DUTF8%26pageSize%3D10%26csrfT%3DhAm8xf1O6p1MRju82aGUM7flrEfD6jIhgi0lJu8CDwpVAAAAAGXT8iwAAAAB%26reviewId%3DR3G8ABJTLWNQT5&openid.identity=http%3A%2F%2Fspecs.openid.net%2Fauth%2F2.0%2Fidentifier_select&openid.assoc_handle=usflex&openid.mode=checkid_setup&marketPlaceId=ATVPDKIKX0DER&language=en&openid.claimed_id=http%3A%2F%2Fspecs.openid.net%2Fauth%2F2.0%2Fidentifier_select&openid.ns=http%3A%2F%2Fspecs.openid.net%2Fauth%2F2.0","Helpful","Showing  comments","https://www.amazon.com/hz/reviews-render/report-review?ie=UTF8&ref=cm_cr_getr_d_rvw_hlp&csrfT=hAm8xf1O6p1MRju82aGUM7flrEfD6jIhgi0lJu8CDwpVAAAAAGXT8iwAAAAB&reviewId=R3G8ABJTLWNQT5","","0","There was a problem loading comments right now. Please try again later.",""
"https://www.amazon.com/gp/profile/amzn1.account.AEFQSC23TP7A3URYGN2KSPYQPPUA/ref=cm_cr_getr_d_gw_btm?ie=UTF8","<img src=""https://images-na.ssl-images-amazon.com/images/S/amazon-avatars-global/default._CR0,0,1024,1024_SX48_.png""/>","Ljazel","https://www.amazon.com/gp/customer-reviews/RBQ8BTUGLXA0Q/ref=cm_cr_getr_d_rvw_ttl?ie=UTF8&ASIN=B00HHIM4LG","5.0 out of 5 stars","Great product","Reviewed in the United States on September 21, 2017","https://www.amazon.com/gp/help/customer/display.html/ref=cm_cr_dp_d_rvw_avp?nodeId=G75XTB7MBMBTXP6W","Verified Purchase","Great product at a great price","Report","https://www.amazon.com/ap/signin?openid.return_to=https%3A%2F%2Fwww.amazon.com%2FTwistix-5-5-Ounce-Yogurt-Banana-Dental%2Fproduct-reviews%2FB00HHIM4LG%2Fref%3Dcm_cr_getr_d_vote_lft%3Fie%3DUTF8%26pageSize%3D10%26csrfT%3DhAfqUCmx0XMXXhjsgmzEY6E7rBKt3JWQCpmImVEXKmZXAAAAAGXT8iwAAAAB%26reviewId%3DRBQ8BTUGLXA0Q&openid.identity=http%3A%2F%2Fspecs.openid.net%2Fauth%2F2.0%2Fidentifier_select&openid.assoc_handle=usflex&openid.mode=checkid_setup&marketPlaceId=ATVPDKIKX0DER&language=en&openid.claimed_id=http%3A%2F%2Fspecs.openid.net%2Fauth%2F2.0%2Fidentifier_select&openid.ns=http%3A%2F%2Fspecs.openid.net%2Fauth%2F2.0","Helpful","Showing  comments","https://www.amazon.com/hz/reviews-render/report-review?ie=UTF8&ref=cm_cr_getr_d_rvw_hlp&csrfT=hAfqUCmx0XMXXhjsgmzEY6E7rBKt3JWQCpmImVEXKmZXAAAAAGXT8iwAAAAB&reviewId=RBQ8BTUGLXA0Q","","0","There was a problem loading comments right now. Please try again later.",""
"https://www.amazon.com/gp/profile/amzn1.account.AH5TWZOW42YA6WE6PVH5F6XDLKTA/ref=cm_cr_getr_d_gw_btm?ie=UTF8","<img src=""https://images-na.ssl-images-amazon.com/images/S/amazon-avatars-global/default._CR0,0,1024,1024_SX48_.png""/>","Reader2016","https://www.amazon.com/gp/customer-reviews/RI9AC8KCGV9YH/ref=cm_cr_getr_d_rvw_ttl?ie=UTF8&ASIN=B00HHIM4LG","1.0 out of 5 stars","Hard as a rock","Reviewed in the United States on April 3, 2017","https://www.amazon.com/gp/help/customer/display.html/ref=cm_cr_dp_d_rvw_avp?nodeId=G75XTB7MBMBTXP6W","Verified Purchase","These are hard as a rock and have no give. I have a senior (chihuahua) dog and his poor little mouth didn't stand a chance. I rated it so low because of that. Younger, bigger dogs might love them.","Report","https://www.amazon.com/ap/signin?openid.return_to=https%3A%2F%2Fwww.amazon.com%2FTwistix-5-5-Ounce-Yogurt-Banana-Dental%2Fproduct-reviews%2FB00HHIM4LG%2Fref%3Dcm_cr_getr_d_vote_lft%3Fie%3DUTF8%26pageSize%3D10%26csrfT%3DhC7w5FzcstxkKljPg%252F2%252BsAPInkjjf74lMfYSq%252FNamBgNAAAAAGXT8iwAAAAB%26reviewId%3DRI9AC8KCGV9YH&openid.identity=http%3A%2F%2Fspecs.openid.net%2Fauth%2F2.0%2Fidentifier_select&openid.assoc_handle=usflex&openid.mode=checkid_setup&marketPlaceId=ATVPDKIKX0DER&language=en&openid.claimed_id=http%3A%2F%2Fspecs.openid.net%2Fauth%2F2.0%2Fidentifier_select&openid.ns=http%3A%2F%2Fspecs.openid.net%2Fauth%2F2.0","Helpful","Showing  comments","https://www.amazon.com/hz/reviews-render/report-review?ie=UTF8&ref=cm_cr_getr_d_rvw_hlp&csrfT=hC7w5FzcstxkKljPg%2F2%2BsAPInkjjf74lMfYSq%2FNamBgNAAAAAGXT8iwAAAAB&reviewId=RI9AC8KCGV9YH","","0","There was a problem loading comments right now. Please try again later.",""
"https://www.amazon.com/gp/profile/amzn1.account.AFMWSCUZ4ZAJHQMI3TGY3V5OPKOA/ref=cm_cr_getr_d_gw_btm?ie=UTF8","<img src=""https://images-na.ssl-images-amazon.com/images/S/amazon-avatars-global/default._CR0,0,1024,1024_SX48_.png""/>","Wilma F.","https://www.amazon.com/gp/customer-reviews/R28P5UGHIZ3LXM/ref=cm_cr_getr_d_rvw_ttl?ie=UTF8&ASIN=B00HHIM4LG","1.0 out of 5 stars","I have one that will eat anything and doesn't like these.","Reviewed in the United States on March 28, 2017","https://www.amazon.com/gp/help/customer/display.html/ref=cm_cr_dp_d_rvw_avp?nodeId=G75XTB7MBMBTXP6W","Verified Purchase","My dogs won't eat them.  I have one that will eat anything and doesn't like these.","Report","https://www.amazon.com/ap/signin?openid.return_to=https%3A%2F%2Fwww.amazon.com%2FTwistix-5-5-Ounce-Yogurt-Banana-Dental%2Fproduct-reviews%2FB00HHIM4LG%2Fref%3Dcm_cr_getr_d_vote_lft%3Fie%3DUTF8%26pageSize%3D10%26csrfT%3DhNiQpcEB2in2BgVdI8gtszLJT2oyR0Gx1a1pfS1N30ysAAAAAGXT8iwAAAAB%26reviewId%3DR28P5UGHIZ3LXM&openid.identity=http%3A%2F%2Fspecs.openid.net%2Fauth%2F2.0%2Fidentifier_select&openid.assoc_handle=usflex&openid.mode=checkid_setup&marketPlaceId=ATVPDKIKX0DER&language=en&openid.claimed_id=http%3A%2F%2Fspecs.openid.net%2Fauth%2F2.0%2Fidentifier_select&openid.ns=http%3A%2F%2Fspecs.openid.net%2Fauth%2F2.0","Helpful","Showing  comments","https://www.amazon.com/hz/reviews-render/report-review?ie=UTF8&ref=cm_cr_getr_d_rvw_hlp&csrfT=hNiQpcEB2in2BgVdI8gtszLJT2oyR0Gx1a1pfS1N30ysAAAAAGXT8iwAAAAB&reviewId=R28P5UGHIZ3LXM","","0","There was a problem loading comments right now. Please try again later.","https://images-na.ssl-images-amazon.com/images/G/01/x-locale/common/grey-pixel.gif"
"https://www.amazon.com/gp/profile/amzn1.account.AG3RUN6QXDMTDGTA7MXGFMDUILBQ/ref=cm_cr_getr_d_gw_btm?ie=UTF8","<img src=""https://images-na.ssl-images-amazon.com/images/S/amazon-avatars-global/default._CR0,0,1024,1024_SX48_.png""/>","E. Constable","https://www.amazon.com/gp/customer-reviews/R3S0ZEO07J4CNL/ref=cm_cr_getr_d_rvw_ttl?ie=UTF8&ASIN=B00HHIM4LG","1.0 out of 5 stars","Dogs hated these","Reviewed in the United States on January 21, 2019","https://www.amazon.com/gp/help/customer/display.html/ref=cm_cr_dp_d_rvw_avp?nodeId=G75XTB7MBMBTXP6W","Verified Purchase","My dogs flat out rejected these.","Report","https://www.amazon.com/ap/signin?openid.return_to=https%3A%2F%2Fwww.amazon.com%2FTwistix-5-5-Ounce-Yogurt-Banana-Dental%2Fproduct-reviews%2FB00HHIM4LG%2Fref%3Dcm_cr_getr_d_vote_lft%3Fie%3DUTF8%26pageSize%3D10%26csrfT%3DhOzL8k99UivrXmKTBOhd3gCyYzhh9oNrzLrJBSoZI9dDAAAAAGXT8iwAAAAB%26reviewId%3DR3S0ZEO07J4CNL&openid.identity=http%3A%2F%2Fspecs.openid.net%2Fauth%2F2.0%2Fidentifier_select&openid.assoc_handle=usflex&openid.mode=checkid_setup&marketPlaceId=ATVPDKIKX0DER&language=en&openid.claimed_id=http%3A%2F%2Fspecs.openid.net%2Fauth%2F2.0%2Fidentifier_select&openid.ns=http%3A%2F%2Fspecs.openid.net%2Fauth%2F2.0","Helpful","Showing  comments","https://www.amazon.com/hz/reviews-render/report-review?ie=UTF8&ref=cm_cr_getr_d_rvw_hlp&csrfT=hOzL8k99UivrXmKTBOhd3gCyYzhh9oNrzLrJBSoZI9dDAAAAAGXT8iwAAAAB&reviewId=R3S0ZEO07J4CNL","","0","There was a problem loading comments right now. Please try again later.","https://images-na.ssl-images-amazon.com/images/G/01/x-locale/common/grey-pixel.gif"
"https://www.amazon.com/gp/profile/amzn1.account.AFN4M2OZJO47WMJO5NAIVTNFFCJQ/ref=cm_cr_getr_d_gw_btm?ie=UTF8","<img src=""https://images-na.ssl-images-amazon.com/images/S/amazon-avatars-global/default._CR0,0,1024,1024_SX48_.png""/>","Dana E. Smith","https://www.amazon.com/gp/customer-reviews/R1MEYBWV3D4M7V/ref=cm_cr_getr_d_rvw_ttl?ie=UTF8&ASIN=B00HHIM4LG","5.0 out of 5 stars","Five Stars","Reviewed in the United States on October 26, 2015","https://www.amazon.com/gp/help/customer/display.html/ref=cm_cr_dp_d_rvw_avp?nodeId=G75XTB7MBMBTXP6W","Verified Purchase","Our Yorkie loves these treats.","Report","https://www.amazon.com/ap/signin?openid.return_to=https%3A%2F%2Fwww.amazon.com%2FTwistix-5-5-Ounce-Yogurt-Banana-Dental%2Fproduct-reviews%2FB00HHIM4LG%2Fref%3Dcm_cr_getr_d_vote_lft%3Fie%3DUTF8%26pageSize%3D10%26csrfT%3DhEm83Qn8Aby7NumlvJDT0biiuUpRX1hXfZ6wqYB15R7CAAAAAGXT8iwAAAAB%26reviewId%3DR1MEYBWV3D4M7V&openid.identity=http%3A%2F%2Fspecs.openid.net%2Fauth%2F2.0%2Fidentifier_select&openid.assoc_handle=usflex&openid.mode=checkid_setup&marketPlaceId=ATVPDKIKX0DER&language=en&openid.claimed_id=http%3A%2F%2Fspecs.openid.net%2Fauth%2F2.0%2Fidentifier_select&openid.ns=http%3A%2F%2Fspecs.openid.net%2Fauth%2F2.0","Helpful","Showing  comments","https://www.amazon.com/hz/reviews-render/report-review?ie=UTF8&ref=cm_cr_getr_d_rvw_hlp&csrfT=hEm83Qn8Aby7NumlvJDT0biiuUpRX1hXfZ6wqYB15R7CAAAAAGXT8iwAAAAB&reviewId=R1MEYBWV3D4M7V","","0","There was a problem loading comments right now. Please try again later.","https://images-na.ssl-images-amazon.com/images/G/01/x-locale/common/grey-pixel.gif"
"https://www.amazon.com/gp/profile/amzn1.account.AEA4RUOCYFYLYPR4SSZHR2VBSGLQ/ref=cm_cr_getr_d_gw_btm?ie=UTF8","<img src=""https://images-na.ssl-images-amazon.com/images/S/amazon-avatars-global/default._CR0,0,1024,1024_SX48_.png""/>","Pug Princess","https://www.amazon.com/gp/customer-reviews/R2Z32820YIVA3F/ref=cm_cr_getr_d_rvw_ttl?ie=UTF8&ASIN=B00HHIM4LG","5.0 out of 5 stars","Five Stars","Reviewed in the United States on October 22, 2015","https://www.amazon.com/gp/help/customer/display.html/ref=cm_cr_dp_d_rvw_avp?nodeId=G75XTB7MBMBTXP6W","Verified Purchase","Dogs love them. Made in USA.","Report","https://www.amazon.com/ap/signin?openid.return_to=https%3A%2F%2Fwww.amazon.com%2FTwistix-5-5-Ounce-Yogurt-Banana-Dental%2Fproduct-reviews%2FB00HHIM4LG%2Fref%3Dcm_cr_getr_d_vote_lft%3Fie%3DUTF8%26pageSize%3D10%26csrfT%3DhADmYWa6%252FhIz9CNyd9k6%252BO7h1YVok3McXK7D3xR8V7j3AAAAAGXT8iwAAAAB%26reviewId%3DR2Z32820YIVA3F&openid.identity=http%3A%2F%2Fspecs.openid.net%2Fauth%2F2.0%2Fidentifier_select&openid.assoc_handle=usflex&openid.mode=checkid_setup&marketPlaceId=ATVPDKIKX0DER&language=en&openid.claimed_id=http%3A%2F%2Fspecs.openid.net%2Fauth%2F2.0%2Fidentifier_select&openid.ns=http%3A%2F%2Fspecs.openid.net%2Fauth%2F2.0","Helpful","Showing  comments","https://www.amazon.com/hz/reviews-render/report-review?ie=UTF8&ref=cm_cr_getr_d_rvw_hlp&csrfT=hADmYWa6%2FhIz9CNyd9k6%2BO7h1YVok3McXK7D3xR8V7j3AAAAAGXT8iwAAAAB&reviewId=R2Z32820YIVA3F","","0","There was a problem loading comments right now. Please try again later.","https://images-na.ssl-images-amazon.com/images/G/01/x-locale/common/grey-pixel.gif"
"https://www.amazon.com/gp/profile/amzn1.account.AHPB6SDM2RJZ4OLAHBGX6V4CW36A/ref=cm_cr_getr_d_gw_btm?ie=UTF8","<img src=""https://images-na.ssl-images-amazon.com/images/S/amazon-avatars-global/default._CR0,0,1024,1024_SX48_.png""/>","Roxanne Cuneo","https://www.amazon.com/gp/customer-reviews/R1IY3KAU8YDQ43/ref=cm_cr_getr_d_rvw_ttl?ie=UTF8&ASIN=B00HHIM4LG","5.0 out of 5 stars","Five Stars","Reviewed in the United States on January 15, 2016","https://www.amazon.com/gp/help/customer/display.html/ref=cm_cr_dp_d_rvw_avp?nodeId=G75XTB7MBMBTXP6W","Verified Purchase","My dog likes them","Report","https://www.amazon.com/ap/signin?openid.return_to=https%3A%2F%2Fwww.amazon.com%2FTwistix-5-5-Ounce-Yogurt-Banana-Dental%2Fproduct-reviews%2FB00HHIM4LG%2Fref%3Dcm_cr_getr_d_vote_lft%3Fie%3DUTF8%26pageSize%3D10%26csrfT%3DhGuCeogKGwaH0MIqCp6gRCHvwB1NuswlE9RiVg4Lo1djAAAAAGXT8i4AAAAB%26reviewId%3DR1IY3KAU8YDQ43&openid.identity=http%3A%2F%2Fspecs.openid.net%2Fauth%2F2.0%2Fidentifier_select&openid.assoc_handle=usflex&openid.mode=checkid_setup&marketPlaceId=ATVPDKIKX0DER&language=en&openid.claimed_id=http%3A%2F%2Fspecs.openid.net%2Fauth%2F2.0%2Fidentifier_select&openid.ns=http%3A%2F%2Fspecs.openid.net%2Fauth%2F2.0","Helpful","Showing  comments","https://www.amazon.com/hz/reviews-render/report-review?ie=UTF8&ref=cm_cr_getr_d_rvw_hlp&csrfT=hGuCeogKGwaH0MIqCp6gRCHvwB1NuswlE9RiVg4Lo1djAAAAAGXT8i4AAAAB&reviewId=R1IY3KAU8YDQ43","","0","There was a problem loading comments right now. Please try again later.",""
"https://www.amazon.com/gp/profile/amzn1.account.AHUV3YQZOPWBRFWWG6HXE2VNOTCA/ref=cm_cr_getr_d_gw_btm?ie=UTF8","<img src=""https://images-na.ssl-images-amazon.com/images/S/amazon-avatars-global/default._CR0,0,1024,1024_SX48_.png""/>","Kindle Customer","https://www.amazon.com/gp/customer-reviews/R2HOE5E90LNL93/ref=cm_cr_getr_d_rvw_ttl?ie=UTF8&ASIN=B00HHIM4LG","5.0 out of 5 stars","Five Stars","Reviewed in the United States on August 1, 2016","https://www.amazon.com/gp/help/customer/display.html/ref=cm_cr_dp_d_rvw_avp?nodeId=G75XTB7MBMBTXP6W","Verified Purchase","Dogs loved the flavor.","Report","https://www.amazon.com/ap/signin?openid.return_to=https%3A%2F%2Fwww.amazon.com%2FTwistix-5-5-Ounce-Yogurt-Banana-Dental%2Fproduct-reviews%2FB00HHIM4LG%2Fref%3Dcm_cr_getr_d_vote_lft%3Fie%3DUTF8%26pageSize%3D10%26csrfT%3DhJ78u2Jd9C54nVWhnjRr1xCKcqb7xtVtoBl%252FanmCFJpMAAAAAGXT8i4AAAAB%26reviewId%3DR2HOE5E90LNL93&openid.identity=http%3A%2F%2Fspecs.openid.net%2Fauth%2F2.0%2Fidentifier_select&openid.assoc_handle=usflex&openid.mode=checkid_setup&marketPlaceId=ATVPDKIKX0DER&language=en&openid.claimed_id=http%3A%2F%2Fspecs.openid.net%2Fauth%2F2.0%2Fidentifier_select&openid.ns=http%3A%2F%2Fspecs.openid.net%2Fauth%2F2.0","Helpful","Showing  comments","https://www.amazon.com/hz/reviews-render/report-review?ie=UTF8&ref=cm_cr_getr_d_rvw_hlp&csrfT=hJ78u2Jd9C54nVWhnjRr1xCKcqb7xtVtoBl%2FanmCFJpMAAAAAGXT8i4AAAAB&reviewId=R2HOE5E90LNL93","","0","There was a problem loading comments right now. Please try again later.",""
"https://www.amazon.com/gp/profile/amzn1.account.AH4MBRGHRK3TUV42KTJRTSCN2DSQ/ref=cm_cr_getr_d_gw_btm?ie=UTF8","<img src=""https://images-na.ssl-images-amazon.com/images/S/amazon-avatars-global/default._CR0,0,1024,1024_SX48_.png""/>","Amazon Customer","https://www.amazon.com/gp/customer-reviews/R2ZY8PR9BADWVG/ref=cm_cr_getr_d_rvw_ttl?ie=UTF8&ASIN=B00HHIM4LG","4.0 out of 5 stars","Four Stars","Reviewed in the United States on August 11, 2017","","","My dog loves them","Report","https://www.amazon.com/ap/signin?openid.return_to=https%3A%2F%2Fwww.amazon.com%2FTwistix-5-5-Ounce-Yogurt-Banana-Dental%2Fproduct-reviews%2FB00HHIM4LG%2Fref%3Dcm_cr_getr_d_vote_lft%3Fie%3DUTF8%26pageSize%3D10%26csrfT%3DhF4EzIPyPl0uzSMzCNDJHN6jjEJhFpcNfGYonXZdQVg2AAAAAGXT8i4AAAAB%26reviewId%3DR2ZY8PR9BADWVG&openid.identity=http%3A%2F%2Fspecs.openid.net%2Fauth%2F2.0%2Fidentifier_select&openid.assoc_handle=usflex&openid.mode=checkid_setup&marketPlaceId=ATVPDKIKX0DER&language=en&openid.claimed_id=http%3A%2F%2Fspecs.openid.net%2Fauth%2F2.0%2Fidentifier_select&openid.ns=http%3A%2F%2Fspecs.openid.net%2Fauth%2F2.0","Helpful","Showing  comments","https://www.amazon.com/hz/reviews-render/report-review?ie=UTF8&ref=cm_cr_getr_d_rvw_hlp&csrfT=hF4EzIPyPl0uzSMzCNDJHN6jjEJhFpcNfGYonXZdQVg2AAAAAGXT8i4AAAAB&reviewId=R2ZY8PR9BADWVG","","0","There was a problem loading comments right now. Please try again later.",""
"https://www.amazon.com/gp/profile/amzn1.account.AFH6Z5TU5ZIBUDFFU3SYIWUHICAA/ref=cm_cr_getr_d_gw_btm?ie=UTF8","<img src=""https://images-na.ssl-images-amazon.com/images/S/amazon-avatars-global/default._CR0,0,1024,1024_SX48_.png""/>","Sunni","https://www.amazon.com/gp/customer-reviews/RIEMZHH84WJN5/ref=cm_cr_getr_d_rvw_ttl?ie=UTF8&ASIN=B00HHIM4LG","3.0 out of 5 stars","My Collie loves these in ANY flavor!","Reviewed in the United States on March 3, 2022","https://www.amazon.com/gp/help/customer/display.html/ref=cm_cr_dp_d_rvw_avp?nodeId=G75XTB7MBMBTXP6W","Verified Purchase","I buy her the small, as she gets multiple (all natural made in USA) treats morning and after dinner (she is a junk food junkie).  Since I have been working from home for the past two years, she is trying to add snacktime at noon as well, but I have resisted.  I am not purchasing these at this time, as this is a very small pouch and the price has recently skyrocketed everywhere, so when/if the price comes back down, I will purchase again.  Price is the reason I only gave 3 stars, otherwise it would have been 5.","Report","https://www.amazon.com/ap/signin?openid.return_to=https%3A%2F%2Fwww.amazon.com%2FTwistix-5-5-Ounce-Yogurt-Banana-Dental%2Fproduct-reviews%2FB00HHIM4LG%2Fref%3Dcm_cr_getr_d_vote_lft%3Fie%3DUTF8%26pageSize%3D10%26csrfT%3DhF%252Fg1%252FX%252BekCXmbtYT9KMj4rhvkPhwVf%252Bi0G3ZOtSKMUnAAAAAGXT8i4AAAAB%26reviewId%3DRIEMZHH84WJN5&openid.identity=http%3A%2F%2Fspecs.openid.net%2Fauth%2F2.0%2Fidentifier_select&openid.assoc_handle=usflex&openid.mode=checkid_setup&marketPlaceId=ATVPDKIKX0DER&language=en&openid.claimed_id=http%3A%2F%2Fspecs.openid.net%2Fauth%2F2.0%2Fidentifier_select&openid.ns=http%3A%2F%2Fspecs.openid.net%2Fauth%2F2.0","Helpful","Showing  comments","https://www.amazon.com/hz/reviews-render/report-review?ie=UTF8&ref=cm_cr_getr_d_rvw_hlp&csrfT=hF%2Fg1%2FX%2BekCXmbtYT9KMj4rhvkPhwVf%2Bi0G3ZOtSKMUnAAAAAGXT8i4AAAAB&reviewId=RIEMZHH84WJN5","","0","There was a problem loading comments right now. Please try again later.",""
"https://www.amazon.com/gp/profile/amzn1.account.AG25YJETWO2MYEDQPGZGQ4GQ56EQ/ref=cm_cr_getr_d_gw_btm?ie=UTF8","<img src=""https://images-na.ssl-images-amazon.com/images/S/amazon-avatars-global/default._CR0,0,1024,1024_SX48_.png""/>","Loni Crowe","https://www.amazon.com/gp/customer-reviews/R27EUQ4CMXSEH0/ref=cm_cr_getr_d_rvw_ttl?ie=UTF8&ASIN=B00HHIM4LG","5.0 out of 5 stars","My dogs fave","Reviewed in the United States on May 7, 2021","https://www.amazon.com/gp/help/customer/display.html/ref=cm_cr_dp_d_rvw_avp?nodeId=G75XTB7MBMBTXP6W","Verified Purchase","My dog loves these and he is soooo picky! They are made in the USA and a good staple treat I keep on hand. Wish they had the minis more available, but not spending double from other suppliers to get them.","Report","https://www.amazon.com/ap/signin?openid.return_to=https%3A%2F%2Fwww.amazon.com%2FTwistix-5-5-Ounce-Yogurt-Banana-Dental%2Fproduct-reviews%2FB00HHIM4LG%2Fref%3Dcm_cr_getr_d_vote_lft%3Fie%3DUTF8%26pageSize%3D10%26csrfT%3DhDzzxA6RBbLF170I9B1j9EMJ1%252Fdz1Yq8aJcscw3GnYAeAAAAAGXT8i4AAAAB%26reviewId%3DR27EUQ4CMXSEH0&openid.identity=http%3A%2F%2Fspecs.openid.net%2Fauth%2F2.0%2Fidentifier_select&openid.assoc_handle=usflex&openid.mode=checkid_setup&marketPlaceId=ATVPDKIKX0DER&language=en&openid.claimed_id=http%3A%2F%2Fspecs.openid.net%2Fauth%2F2.0%2Fidentifier_select&openid.ns=http%3A%2F%2Fspecs.openid.net%2Fauth%2F2.0","Helpful","Showing  comments","https://www.amazon.com/hz/reviews-render/report-review?ie=UTF8&ref=cm_cr_getr_d_rvw_hlp&csrfT=hDzzxA6RBbLF170I9B1j9EMJ1%2Fdz1Yq8aJcscw3GnYAeAAAAAGXT8i4AAAAB&reviewId=R27EUQ4CMXSEH0","","0","There was a problem loading comments right now. Please try again later.",""
"","<img src=""https://images-na.ssl-images-amazon.com/images/S/amazon-avatars-global/92a8104b-42b6-42cb-960c-99d39edb3ab3._CR109,0,281,281_SX48_.jpg""/>","Cynthia","https://www.amazon.com/hz/reviews-render/report-review?ie=UTF8&ref=cm_cr_getr_d_rvw_hlp&csrfT=hA5RXDTypY7g229sRldT4EypH%2F%2FhGC%2FmbqQesiZ%2B4lCQAAAAAGXT8i4AAAAB&reviewId=RRUCST9KQFXHT","4.0 out of 5 stars","My dog liked these","Reviewed in Canada on April 4, 2023","https://www.amazon.com/gp/help/customer/display.html/ref=cm_cr_dp_d_rvw_avp?nodeId=G75XTB7MBMBTXP6W","Verified Purchase","My dog liked these.","Report","","","","","","","",""
"","<img src=""https://images-na.ssl-images-amazon.com/images/S/amazon-avatars-global/default._CR0,0,1024,1024_SX48_.png""/>","V. Tran","https://www.amazon.com/hz/reviews-render/report-review?ie=UTF8&ref=cm_cr_getr_d_rvw_hlp&csrfT=hLb9RBGSIqTBEA%2F6NF6ByZNCSkbG34VauRBFZBDO5dPvAAAAAGXT8i4AAAAB&reviewId=R3EK2Q30ZEM83V","2.0 out of 5 stars","Great starter teething treat for puppies","Reviewed in Canada on May 10, 2017","https://www.amazon.com/gp/help/customer/display.html/ref=cm_cr_dp_d_rvw_avp?nodeId=G75XTB7MBMBTXP6W","Verified Purchase","My dogs love this treat and it is good for small dogs that have not graduated to chewing really tough treats yet.  But more than 1 of these twistix and they get diarrhea... I keep them now just as a laxative for them if ever they need it.","Report","","","","","","","","https://images-na.ssl-images-amazon.com/images/G/01/x-locale/common/grey-pixel.gif"
"","<img src=""https://images-na.ssl-images-amazon.com/images/S/amazon-avatars-global/default._CR0,0,1024,1024_SX48_.png""/>","debbie","https://www.amazon.com/hz/reviews-render/report-review?ie=UTF8&ref=cm_cr_getr_d_rvw_hlp&csrfT=hNrh9yXnwOsbiwBxkRoGt07nYo%2B2qiQ3CulNm4Rlb2IMAAAAAGXT8i4AAAAB&reviewId=R3V5HJNJ6SOVGC","5.0 out of 5 stars","My dog's favourite treat. Only given occasionally as some of the ...","Reviewed in Canada on December 30, 2016","https://www.amazon.com/gp/help/customer/display.html/ref=cm_cr_dp_d_rvw_avp?nodeId=G75XTB7MBMBTXP6W","Verified Purchase","My dog's favourite treat.  Only given occasionally as some of the ingredients that can't pronounce are questionable.","Report","","","","","","","","https://images-na.ssl-images-amazon.com/images/G/01/x-locale/common/grey-pixel.gif"
"","<img src=""https://images-na.ssl-images-amazon.com/images/S/amazon-avatars-global/default._CR0,0,1024,1024_SX48_.png""/>","Amazon Customer","https://www.amazon.com/hz/reviews-render/report-review?ie=UTF8&ref=cm_cr_getr_d_rvw_hlp&csrfT=hJj8iSqLK4%2Fwr51krnDVSyJB1YBQSDqtnI7NnwfGZlIFAAAAAGXT8i4AAAAB&reviewId=R3QIOCQ8P0E2YU","5.0 out of 5 stars","Five Stars","Reviewed in Canada on January 16, 2016","https://www.amazon.com/gp/help/customer/display.html/ref=cm_cr_dp_d_rvw_avp?nodeId=G75XTB7MBMBTXP6W","Verified Purchase","My dog loved them !","Report","","","","","","","","https://images-na.ssl-images-amazon.com/images/G/01/x-locale/common/grey-pixel.gif"