"a-profile href","a-profile-avatar src","a-profile-avatar","a-profile-name","a-size-base href","a-icon-alt","a-size-base","a-size-base 2","a-size-mini href","a-link-normal href","a-size-mini 2","a-size-base 3","a-button-text href","cr-helpful-text","a-size-base 4","a-size-base href 2","a-size-base 5","review-comment-count","a-alert-heading","a-lazy-loaded src"
"https://www.amazon.com/gp/profile/amzn1.account.AGBHTFNGGL7DMVFMP3ODB54YKEVA/ref=cm_cr_arp_d_gw_btm?ie=UTF8","https://images-na.ssl-images-amazon.com/images/S/amazon-avatars-global/default._CR0,0,1024,1024_SX48_.png","<img src=""https://images-na.ssl-images-amazon.com/images/S/amazon-avatars-global/default._CR0,0,1024,1024_SX48_.png""/>","Kellyhahn13","https://www.amazon.com/gp/customer-reviews/R2VA5NW9XRRYX3/ref=cm_cr_arp_d_rvw_ttl?ie=UTF8&ASIN=B0153SSMOO","5.0 out of 5 stars","Very tasty treat!","Reviewed in the United States on November 22, 2023","https://www.amazon.com/N-Bone-Pouch-Ferret-Treats-Flavor/product-reviews/B0153SSMOO/ref=cm_cr_arp_d_rvw_fmt?ie=UTF8&formatType=current_format","https://www.amazon.com/gp/help/customer/display.html/ref=cm_cr_dp_d_rvw_avp?nodeId=G75XTB7MBMBTXP6W","Verified Purchase","My girls loved these, came running for them! Quality product, good aroma, soft texture and easy to split.","https://www.amazon.com/ap/signin?openid.return_to=https%3A%2F%2Fwww.amazon.com%2FN-Bone-Pouch-Ferret-Treats-Flavor%2Fproduct-reviews%2FB0153SSMOO%2Fref%3Dcm_cr_arp_d_vote_lft%3Fie%3DUTF8%26csrfT%3DhAahMQJ2WoMRpesCN87ssykTeumDMEeOzwOMV34EaMuXAAAAAGXT4LMAAAAB%26reviewId%3DR2VA5NW9XRRYX3&openid.identity=http%3A%2F%2Fspecs.openid.net%2Fauth%2F2.0%2Fidentifier_select&openid.assoc_handle=usflex&openid.mode=checkid_setup&marketPlaceId=ATVPDKIKX0DER&language=en&openid.claimed_id=http%3A%2F%2Fspecs.openid.net%2Fauth%2F2.0%2Fidentifier_select&openid.ns=http%3A%2F%2Fspecs.openid.net%2Fauth%2F2.0","Helpful","Report","https://www.amazon.com/hz/reviews-render/report-review?ie=UTF8&ref=cm_cr_arp_d_rvw_hlp&csrfT=hAahMQJ2WoMRpesCN87ssykTeumDMEeOzwOMV34EaMuXAAAAAGXT4LMAAAAB&reviewId=R2VA5NW9XRRYX3","Showing  comments","0","There was a problem loading comments right now. Please try again later.",""
"https://www.amazon.com/gp/profile/amzn1.account.AHPCDJ2NNRY2M2E3JUKNA4XPCZCA/ref=cm_cr_arp_d_gw_btm?ie=UTF8","https://images-na.ssl-images-amazon.com/images/S/amazon-avatars-global/cc075269-e23f-4d69-ab71-ced2030d5286._CR26,0,448,448_SX48_.jpg","<img src=""https://images-na.ssl-images-amazon.com/images/S/amazon-avatars-global/cc075269-e23f-4d69-ab71-ced2030d5286._CR26,0,448,448_SX48_.jpg""/>","Jillian","https://www.amazon.com/gp/customer-reviews/R2T0JOL3AAVV9J/ref=cm_cr_arp_d_rvw_ttl?ie=UTF8&ASIN=B0153SSMOO","5.0 out of 5 stars","Love it","Reviewed in the United States on January 12, 2024","https://www.amazon.com/N-Bone-Pouch-Ferret-Treats-Flavor/product-reviews/B0153SSMOO/ref=cm_cr_arp_d_rvw_fmt?ie=UTF8&formatType=current_format","https://www.amazon.com/gp/help/customer/display.html/ref=cm_cr_dp_d_rvw_avp?nodeId=G75XTB7MBMBTXP6W","Verified Purchase","My ferrets love these treats. Great distraction for whennim cleaning their cages. They can't wait to get them out of my hand.","https://www.amazon.com/ap/signin?openid.return_to=https%3A%2F%2Fwww.amazon.com%2FN-Bone-Pouch-Ferret-Treats-Flavor%2Fproduct-reviews%2FB0153SSMOO%2Fref%3Dcm_cr_arp_d_vote_lft%3Fie%3DUTF8%26csrfT%3DhF5JpuNpoFOpKMc%252BI3iulGpFB3qXihj4GLq1NEWLkMd%252FAAAAAGXT4LMAAAAB%26reviewId%3DR2T0JOL3AAVV9J&openid.identity=http%3A%2F%2Fspecs.openid.net%2Fauth%2F2.0%2Fidentifier_select&openid.assoc_handle=usflex&openid.mode=checkid_setup&marketPlaceId=ATVPDKIKX0DER&language=en&openid.claimed_id=http%3A%2F%2Fspecs.openid.net%2Fauth%2F2.0%2Fidentifier_select&openid.ns=http%3A%2F%2Fspecs.openid.net%2Fauth%2F2.0","Helpful","Report","https://www.amazon.com/hz/reviews-render/report-review?ie=UTF8&ref=cm_cr_arp_d_rvw_hlp&csrfT=hF5JpuNpoFOpKMc%2BI3iulGpFB3qXihj4GLq1NEWLkMd%2FAAAAAGXT4LMAAAAB&reviewId=R2T0JOL3AAVV9J","Showing  comments","0","There was a problem loading comments right now. Please try again later.",""
"https://www.amazon.com/gp/profile/amzn1.account.AFVBZZZSAWLEKXKJYVM5SNHGAOLQ/ref=cm_cr_arp_d_gw_btm?ie=UTF8","https://images-na.ssl-images-amazon.com/images/S/amazon-avatars-global/default._CR0,0,1024,1024_SX48_.png","<img src=""https://images-na.ssl-images-amazon.com/images/S/amazon-avatars-global/default._CR0,0,1024,1024_SX48_.png""/>","P. R.","https://www.amazon.com/gp/customer-reviews/R1PT1MOVWKHVOV/ref=cm_cr_arp_d_rvw_ttl?ie=UTF8&ASIN=B0153SSMOO","5.0 out of 5 stars","Ferret loves them!","Reviewed in the United States on October 17, 2023","https://www.amazon.com/N-Bone-Pouch-Ferret-Treats-Flavor/product-reviews/B0153SSMOO/ref=cm_cr_arp_d_rvw_fmt?ie=UTF8&formatType=current_format","https://www.amazon.com/gp/help/customer/display.html/ref=cm_cr_dp_d_rvw_avp?nodeId=G75XTB7MBMBTXP6W","Verified Purchase","Great value for money! U get plenty and ferrets love them!! Will continue to buy as long as price stays the same.","https://www.amazon.com/ap/signin?openid.return_to=https%3A%2F%2Fwww.amazon.com%2FN-Bone-Pouch-Ferret-Treats-Flavor%2Fproduct-reviews%2FB0153SSMOO%2Fref%3Dcm_cr_arp_d_vote_lft%3Fie%3DUTF8%26csrfT%3DhM%252BvNlCJtzmaLjceL1OOoRup5SstNGaOlwSVjgJ%252B0qFpAAAAAGXT4LMAAAAB%26reviewId%3DR1PT1MOVWKHVOV&openid.identity=http%3A%2F%2Fspecs.openid.net%2Fauth%2F2.0%2Fidentifier_select&openid.assoc_handle=usflex&openid.mode=checkid_setup&marketPlaceId=ATVPDKIKX0DER&language=en&openid.claimed_id=http%3A%2F%2Fspecs.openid.net%2Fauth%2F2.0%2Fidentifier_select&openid.ns=http%3A%2F%2Fspecs.openid.net%2Fauth%2F2.0","Helpful","Report","https://www.amazon.com/hz/reviews-render/report-review?ie=UTF8&ref=cm_cr_arp_d_rvw_hlp&csrfT=hM%2BvNlCJtzmaLjceL1OOoRup5SstNGaOlwSVjgJ%2B0qFpAAAAAGXT4LMAAAAB&reviewId=R1PT1MOVWKHVOV","Showing  comments","0","There was a problem loading comments right now. Please try again later.",""
"https://www.amazon.com/gp/profile/amzn1.account.AFM6ND6PYJ7TK2ZYS2HNA7RFYVZA/ref=cm_cr_arp_d_gw_btm?ie=UTF8","https://images-na.ssl-images-amazon.com/images/S/amazon-avatars-global/default._CR0,0,1024,1024_SX48_.png","<img src=""https://images-na.ssl-images-amazon.com/images/S/amazon-avatars-global/default._CR0,0,1024,1024_SX48_.png""/>","Crystal s.","https://www.amazon.com/gp/customer-reviews/R3D6OJQOAFS5E6/ref=cm_cr_arp_d_rvw_ttl?ie=UTF8&ASIN=B0153SSMOO","5.0 out of 5 stars","Finally","Reviewed in the United States on August 26, 2023","https://www.amazon.com/N-Bone-Pouch-Ferret-Treats-Flavor/product-reviews/B0153SSMOO/ref=cm_cr_arp_d_rvw_fmt?ie=UTF8&formatType=current_format","https://www.amazon.com/gp/help/customer/display.html/ref=cm_cr_dp_d_rvw_avp?nodeId=G75XTB7MBMBTXP6W","Verified Purchase","They donâ€™t sell many treats for ferrets anymore so I was happy to see something different. The ferrets enjoyed these and it was great for the money","https://www.amazon.com/ap/signin?openid.return_to=https%3A%2F%2Fwww.amazon.com%2FN-Bone-Pouch-Ferret-Treats-Flavor%2Fproduct-reviews%2FB0153SSMOO%2Fref%3Dcm_cr_arp_d_vote_lft%3Fie%3DUTF8%26csrfT%3DhMHVVBd96vXvjdSt3oMnw%252BuNd%252FUzDuGimB1JI9gXBoMxAAAAAGXT4LMAAAAB%26reviewId%3DR3D6OJQOAFS5E6&openid.identity=http%3A%2F%2Fspecs.openid.net%2Fauth%2F2.0%2Fidentifier_select&openid.assoc_handle=usflex&openid.mode=checkid_setup&marketPlaceId=ATVPDKIKX0DER&language=en&openid.claimed_id=http%3A%2F%2Fspecs.openid.net%2Fauth%2F2.0%2Fidentifier_select&openid.ns=http%3A%2F%2Fspecs.openid.net%2Fauth%2F2.0","Helpful","One person found this helpful","https://www.amazon.com/hz/reviews-render/report-review?ie=UTF8&ref=cm_cr_arp_d_rvw_hlp&csrfT=hMHVVBd96vXvjdSt3oMnw%2BuNd%2FUzDuGimB1JI9gXBoMxAAAAAGXT4LMAAAAB&reviewId=R3D6OJQOAFS5E6","Report","0","There was a problem loading comments right now. Please try again later.",""
"https://www.amazon.com/gp/profile/amzn1.account.AH7KNGDUJBIRBGWW3PN7QBIKBQGA/ref=cm_cr_arp_d_gw_btm?ie=UTF8","https://images-na.ssl-images-amazon.com/images/S/amazon-avatars-global/default._CR0,0,1024,1024_SX48_.png","<img src=""https://images-na.ssl-images-amazon.com/images/S/amazon-avatars-global/default._CR0,0,1024,1024_SX48_.png""/>","Adam","https://www.amazon.com/gp/customer-reviews/RV6OCDS2HWFAD/ref=cm_cr_arp_d_rvw_ttl?ie=UTF8&ASIN=B0153SSMOO","5.0 out of 5 stars","My ferrets a picky eater","Reviewed in the United States on January 21, 2023","https://www.amazon.com/N-Bone-Pouch-Ferret-Treats-Flavor/product-reviews/B0153SSMOO/ref=cm_cr_arp_d_rvw_fmt?ie=UTF8&formatType=current_format","https://www.amazon.com/gp/help/customer/display.html/ref=cm_cr_dp_d_rvw_avp?nodeId=G75XTB7MBMBTXP6W","Verified Purchase","So this are amazing for our little guy he only likes the bacon flavor. His extremely picky when it comes to food so we are glad he likes this. Also we invested a lot of money into getting him this type of treat since it helps train.we recently bought him bacon flavor and they where wet like super moist. He didnâ€™t like them ,he didnâ€™t even touch them, I wonder if they changed the formula ? Super big deal for us !! Also DONT OVER FEED THEM , we gave him too much n he got super sick so we started to cut the hearts in half â€¦. Way better anyways we love them ðŸ’œ","https://www.amazon.com/ap/signin?openid.return_to=https%3A%2F%2Fwww.amazon.com%2FN-Bone-Pouch-Ferret-Treats-Flavor%2Fproduct-reviews%2FB0153SSMOO%2Fref%3Dcm_cr_arp_d_vote_lft%3Fie%3DUTF8%26csrfT%3DhJA7kqcXSXyO0mtNNwjk%252FrYKoIcWsGiwm7vCEBZx5%252BzFAAAAAGXT4LMAAAAB%26reviewId%3DRV6OCDS2HWFAD&openid.identity=http%3A%2F%2Fspecs.openid.net%2Fauth%2F2.0%2Fidentifier_select&openid.assoc_handle=usflex&openid.mode=checkid_setup&marketPlaceId=ATVPDKIKX0DER&language=en&openid.claimed_id=http%3A%2F%2Fspecs.openid.net%2Fauth%2F2.0%2Fidentifier_select&openid.ns=http%3A%2F%2Fspecs.openid.net%2Fauth%2F2.0","Helpful","Report","https://www.amazon.com/hz/reviews-render/report-review?ie=UTF8&ref=cm_cr_arp_d_rvw_hlp&csrfT=hJA7kqcXSXyO0mtNNwjk%2FrYKoIcWsGiwm7vCEBZx5%2BzFAAAAAGXT4LMAAAAB&reviewId=RV6OCDS2HWFAD","Showing  comments","0","There was a problem loading comments right now. Please try again later.",""
"https://www.amazon.com/gp/profile/amzn1.account.AGRR2WWC25FA5HSTDCQBYFZ6X7YQ/ref=cm_cr_arp_d_gw_btm?ie=UTF8","https://images-na.ssl-images-amazon.com/images/S/amazon-avatars-global/default._CR0,0,1024,1024_SX48_.png","<img src=""https://images-na.ssl-images-amazon.com/images/S/amazon-avatars-global/default._CR0,0,1024,1024_SX48_.png""/>","Amazon Customer","https://www.amazon.com/gp/customer-reviews/R25PBAGXIR0YC3/ref=cm_cr_arp_d_rvw_ttl?ie=UTF8&ASIN=B0153SSMOO","3.0 out of 5 stars","Soft treats","Reviewed in the United States on November 5, 2023","https://www.amazon.com/N-Bone-Pouch-Ferret-Treats-Flavor/product-reviews/B0153SSMOO/ref=cm_cr_arp_d_rvw_fmt?ie=UTF8&formatType=current_format","https://www.amazon.com/gp/help/customer/display.html/ref=cm_cr_dp_d_rvw_avp?nodeId=G75XTB7MBMBTXP6W","Verified Purchase","My ferret is very picky and did not like these treats at all. He will not eat them so if you have a picky eater do not buy these!","https://www.amazon.com/ap/signin?openid.return_to=https%3A%2F%2Fwww.amazon.com%2FN-Bone-Pouch-Ferret-Treats-Flavor%2Fproduct-reviews%2FB0153SSMOO%2Fref%3Dcm_cr_arp_d_vote_lft%3Fie%3DUTF8%26csrfT%3DhDf2QdM9HDuDhKovOAXY85FDg3jvfG%252FZAp771kLenRgyAAAAAGXT4LMAAAAB%26reviewId%3DR25PBAGXIR0YC3&openid.identity=http%3A%2F%2Fspecs.openid.net%2Fauth%2F2.0%2Fidentifier_select&openid.assoc_handle=usflex&openid.mode=checkid_setup&marketPlaceId=ATVPDKIKX0DER&language=en&openid.claimed_id=http%3A%2F%2Fspecs.openid.net%2Fauth%2F2.0%2Fidentifier_select&openid.ns=http%3A%2F%2Fspecs.openid.net%2Fauth%2F2.0","Helpful","Report","https://www.amazon.com/hz/reviews-render/report-review?ie=UTF8&ref=cm_cr_arp_d_rvw_hlp&csrfT=hDf2QdM9HDuDhKovOAXY85FDg3jvfG%2FZAp771kLenRgyAAAAAGXT4LMAAAAB&reviewId=R25PBAGXIR0YC3","Showing  comments","0","There was a problem loading comments right now. Please try again later.",""
"https://www.amazon.com/gp/profile/amzn1.account.AH2NYFGE577I7Q4GIT76TVW46FAA/ref=cm_cr_arp_d_gw_btm?ie=UTF8","","<img src=""https://images-na.ssl-images-amazon.com/images/S/amazon-avatars-global/default._CR0,0,1024,1024_SX48_.png""/>","Stefanie Dunn","https://www.amazon.com/gp/customer-reviews/R18V2U2R5ZILRP/ref=cm_cr_arp_d_rvw_ttl?ie=UTF8&ASIN=B0153SSMOO","4.0 out of 5 stars","Snack time","Reviewed in the United States on December 3, 2023","https://www.amazon.com/N-Bone-Pouch-Ferret-Treats-Flavor/product-reviews/B0153SSMOO/ref=cm_cr_arp_d_rvw_fmt?ie=UTF8&formatType=current_format","https://www.amazon.com/gp/help/customer/display.html/ref=cm_cr_dp_d_rvw_avp?nodeId=G75XTB7MBMBTXP6W","Verified Purchase","Fun snacks are yummy","https://www.amazon.com/ap/signin?openid.return_to=https%3A%2F%2Fwww.amazon.com%2FN-Bone-Pouch-Ferret-Treats-Flavor%2Fproduct-reviews%2FB0153SSMOO%2Fref%3Dcm_cr_arp_d_vote_lft%3Fie%3DUTF8%26csrfT%3DhJgSwxPva7tsoqlZP0%252BYB39xjHtAx7e1UUjKTKx75DmtAAAAAGXT4LMAAAAB%26reviewId%3DR18V2U2R5ZILRP&openid.identity=http%3A%2F%2Fspecs.openid.net%2Fauth%2F2.0%2Fidentifier_select&openid.assoc_handle=usflex&openid.mode=checkid_setup&marketPlaceId=ATVPDKIKX0DER&language=en&openid.claimed_id=http%3A%2F%2Fspecs.openid.net%2Fauth%2F2.0%2Fidentifier_select&openid.ns=http%3A%2F%2Fspecs.openid.net%2Fauth%2F2.0","Helpful","Report","https://www.amazon.com/hz/reviews-render/report-review?ie=UTF8&ref=cm_cr_arp_d_rvw_hlp&csrfT=hJgSwxPva7tsoqlZP0%2BYB39xjHtAx7e1UUjKTKx75DmtAAAAAGXT4LMAAAAB&reviewId=R18V2U2R5ZILRP","Showing  comments","0","There was a problem loading comments right now. Please try again later.","https://images-na.ssl-images-amazon.com/images/G/01/x-locale/common/grey-pixel.gif"
"https://www.amazon.com/gp/profile/amzn1.account.AG4NJHYILXJZO7KSVWBK23EWK4JA/ref=cm_cr_arp_d_gw_btm?ie=UTF8","","<img src=""https://images-na.ssl-images-amazon.com/images/S/amazon-avatars-global/default._CR0,0,1024,1024_SX48_.png""/>","debi","https://www.amazon.com/gp/customer-reviews/R10XPDZXC4FGN3/ref=cm_cr_arp_d_rvw_ttl?ie=UTF8&ASIN=B0153SSMOO","5.0 out of 5 stars","Ferret Treats","Reviewed in the United States on April 7, 2023","https://www.amazon.com/N-Bone-Pouch-Ferret-Treats-Flavor/product-reviews/B0153SSMOO/ref=cm_cr_arp_d_rvw_fmt?ie=UTF8&formatType=current_format","https://www.amazon.com/gp/help/customer/display.html/ref=cm_cr_dp_d_rvw_avp?nodeId=G75XTB7MBMBTXP6W","Verified Purchase","My ferret loves these treats. When my dogs line up for treats after being outside she also lines up. She will come from out of nowhere. I dont kniw how she knows.However although she loves the chicken treats she would not even get near the bacon I wound up throwing them out.","https://www.amazon.com/ap/signin?openid.return_to=https%3A%2F%2Fwww.amazon.com%2FN-Bone-Pouch-Ferret-Treats-Flavor%2Fproduct-reviews%2FB0153SSMOO%2Fref%3Dcm_cr_arp_d_vote_lft%3Fie%3DUTF8%26csrfT%3DhH6Do7s8j2IKgeE8WVgOmdGKNARQM2LqpGiydxau%252FWBPAAAAAGXT4LMAAAAB%26reviewId%3DR10XPDZXC4FGN3&openid.identity=http%3A%2F%2Fspecs.openid.net%2Fauth%2F2.0%2Fidentifier_select&openid.assoc_handle=usflex&openid.mode=checkid_setup&marketPlaceId=ATVPDKIKX0DER&language=en&openid.claimed_id=http%3A%2F%2Fspecs.openid.net%2Fauth%2F2.0%2Fidentifier_select&openid.ns=http%3A%2F%2Fspecs.openid.net%2Fauth%2F2.0","Helpful","Report","https://www.amazon.com/hz/reviews-render/report-review?ie=UTF8&ref=cm_cr_arp_d_rvw_hlp&csrfT=hH6Do7s8j2IKgeE8WVgOmdGKNARQM2LqpGiydxau%2FWBPAAAAAGXT4LMAAAAB&reviewId=R10XPDZXC4FGN3","Showing  comments","0","There was a problem loading comments right now. Please try again later.","https://images-na.ssl-images-amazon.com/images/G/01/x-locale/common/grey-pixel.gif"
"https://www.amazon.com/gp/profile/amzn1.account.AHZNVGNYNPNTX6XZF2F4L4PZGR3A/ref=cm_cr_arp_d_gw_btm?ie=UTF8","","<img src=""https://images-na.ssl-images-amazon.com/images/S/amazon-avatars-global/8c78efe4-dc98-4909-8296-6701ac99aa01._CR84,0,332,332_SX48_.jpg""/>","Chip0105","https://www.amazon.com/gp/customer-reviews/RKIXTB8L4M1TB/ref=cm_cr_arp_d_rvw_ttl?ie=UTF8&ASIN=B0153SSMOO","4.0 out of 5 stars","Hit or Miss","Reviewed in the United States on April 3, 2023","https://www.amazon.com/N-Bone-Pouch-Ferret-Treats-Flavor/product-reviews/B0153SSMOO/ref=cm_cr_arp_d_rvw_fmt?ie=UTF8&formatType=current_format","https://www.amazon.com/gp/help/customer/display.html/ref=cm_cr_dp_d_rvw_avp?nodeId=G75XTB7MBMBTXP6W","Verified Purchase","Ferrets can be somewhat picky in their taste for treats. We have two (2) ferrets and only one (1) liked these Bacon flavored treats.  We have purchased both the Chicken and Bacon flavored treats in the past. One thing to note. It seems that the company recently changed their Chicken flavored treat product. However, reading the ingredients for the older version and the new version, they are identical but the treats themselves are NOT the same. The Chicken flavored product used to be a brown color and both our ferrets loved those treats. We recently purchased the Chicken flavor treats again and they were the same dark brown (nearly black) color of the Bacon flavored treats. Now only one (1) of our ferrets like the Chicken so we stopped buying both the Chicken and Bacon treats.","https://www.amazon.com/ap/signin?openid.return_to=https%3A%2F%2Fwww.amazon.com%2FN-Bone-Pouch-Ferret-Treats-Flavor%2Fproduct-reviews%2FB0153SSMOO%2Fref%3Dcm_cr_arp_d_vote_lft%3Fie%3DUTF8%26csrfT%3DhJUe9jGUfkplQJW%252FqQynkhd6%252FtPdX%252BnMtlghU03TMopBAAAAAGXT4LMAAAAB%26reviewId%3DRKIXTB8L4M1TB&openid.identity=http%3A%2F%2Fspecs.openid.net%2Fauth%2F2.0%2Fidentifier_select&openid.assoc_handle=usflex&openid.mode=checkid_setup&marketPlaceId=ATVPDKIKX0DER&language=en&openid.claimed_id=http%3A%2F%2Fspecs.openid.net%2Fauth%2F2.0%2Fidentifier_select&openid.ns=http%3A%2F%2Fspecs.openid.net%2Fauth%2F2.0","Helpful","Report","https://www.amazon.com/hz/reviews-render/report-review?ie=UTF8&ref=cm_cr_arp_d_rvw_hlp&csrfT=hJUe9jGUfkplQJW%2FqQynkhd6%2FtPdX%2BnMtlghU03TMopBAAAAAGXT4LMAAAAB&reviewId=RKIXTB8L4M1TB","Showing  comments","0","There was a problem loading comments right now. Please try again later.","https://images-na.ssl-images-amazon.com/images/G/01/x-locale/common/grey-pixel.gif"
"https://www.amazon.com/gp/profile/amzn1.account.AH3T5HZ5MFPNE6OH6TF6JCVUEDBA/ref=cm_cr_arp_d_gw_btm?ie=UTF8","","<img src=""https://images-na.ssl-images-amazon.com/images/S/amazon-avatars-global/default._CR0,0,1024,1024_SX48_.png""/>","Good value and my ferrets love it .","https://www.amazon.com/gp/customer-reviews/R10SCW22TMG2WR/ref=cm_cr_arp_d_rvw_ttl?ie=UTF8&ASIN=B0153SSMOO","2.0 out of 5 stars","Ferrets won't eat, way to big","Reviewed in the United States on November 24, 2023","https://www.amazon.com/N-Bone-Pouch-Ferret-Treats-Flavor/product-reviews/B0153SSMOO/ref=cm_cr_arp_d_rvw_fmt?ie=UTF8&formatType=current_format","https://www.amazon.com/gp/help/customer/display.html/ref=cm_cr_dp_d_rvw_avp?nodeId=G75XTB7MBMBTXP6W","Verified Purchase","It came packaged well but the particles are too big the ferrets would not eat it I even tried to give it to my cat and he would not eat it and he eats anything. Product is a little sticky and hard to chew for the animals not to say it doesn't work well for other people's ferrets and my dog likes it ðŸ¤·","https://www.amazon.com/ap/signin?openid.return_to=https%3A%2F%2Fwww.amazon.com%2FN-Bone-Pouch-Ferret-Treats-Flavor%2Fproduct-reviews%2FB0153SSMOO%2Fref%3Dcm_cr_arp_d_vote_lft%3Fie%3DUTF8%26csrfT%3DhJUZjetlAlD9J8IjcqjnDwShj7HNvjmhSEothzjqfpOhAAAAAGXT4LMAAAAB%26reviewId%3DR10SCW22TMG2WR&openid.identity=http%3A%2F%2Fspecs.openid.net%2Fauth%2F2.0%2Fidentifier_select&openid.assoc_handle=usflex&openid.mode=checkid_setup&marketPlaceId=ATVPDKIKX0DER&language=en&openid.claimed_id=http%3A%2F%2Fspecs.openid.net%2Fauth%2F2.0%2Fidentifier_select&openid.ns=http%3A%2F%2Fspecs.openid.net%2Fauth%2F2.0","Helpful","Report","https://www.amazon.com/hz/reviews-render/report-review?ie=UTF8&ref=cm_cr_arp_d_rvw_hlp&csrfT=hJUZjetlAlD9J8IjcqjnDwShj7HNvjmhSEothzjqfpOhAAAAAGXT4LMAAAAB&reviewId=R10SCW22TMG2WR","Showing  comments","0","There was a problem loading comments right now. Please try again later.","https://images-na.ssl-images-amazon.com/images/G/01/x-locale/common/grey-pixel.gif"
"https://www.amazon.com/gp/profile/amzn1.account.AEQRBH754BDKLEXWPHUVGB6VZWAA/ref=cm_cr_getr_d_gw_btm?ie=UTF8","https://images-na.ssl-images-amazon.com/images/S/amazon-avatars-global/default._CR0,0,1024,1024_SX48_.png","<img src=""https://images-na.ssl-images-amazon.com/images/S/amazon-avatars-global/default._CR0,0,1024,1024_SX48_.png""/>","Andie","https://www.amazon.com/gp/customer-reviews/R310YYQCPMW0X9/ref=cm_cr_getr_d_rvw_ttl?ie=UTF8&ASIN=B0153SSMOO","4.0 out of 5 stars","Wasn't sent what was advertised","Reviewed in the United States on December 7, 2022","https://www.amazon.com/N-Bone-Pouch-Ferret-Treats-Flavor/product-reviews/B0153SSMOO/ref=cm_cr_getr_d_rvw_fmt?ie=UTF8&formatType=current_format","https://www.amazon.com/gp/help/customer/display.html/ref=cm_cr_dp_d_rvw_avp?nodeId=G75XTB7MBMBTXP6W","Verified Purchase","When I received it in the mail I actually got the sticks and not the little treats, I still kept them because my ferret will like them either way but I was really hoping for the soft treats.","https://www.amazon.com/ap/signin?openid.return_to=https%3A%2F%2Fwww.amazon.com%2FN-Bone-Pouch-Ferret-Treats-Flavor%2Fproduct-reviews%2FB0153SSMOO%2Fref%3Dcm_cr_getr_d_vote_lft%3Fie%3DUTF8%26pageSize%3D10%26csrfT%3DhGojsYFc0sIgA2NL7gH%252FR2Yp3n%252F11Qb7h3l%252BWAMmaJ7bAAAAAGXT4L4AAAAB%26reviewId%3DR310YYQCPMW0X9&openid.identity=http%3A%2F%2Fspecs.openid.net%2Fauth%2F2.0%2Fidentifier_select&openid.assoc_handle=usflex&openid.mode=checkid_setup&marketPlaceId=ATVPDKIKX0DER&language=en&openid.claimed_id=http%3A%2F%2Fspecs.openid.net%2Fauth%2F2.0%2Fidentifier_select&openid.ns=http%3A%2F%2Fspecs.openid.net%2Fauth%2F2.0","Helpful","Report","https://www.amazon.com/hz/reviews-render/report-review?ie=UTF8&ref=cm_cr_getr_d_rvw_hlp&csrfT=hGojsYFc0sIgA2NL7gH%2FR2Yp3n%2F11Qb7h3l%2BWAMmaJ7bAAAAAGXT4L4AAAAB&reviewId=R310YYQCPMW0X9","Showing  comments","0","There was a problem loading comments right now. Please try again later.",""
"https://www.amazon.com/gp/profile/amzn1.account.AESX6YIY5RVIJDWG5HAPXODEZ3BA/ref=cm_cr_getr_d_gw_btm?ie=UTF8","https://images-na.ssl-images-amazon.com/images/S/amazon-avatars-global/default._CR0,0,1024,1024_SX48_.png","<img src=""https://images-na.ssl-images-amazon.com/images/S/amazon-avatars-global/default._CR0,0,1024,1024_SX48_.png""/>","Treats are dry and not moist like they usual are","https://www.amazon.com/gp/customer-reviews/RHD838CNA1DTT/ref=cm_cr_getr_d_rvw_ttl?ie=UTF8&ASIN=B0153SSMOO","3.0 out of 5 stars","Dry treat","Reviewed in the United States on June 7, 2023","https://www.amazon.com/N-Bone-Pouch-Ferret-Treats-Flavor/product-reviews/B0153SSMOO/ref=cm_cr_getr_d_rvw_fmt?ie=UTF8&formatType=current_format","https://www.amazon.com/gp/help/customer/display.html/ref=cm_cr_dp_d_rvw_avp?nodeId=G75XTB7MBMBTXP6W","Verified Purchase","Itâ€™s too dry this time they usually are moist","https://www.amazon.com/ap/signin?openid.return_to=https%3A%2F%2Fwww.amazon.com%2FN-Bone-Pouch-Ferret-Treats-Flavor%2Fproduct-reviews%2FB0153SSMOO%2Fref%3Dcm_cr_getr_d_vote_lft%3Fie%3DUTF8%26pageSize%3D10%26csrfT%3DhI8OXdTxD3ND4oWkGdd49QTVgcA50yhy2IEBwtCbIMTfAAAAAGXT4L4AAAAB%26reviewId%3DRHD838CNA1DTT&openid.identity=http%3A%2F%2Fspecs.openid.net%2Fauth%2F2.0%2Fidentifier_select&openid.assoc_handle=usflex&openid.mode=checkid_setup&marketPlaceId=ATVPDKIKX0DER&language=en&openid.claimed_id=http%3A%2F%2Fspecs.openid.net%2Fauth%2F2.0%2Fidentifier_select&openid.ns=http%3A%2F%2Fspecs.openid.net%2Fauth%2F2.0","Helpful","Report","https://www.amazon.com/hz/reviews-render/report-review?ie=UTF8&ref=cm_cr_getr_d_rvw_hlp&csrfT=hI8OXdTxD3ND4oWkGdd49QTVgcA50yhy2IEBwtCbIMTfAAAAAGXT4L4AAAAB&reviewId=RHD838CNA1DTT","Showing  comments","0","There was a problem loading comments right now. Please try again later.",""
"https://www.amazon.com/gp/profile/amzn1.account.AHUZCENWXLM6N6BESCHYTRRGVU7A/ref=cm_cr_getr_d_gw_btm?ie=UTF8","https://images-na.ssl-images-amazon.com/images/S/amazon-avatars-global/default._CR0,0,1024,1024_SX48_.png","<img src=""https://images-na.ssl-images-amazon.com/images/S/amazon-avatars-global/default._CR0,0,1024,1024_SX48_.png""/>","TLeigh","https://www.amazon.com/gp/customer-reviews/R2RKKRK4YSUITI/ref=cm_cr_getr_d_rvw_ttl?ie=UTF8&ASIN=B0153SSMOO","5.0 out of 5 stars","My ferret loves these!","Reviewed in the United States on April 16, 2023","https://www.amazon.com/N-Bone-Pouch-Ferret-Treats-Flavor/product-reviews/B0153SSMOO/ref=cm_cr_getr_d_rvw_fmt?ie=UTF8&formatType=current_format","https://www.amazon.com/gp/help/customer/display.html/ref=cm_cr_dp_d_rvw_avp?nodeId=G75XTB7MBMBTXP6W","Verified Purchase","Win win for the ferret team. My ferret loves these treats.","https://www.amazon.com/ap/signin?openid.return_to=https%3A%2F%2Fwww.amazon.com%2FN-Bone-Pouch-Ferret-Treats-Flavor%2Fproduct-reviews%2FB0153SSMOO%2Fref%3Dcm_cr_getr_d_vote_lft%3Fie%3DUTF8%26pageSize%3D10%26csrfT%3DhKKqYO2aPymc6LtV350H52mOYfOwIqcFSA694Qj0FqLVAAAAAGXT4L4AAAAB%26reviewId%3DR2RKKRK4YSUITI&openid.identity=http%3A%2F%2Fspecs.openid.net%2Fauth%2F2.0%2Fidentifier_select&openid.assoc_handle=usflex&openid.mode=checkid_setup&marketPlaceId=ATVPDKIKX0DER&language=en&openid.claimed_id=http%3A%2F%2Fspecs.openid.net%2Fauth%2F2.0%2Fidentifier_select&openid.ns=http%3A%2F%2Fspecs.openid.net%2Fauth%2F2.0","Helpful","Report","https://www.amazon.com/hz/reviews-render/report-review?ie=UTF8&ref=cm_cr_getr_d_rvw_hlp&csrfT=hKKqYO2aPymc6LtV350H52mOYfOwIqcFSA694Qj0FqLVAAAAAGXT4L4AAAAB&reviewId=R2RKKRK4YSUITI","Showing  comments","0","There was a problem loading comments right now. Please try again later.",""
"https://www.amazon.com/gp/profile/amzn1.account.AG5MHBDIU5OU5ICLP4JEPYQDFKYA/ref=cm_cr_getr_d_gw_btm?ie=UTF8","https://images-na.ssl-images-amazon.com/images/S/amazon-avatars-global/4791721d-9dbc-4f52-8e77-36f191978451._CR0,0,404,404_SX48_.jpg","<img src=""https://images-na.ssl-images-amazon.com/images/S/amazon-avatars-global/4791721d-9dbc-4f52-8e77-36f191978451._CR0,0,404,404_SX48_.jpg""/>","James Wallace","https://www.amazon.com/gp/customer-reviews/RK65JUHX169L0/ref=cm_cr_getr_d_rvw_ttl?ie=UTF8&ASIN=B0153SSMOO","5.0 out of 5 stars","Our ferret loves these","Reviewed in the United States on March 18, 2023","https://www.amazon.com/N-Bone-Pouch-Ferret-Treats-Flavor/product-reviews/B0153SSMOO/ref=cm_cr_getr_d_rvw_fmt?ie=UTF8&formatType=current_format","https://www.amazon.com/gp/help/customer/display.html/ref=cm_cr_dp_d_rvw_avp?nodeId=G75XTB7MBMBTXP6W","Verified Purchase","Thatâ€™s all just that our ferret loves these treats.","https://www.amazon.com/ap/signin?openid.return_to=https%3A%2F%2Fwww.amazon.com%2FN-Bone-Pouch-Ferret-Treats-Flavor%2Fproduct-reviews%2FB0153SSMOO%2Fref%3Dcm_cr_getr_d_vote_lft%3Fie%3DUTF8%26pageSize%3D10%26csrfT%3DhJwg7lF3HQ513dAC9W%252BAi6Om3HmCTBAbJ67nbDPh0uaFAAAAAGXT4L4AAAAB%26reviewId%3DRK65JUHX169L0&openid.identity=http%3A%2F%2Fspecs.openid.net%2Fauth%2F2.0%2Fidentifier_select&openid.assoc_handle=usflex&openid.mode=checkid_setup&marketPlaceId=ATVPDKIKX0DER&language=en&openid.claimed_id=http%3A%2F%2Fspecs.openid.net%2Fauth%2F2.0%2Fidentifier_select&openid.ns=http%3A%2F%2Fspecs.openid.net%2Fauth%2F2.0","Helpful","Report","https://www.amazon.com/hz/reviews-render/report-review?ie=UTF8&ref=cm_cr_getr_d_rvw_hlp&csrfT=hJwg7lF3HQ513dAC9W%2BAi6Om3HmCTBAbJ67nbDPh0uaFAAAAAGXT4L4AAAAB&reviewId=RK65JUHX169L0","Showing  comments","0","There was a problem loading comments right now. Please try again later.",""
"https://www.amazon.com/gp/profile/amzn1.account.AGKCXNNYGZK7O6YS55ZS5MUN2CPQ/ref=cm_cr_getr_d_gw_btm?ie=UTF8","https://images-na.ssl-images-amazon.com/images/S/amazon-avatars-global/82f61779-15ad-4e76-b2a2-0548ef08505a._CR256,0,1536,1536_SX48_.jpg","<img src=""https://images-na.ssl-images-amazon.com/images/S/amazon-avatars-global/82f61779-15ad-4e76-b2a2-0548ef08505a._CR256,0,1536,1536_SX48_.jpg""/>","Tricia","https://www.amazon.com/gp/customer-reviews/R249KLRYOYWSN2/ref=cm_cr_getr_d_rvw_ttl?ie=UTF8&ASIN=B0153SSMOO","5.0 out of 5 stars","Regularly bought item .","Reviewed in the United States on March 15, 2022","https://www.amazon.com/N-Bone-Pouch-Ferret-Treats-Flavor/product-reviews/B0153SSMOO/ref=cm_cr_getr_d_rvw_fmt?ie=UTF8&formatType=current_format","https://www.amazon.com/gp/help/customer/display.html/ref=cm_cr_dp_d_rvw_avp?nodeId=G75XTB7MBMBTXP6W","Verified Purchase","My Ferret , Lewis, loves these and they keep his teeth clean !  I buy them when they have a good price either on Amazon or Chewy !!","https://www.amazon.com/ap/signin?openid.return_to=https%3A%2F%2Fwww.amazon.com%2FN-Bone-Pouch-Ferret-Treats-Flavor%2Fproduct-reviews%2FB0153SSMOO%2Fref%3Dcm_cr_getr_d_vote_lft%3Fie%3DUTF8%26pageSize%3D10%26csrfT%3DhELgzUyNp0hqTM3WdRzhPTEqUd5MspWiHVdVGX6e2HQUAAAAAGXT4L4AAAAB%26reviewId%3DR249KLRYOYWSN2&openid.identity=http%3A%2F%2Fspecs.openid.net%2Fauth%2F2.0%2Fidentifier_select&openid.assoc_handle=usflex&openid.mode=checkid_setup&marketPlaceId=ATVPDKIKX0DER&language=en&openid.claimed_id=http%3A%2F%2Fspecs.openid.net%2Fauth%2F2.0%2Fidentifier_select&openid.ns=http%3A%2F%2Fspecs.openid.net%2Fauth%2F2.0","Helpful","Report","https://www.amazon.com/hz/reviews-render/report-review?ie=UTF8&ref=cm_cr_getr_d_rvw_hlp&csrfT=hELgzUyNp0hqTM3WdRzhPTEqUd5MspWiHVdVGX6e2HQUAAAAAGXT4L4AAAAB&reviewId=R249KLRYOYWSN2","Showing  comments","0","There was a problem loading comments right now. Please try again later.",""
"https://www.amazon.com/gp/profile/amzn1.account.AHMNRQ44FEVP5ALUEJ7X2GDMJBXA/ref=cm_cr_getr_d_gw_btm?ie=UTF8","https://images-na.ssl-images-amazon.com/images/S/amazon-avatars-global/b7ad667f-bc55-4efd-be69-d8caa58ee399._CR0,19.0,295,295_SX48_.jpg","<img src=""https://images-na.ssl-images-amazon.com/images/S/amazon-avatars-global/b7ad667f-bc55-4efd-be69-d8caa58ee399._CR0,19.0,295,295_SX48_.jpg""/>","ashley","https://www.amazon.com/gp/customer-reviews/R3K3IU0G08UQIW/ref=cm_cr_getr_d_rvw_ttl?ie=UTF8&ASIN=B0153SSMOO","5.0 out of 5 stars","Ferrets love","Reviewed in the United States on August 17, 2022","https://www.amazon.com/N-Bone-Pouch-Ferret-Treats-Flavor/product-reviews/B0153SSMOO/ref=cm_cr_getr_d_rvw_fmt?ie=UTF8&formatType=current_format","https://www.amazon.com/gp/help/customer/display.html/ref=cm_cr_dp_d_rvw_avp?nodeId=G75XTB7MBMBTXP6W","Verified Purchase","Ferrets love these treats and they are great for them.","https://www.amazon.com/ap/signin?openid.return_to=https%3A%2F%2Fwww.amazon.com%2FN-Bone-Pouch-Ferret-Treats-Flavor%2Fproduct-reviews%2FB0153SSMOO%2Fref%3Dcm_cr_getr_d_vote_lft%3Fie%3DUTF8%26pageSize%3D10%26csrfT%3DhB06N%252BD%252FRvbpuDSUsnDtDlcCUjus8uEyS95Yh%252B9rRVzyAAAAAGXT4L4AAAAB%26reviewId%3DR3K3IU0G08UQIW&openid.identity=http%3A%2F%2Fspecs.openid.net%2Fauth%2F2.0%2Fidentifier_select&openid.assoc_handle=usflex&openid.mode=checkid_setup&marketPlaceId=ATVPDKIKX0DER&language=en&openid.claimed_id=http%3A%2F%2Fspecs.openid.net%2Fauth%2F2.0%2Fidentifier_select&openid.ns=http%3A%2F%2Fspecs.openid.net%2Fauth%2F2.0","Helpful","Report","https://www.amazon.com/hz/reviews-render/report-review?ie=UTF8&ref=cm_cr_getr_d_rvw_hlp&csrfT=hB06N%2BD%2FRvbpuDSUsnDtDlcCUjus8uEyS95Yh%2B9rRVzyAAAAAGXT4L4AAAAB&reviewId=R3K3IU0G08UQIW","Showing  comments","0","There was a problem loading comments right now. Please try again later.",""
"https://www.amazon.com/gp/profile/amzn1.account.AHHU6K3QGE74ALAEU5EOWX6R22NA/ref=cm_cr_getr_d_gw_btm?ie=UTF8","","<img src=""https://images-na.ssl-images-amazon.com/images/S/amazon-avatars-global/2a0b4653-73c1-409c-a9ef-7981df477d28._CR0,26.0,281,281_SX48_.jpg""/>","Lady X","https://www.amazon.com/gp/customer-reviews/R1F94LYE80X1CT/ref=cm_cr_getr_d_rvw_ttl?ie=UTF8&ASIN=B0153SSMOO","2.0 out of 5 stars","Gross","Reviewed in the United States on December 28, 2022","https://www.amazon.com/N-Bone-Pouch-Ferret-Treats-Flavor/product-reviews/B0153SSMOO/ref=cm_cr_getr_d_rvw_fmt?ie=UTF8&formatType=current_format","https://www.amazon.com/gp/help/customer/display.html/ref=cm_cr_dp_d_rvw_avp?nodeId=G75XTB7MBMBTXP6W","Verified Purchase","The bacon flavor smells really gross and doesn't feel right, the package was even bloated, none of my ferrets or even cat would touch it...I don't recommend this","https://www.amazon.com/ap/signin?openid.return_to=https%3A%2F%2Fwww.amazon.com%2FN-Bone-Pouch-Ferret-Treats-Flavor%2Fproduct-reviews%2FB0153SSMOO%2Fref%3Dcm_cr_getr_d_vote_lft%3Fie%3DUTF8%26pageSize%3D10%26csrfT%3DhBXiKqwWK4zBWaMkQ%252FQRxQjHx9h0r4sTo%252FXBup7oubX1AAAAAGXT4L4AAAAB%26reviewId%3DR1F94LYE80X1CT&openid.identity=http%3A%2F%2Fspecs.openid.net%2Fauth%2F2.0%2Fidentifier_select&openid.assoc_handle=usflex&openid.mode=checkid_setup&marketPlaceId=ATVPDKIKX0DER&language=en&openid.claimed_id=http%3A%2F%2Fspecs.openid.net%2Fauth%2F2.0%2Fidentifier_select&openid.ns=http%3A%2F%2Fspecs.openid.net%2Fauth%2F2.0","Helpful","Report","https://www.amazon.com/hz/reviews-render/report-review?ie=UTF8&ref=cm_cr_getr_d_rvw_hlp&csrfT=hBXiKqwWK4zBWaMkQ%2FQRxQjHx9h0r4sTo%2FXBup7oubX1AAAAAGXT4L4AAAAB&reviewId=R1F94LYE80X1CT","Showing  comments","0","There was a problem loading comments right now. Please try again later.","https://images-na.ssl-images-amazon.com/images/G/01/x-locale/common/grey-pixel.gif"
"https://www.amazon.com/gp/profile/amzn1.account.AEKUK2F2N5EQOSBPHBOG4PHCG35A/ref=cm_cr_getr_d_gw_btm?ie=UTF8","","<img src=""https://images-na.ssl-images-amazon.com/images/S/amazon-avatars-global/default._CR0,0,1024,1024_SX48_.png""/>","Emily McKeon","https://www.amazon.com/gp/customer-reviews/R109KY3616ZSB2/ref=cm_cr_getr_d_rvw_ttl?ie=UTF8&ASIN=B0153SSMOO","5.0 out of 5 stars","Great treat","Reviewed in the United States on March 9, 2021","https://www.amazon.com/N-Bone-Pouch-Ferret-Treats-Flavor/product-reviews/B0153SSMOO/ref=cm_cr_getr_d_rvw_fmt?ie=UTF8&formatType=current_format","https://www.amazon.com/gp/help/customer/display.html/ref=cm_cr_dp_d_rvw_avp?nodeId=G75XTB7MBMBTXP6W","Verified Purchase","My ferret goes crazy for these treats! Granted, the ingredients list isn't the best, which is why this is a treat and nothing else.","https://www.amazon.com/ap/signin?openid.return_to=https%3A%2F%2Fwww.amazon.com%2FN-Bone-Pouch-Ferret-Treats-Flavor%2Fproduct-reviews%2FB0153SSMOO%2Fref%3Dcm_cr_getr_d_vote_lft%3Fie%3DUTF8%26pageSize%3D10%26csrfT%3DhDX1Q0%252BpEINYAHObZfia%252FoseGcdjL5%252FlJR8gAxfLsw7JAAAAAGXT4L4AAAAB%26reviewId%3DR109KY3616ZSB2&openid.identity=http%3A%2F%2Fspecs.openid.net%2Fauth%2F2.0%2Fidentifier_select&openid.assoc_handle=usflex&openid.mode=checkid_setup&marketPlaceId=ATVPDKIKX0DER&language=en&openid.claimed_id=http%3A%2F%2Fspecs.openid.net%2Fauth%2F2.0%2Fidentifier_select&openid.ns=http%3A%2F%2Fspecs.openid.net%2Fauth%2F2.0","Helpful","2 people found this helpful","https://www.amazon.com/hz/reviews-render/report-review?ie=UTF8&ref=cm_cr_getr_d_rvw_hlp&csrfT=hDX1Q0%2BpEINYAHObZfia%2FoseGcdjL5%2FlJR8gAxfLsw7JAAAAAGXT4L4AAAAB&reviewId=R109KY3616ZSB2","Report","0","There was a problem loading comments right now. Please try again later.","https://images-na.ssl-images-amazon.com/images/G/01/x-locale/common/grey-pixel.gif"
"https://www.amazon.com/gp/profile/amzn1.account.AG7NK5WBMOVZKWCAIVBJQF67NMBA/ref=cm_cr_getr_d_gw_btm?ie=UTF8","","<img src=""https://images-na.ssl-images-amazon.com/images/S/amazon-avatars-global/default._CR0,0,1024,1024_SX48_.png""/>","Kristen D.","https://www.amazon.com/gp/customer-reviews/RZ22STOL1D3WO/ref=cm_cr_getr_d_rvw_ttl?ie=UTF8&ASIN=B0153SSMOO","5.0 out of 5 stars","Yum!","Reviewed in the United States on March 22, 2022","https://www.amazon.com/N-Bone-Pouch-Ferret-Treats-Flavor/product-reviews/B0153SSMOO/ref=cm_cr_getr_d_rvw_fmt?ie=UTF8&formatType=current_format","https://www.amazon.com/gp/help/customer/display.html/ref=cm_cr_dp_d_rvw_avp?nodeId=G75XTB7MBMBTXP6W","Verified Purchase","Little dude loves em!!!","https://www.amazon.com/ap/signin?openid.return_to=https%3A%2F%2Fwww.amazon.com%2FN-Bone-Pouch-Ferret-Treats-Flavor%2Fproduct-reviews%2FB0153SSMOO%2Fref%3Dcm_cr_getr_d_vote_lft%3Fie%3DUTF8%26pageSize%3D10%26csrfT%3DhPl%252BHPeslcydLihufxz7lYjfGv5MkrzjxWvtr88YuLxHAAAAAGXT4L4AAAAB%26reviewId%3DRZ22STOL1D3WO&openid.identity=http%3A%2F%2Fspecs.openid.net%2Fauth%2F2.0%2Fidentifier_select&openid.assoc_handle=usflex&openid.mode=checkid_setup&marketPlaceId=ATVPDKIKX0DER&language=en&openid.claimed_id=http%3A%2F%2Fspecs.openid.net%2Fauth%2F2.0%2Fidentifier_select&openid.ns=http%3A%2F%2Fspecs.openid.net%2Fauth%2F2.0","Helpful","Report","https://www.amazon.com/hz/reviews-render/report-review?ie=UTF8&ref=cm_cr_getr_d_rvw_hlp&csrfT=hPl%2BHPeslcydLihufxz7lYjfGv5MkrzjxWvtr88YuLxHAAAAAGXT4L4AAAAB&reviewId=RZ22STOL1D3WO","Showing  comments","0","There was a problem loading comments right now. Please try again later.","https://images-na.ssl-images-amazon.com/images/G/01/x-locale/common/grey-pixel.gif"
"https://www.amazon.com/gp/profile/amzn1.account.AFRBBHO5L22YD32LGBRZU2C2U56Q/ref=cm_cr_getr_d_gw_btm?ie=UTF8","","<img src=""https://images-na.ssl-images-amazon.com/images/S/amazon-avatars-global/b5c00faf-83dd-4a89-88c4-4bdfd9eea406._CR0,0,500,500_SX48_.jpg""/>","California Sunshine","https://www.amazon.com/gp/customer-reviews/RNJA4NC4HINAM/ref=cm_cr_getr_d_rvw_ttl?ie=UTF8&ASIN=B0153SSMOO","5.0 out of 5 stars","Perfect","Reviewed in the United States on October 20, 2021","https://www.amazon.com/N-Bone-Pouch-Ferret-Treats-Flavor/product-reviews/B0153SSMOO/ref=cm_cr_getr_d_rvw_fmt?ie=UTF8&formatType=current_format","https://www.amazon.com/gp/help/customer/display.html/ref=cm_cr_dp_d_rvw_avp?nodeId=G75XTB7MBMBTXP6W","Verified Purchase","I bought these for my ferrets and they loved them!","https://www.amazon.com/ap/signin?openid.return_to=https%3A%2F%2Fwww.amazon.com%2FN-Bone-Pouch-Ferret-Treats-Flavor%2Fproduct-reviews%2FB0153SSMOO%2Fref%3Dcm_cr_getr_d_vote_lft%3Fie%3DUTF8%26pageSize%3D10%26csrfT%3DhERsIArbtiSn5XVPXr7V%252BsFeA9g9bDz1vHCgSk0N8yYsAAAAAGXT4L4AAAAB%26reviewId%3DRNJA4NC4HINAM&openid.identity=http%3A%2F%2Fspecs.openid.net%2Fauth%2F2.0%2Fidentifier_select&openid.assoc_handle=usflex&openid.mode=checkid_setup&marketPlaceId=ATVPDKIKX0DER&language=en&openid.claimed_id=http%3A%2F%2Fspecs.openid.net%2Fauth%2F2.0%2Fidentifier_select&openid.ns=http%3A%2F%2Fspecs.openid.net%2Fauth%2F2.0","Helpful","Report","https://www.amazon.com/hz/reviews-render/report-review?ie=UTF8&ref=cm_cr_getr_d_rvw_hlp&csrfT=hERsIArbtiSn5XVPXr7V%2BsFeA9g9bDz1vHCgSk0N8yYsAAAAAGXT4L4AAAAB&reviewId=RNJA4NC4HINAM","Showing  comments","0","There was a problem loading comments right now. Please try again later.","https://images-na.ssl-images-amazon.com/images/G/01/x-locale/common/grey-pixel.gif"
"https://www.amazon.com/gp/profile/amzn1.account.AERLOTKSL3IDXPF7YOSNDHSGIBVQ/ref=cm_cr_getr_d_gw_btm?ie=UTF8","https://images-na.ssl-images-amazon.com/images/S/amazon-avatars-global/185155d3-6368-47ea-8606-fe17b50b227c._CR62,0,375,375_SX48_.jpg","<img src=""https://images-na.ssl-images-amazon.com/images/S/amazon-avatars-global/185155d3-6368-47ea-8606-fe17b50b227c._CR62,0,375,375_SX48_.jpg""/>","Tiffany","https://www.amazon.com/gp/customer-reviews/R38O3XG4S9J3GH/ref=cm_cr_getr_d_rvw_ttl?ie=UTF8&ASIN=B0153SSMOO","1.0 out of 5 stars","Different recipe?","Reviewed in the United States on April 5, 2023","https://www.amazon.com/N-Bone-Pouch-Ferret-Treats-Flavor/product-reviews/B0153SSMOO/ref=cm_cr_getr_d_rvw_fmt?ie=UTF8&formatType=current_format","https://www.amazon.com/gp/help/customer/display.html/ref=cm_cr_dp_d_rvw_avp?nodeId=G75XTB7MBMBTXP6W","Verified Purchase","The last batch of treats I received were much darker and had a different texture. My ferrets usually go crazy for these, but not with the new batch. Iâ€™m not sure what changed or if the company that sells these is a scam, but I will be purchasing from chewy from now on. Chewy has the same type I have received in the past that my ferrets really enjoy.","https://www.amazon.com/ap/signin?openid.return_to=https%3A%2F%2Fwww.amazon.com%2FN-Bone-Pouch-Ferret-Treats-Flavor%2Fproduct-reviews%2FB0153SSMOO%2Fref%3Dcm_cr_getr_d_vote_lft%3Fie%3DUTF8%26pageSize%3D10%26csrfT%3DhBRueo1jJxweirKZvohirBDCCE6UGmg8fz2Ez0UK%252FWe4AAAAAGXT4MAAAAAB%26reviewId%3DR38O3XG4S9J3GH&openid.identity=http%3A%2F%2Fspecs.openid.net%2Fauth%2F2.0%2Fidentifier_select&openid.assoc_handle=usflex&openid.mode=checkid_setup&marketPlaceId=ATVPDKIKX0DER&language=en&openid.claimed_id=http%3A%2F%2Fspecs.openid.net%2Fauth%2F2.0%2Fidentifier_select&openid.ns=http%3A%2F%2Fspecs.openid.net%2Fauth%2F2.0","Helpful","Report","https://www.amazon.com/hz/reviews-render/report-review?ie=UTF8&ref=cm_cr_getr_d_rvw_hlp&csrfT=hBRueo1jJxweirKZvohirBDCCE6UGmg8fz2Ez0UK%2FWe4AAAAAGXT4MAAAAAB&reviewId=R38O3XG4S9J3GH","Showing  comments","0","There was a problem loading comments right now. Please try again later.",""
"https://www.amazon.com/gp/profile/amzn1.account.AFY5WJ5WOBDBLIUNROTO25YTI3ZQ/ref=cm_cr_getr_d_gw_btm?ie=UTF8","https://images-na.ssl-images-amazon.com/images/S/amazon-avatars-global/default._CR0,0,1024,1024_SX48_.png","<img src=""https://images-na.ssl-images-amazon.com/images/S/amazon-avatars-global/default._CR0,0,1024,1024_SX48_.png""/>","Chris Conley","https://www.amazon.com/gp/customer-reviews/R33IYVPDXLQ5KC/ref=cm_cr_getr_d_rvw_ttl?ie=UTF8&ASIN=B0153SSMOO","5.0 out of 5 stars","Ferret Loves these treats","Reviewed in the United States on June 18, 2021","https://www.amazon.com/N-Bone-Pouch-Ferret-Treats-Flavor/product-reviews/B0153SSMOO/ref=cm_cr_getr_d_rvw_fmt?ie=UTF8&formatType=current_format","https://www.amazon.com/gp/help/customer/display.html/ref=cm_cr_dp_d_rvw_avp?nodeId=G75XTB7MBMBTXP6W","Verified Purchase","My ferret is a very picky eater but he loves these treats.","https://www.amazon.com/ap/signin?openid.return_to=https%3A%2F%2Fwww.amazon.com%2FN-Bone-Pouch-Ferret-Treats-Flavor%2Fproduct-reviews%2FB0153SSMOO%2Fref%3Dcm_cr_getr_d_vote_lft%3Fie%3DUTF8%26pageSize%3D10%26csrfT%3DhBdixyRHQJK3oDoSa3GPEt9O7k%252B%252BRc%252F9wBDZl8RQgCKpAAAAAGXT4MAAAAAB%26reviewId%3DR33IYVPDXLQ5KC&openid.identity=http%3A%2F%2Fspecs.openid.net%2Fauth%2F2.0%2Fidentifier_select&openid.assoc_handle=usflex&openid.mode=checkid_setup&marketPlaceId=ATVPDKIKX0DER&language=en&openid.claimed_id=http%3A%2F%2Fspecs.openid.net%2Fauth%2F2.0%2Fidentifier_select&openid.ns=http%3A%2F%2Fspecs.openid.net%2Fauth%2F2.0","Helpful","Report","https://www.amazon.com/hz/reviews-render/report-review?ie=UTF8&ref=cm_cr_getr_d_rvw_hlp&csrfT=hBdixyRHQJK3oDoSa3GPEt9O7k%2B%2BRc%2F9wBDZl8RQgCKpAAAAAGXT4MAAAAAB&reviewId=R33IYVPDXLQ5KC","Showing  comments","0","There was a problem loading comments right now. Please try again later.",""
"https://www.amazon.com/gp/profile/amzn1.account.AGBCDAIE7I4BNZQXR6T4Y6MXXKGQ/ref=cm_cr_getr_d_gw_btm?ie=UTF8","https://images-na.ssl-images-amazon.com/images/S/amazon-avatars-global/default._CR0,0,1024,1024_SX48_.png","<img src=""https://images-na.ssl-images-amazon.com/images/S/amazon-avatars-global/default._CR0,0,1024,1024_SX48_.png""/>","Rob Schimenek","https://www.amazon.com/gp/customer-reviews/R2I69QGDZAP3NI/ref=cm_cr_getr_d_rvw_ttl?ie=UTF8&ASIN=B0153SSMOO","5.0 out of 5 stars","Ferrets like bacon too","Reviewed in the United States on July 13, 2021","https://www.amazon.com/N-Bone-Pouch-Ferret-Treats-Flavor/product-reviews/B0153SSMOO/ref=cm_cr_getr_d_rvw_fmt?ie=UTF8&formatType=current_format","https://www.amazon.com/gp/help/customer/display.html/ref=cm_cr_dp_d_rvw_avp?nodeId=G75XTB7MBMBTXP6W","Verified Purchase","Ferrets love them and a good price.  Bacon","https://www.amazon.com/ap/signin?openid.return_to=https%3A%2F%2Fwww.amazon.com%2FN-Bone-Pouch-Ferret-Treats-Flavor%2Fproduct-reviews%2FB0153SSMOO%2Fref%3Dcm_cr_getr_d_vote_lft%3Fie%3DUTF8%26pageSize%3D10%26csrfT%3DhGMopTCetYGUtOM7pLXG%252B0x%252BTG7c22KGsnlE7%252FQO%252Beb0AAAAAGXT4MAAAAAB%26reviewId%3DR2I69QGDZAP3NI&openid.identity=http%3A%2F%2Fspecs.openid.net%2Fauth%2F2.0%2Fidentifier_select&openid.assoc_handle=usflex&openid.mode=checkid_setup&marketPlaceId=ATVPDKIKX0DER&language=en&openid.claimed_id=http%3A%2F%2Fspecs.openid.net%2Fauth%2F2.0%2Fidentifier_select&openid.ns=http%3A%2F%2Fspecs.openid.net%2Fauth%2F2.0","Helpful","Report","https://www.amazon.com/hz/reviews-render/report-review?ie=UTF8&ref=cm_cr_getr_d_rvw_hlp&csrfT=hGMopTCetYGUtOM7pLXG%2B0x%2BTG7c22KGsnlE7%2FQO%2Beb0AAAAAGXT4MAAAAAB&reviewId=R2I69QGDZAP3NI","Showing  comments","0","There was a problem loading comments right now. Please try again later.",""
"https://www.amazon.com/gp/profile/amzn1.account.AHUPHRHNIVLPV5YMEV7VBC53GXDQ/ref=cm_cr_getr_d_gw_btm?ie=UTF8","https://images-na.ssl-images-amazon.com/images/S/amazon-avatars-global/9b8dd581-7e04-461f-8aa8-a8390b16846a._CR0,0,500,500_SX48_.jpg","<img src=""https://images-na.ssl-images-amazon.com/images/S/amazon-avatars-global/9b8dd581-7e04-461f-8aa8-a8390b16846a._CR0,0,500,500_SX48_.jpg""/>","Chelsey Harris","https://www.amazon.com/gp/customer-reviews/R37MXAGXKOPQVM/ref=cm_cr_getr_d_rvw_ttl?ie=UTF8&ASIN=B0153SSMOO","5.0 out of 5 stars","Will buy more.","Reviewed in the United States on April 5, 2021","https://www.amazon.com/N-Bone-Pouch-Ferret-Treats-Flavor/product-reviews/B0153SSMOO/ref=cm_cr_getr_d_rvw_fmt?ie=UTF8&formatType=current_format","https://www.amazon.com/gp/help/customer/display.html/ref=cm_cr_dp_d_rvw_avp?nodeId=G75XTB7MBMBTXP6W","Verified Purchase","Comes with more than I expected. My ferret loves them.","https://www.amazon.com/ap/signin?openid.return_to=https%3A%2F%2Fwww.amazon.com%2FN-Bone-Pouch-Ferret-Treats-Flavor%2Fproduct-reviews%2FB0153SSMOO%2Fref%3Dcm_cr_getr_d_vote_lft%3Fie%3DUTF8%26pageSize%3D10%26csrfT%3DhDAGMlHryv0s6nqLSltr6QdNlsyb9qo9lnjcKMmzbhgFAAAAAGXT4MAAAAAB%26reviewId%3DR37MXAGXKOPQVM&openid.identity=http%3A%2F%2Fspecs.openid.net%2Fauth%2F2.0%2Fidentifier_select&openid.assoc_handle=usflex&openid.mode=checkid_setup&marketPlaceId=ATVPDKIKX0DER&language=en&openid.claimed_id=http%3A%2F%2Fspecs.openid.net%2Fauth%2F2.0%2Fidentifier_select&openid.ns=http%3A%2F%2Fspecs.openid.net%2Fauth%2F2.0","Helpful","Report","https://www.amazon.com/hz/reviews-render/report-review?ie=UTF8&ref=cm_cr_getr_d_rvw_hlp&csrfT=hDAGMlHryv0s6nqLSltr6QdNlsyb9qo9lnjcKMmzbhgFAAAAAGXT4MAAAAAB&reviewId=R37MXAGXKOPQVM","Showing  comments","0","There was a problem loading comments right now. Please try again later.",""
"https://www.amazon.com/gp/profile/amzn1.account.AF6LSZXRHH7LCJQWLK4QKYJCPLGA/ref=cm_cr_getr_d_gw_btm?ie=UTF8","https://images-na.ssl-images-amazon.com/images/S/amazon-avatars-global/default._CR0,0,1024,1024_SX48_.png","<img src=""https://images-na.ssl-images-amazon.com/images/S/amazon-avatars-global/default._CR0,0,1024,1024_SX48_.png""/>","M. Beach","https://www.amazon.com/gp/customer-reviews/R258TJQKU04K0U/ref=cm_cr_getr_d_rvw_ttl?ie=UTF8&ASIN=B0153SSMOO","1.0 out of 5 stars","Made my ferret sick! Causes dramatic drop in blood sugar, diarrhea and vomiting in ferrets!","Reviewed in the United States on December 5, 2022","https://www.amazon.com/N-Bone-Pouch-Ferret-Treats-Flavor/product-reviews/B0153SSMOO/ref=cm_cr_getr_d_rvw_fmt?ie=UTF8&formatType=current_format","https://www.amazon.com/gp/help/customer/display.html/ref=cm_cr_dp_d_rvw_avp?nodeId=G75XTB7MBMBTXP6W","Verified Purchase","My ferret started throwing up 30-45 min after eating 3 of these.  He was lethargic and it was a scary night.  After some research I found out that ferrets are not supposed to have sweet potatoes which is one of the main ingredients.  It can cause upset stomach and blood sugar issues.  Iâ€™d stay away from these treats.","https://www.amazon.com/ap/signin?openid.return_to=https%3A%2F%2Fwww.amazon.com%2FN-Bone-Pouch-Ferret-Treats-Flavor%2Fproduct-reviews%2FB0153SSMOO%2Fref%3Dcm_cr_getr_d_vote_lft%3Fie%3DUTF8%26pageSize%3D10%26csrfT%3DhAiaMKlKAyXiJHCdhK7OZj8DObDZVj8C6to0iEV9zq%252FkAAAAAGXT4MAAAAAB%26reviewId%3DR258TJQKU04K0U&openid.identity=http%3A%2F%2Fspecs.openid.net%2Fauth%2F2.0%2Fidentifier_select&openid.assoc_handle=usflex&openid.mode=checkid_setup&marketPlaceId=ATVPDKIKX0DER&language=en&openid.claimed_id=http%3A%2F%2Fspecs.openid.net%2Fauth%2F2.0%2Fidentifier_select&openid.ns=http%3A%2F%2Fspecs.openid.net%2Fauth%2F2.0","Helpful","2 people found this helpful","https://www.amazon.com/hz/reviews-render/report-review?ie=UTF8&ref=cm_cr_getr_d_rvw_hlp&csrfT=hAiaMKlKAyXiJHCdhK7OZj8DObDZVj8C6to0iEV9zq%2FkAAAAAGXT4MAAAAAB&reviewId=R258TJQKU04K0U","Report","0","There was a problem loading comments right now. Please try again later.",""
"https://www.amazon.com/gp/profile/amzn1.account.AGW22OPT2HSOAFDVGR3MIL7XV7CA/ref=cm_cr_getr_d_gw_btm?ie=UTF8","https://images-na.ssl-images-amazon.com/images/S/amazon-avatars-global/default._CR0,0,1024,1024_SX48_.png","<img src=""https://images-na.ssl-images-amazon.com/images/S/amazon-avatars-global/default._CR0,0,1024,1024_SX48_.png""/>","Amanda","https://www.amazon.com/gp/customer-reviews/RRSY5ZVHESLD1/ref=cm_cr_getr_d_rvw_ttl?ie=UTF8&ASIN=B0153SSMOO","5.0 out of 5 stars","Good quality for the price.","Reviewed in the United States on May 2, 2020","https://www.amazon.com/N-Bone-Pouch-Ferret-Treats-Flavor/product-reviews/B0153SSMOO/ref=cm_cr_getr_d_rvw_fmt?ie=UTF8&formatType=current_format","https://www.amazon.com/gp/help/customer/display.html/ref=cm_cr_dp_d_rvw_avp?nodeId=G75XTB7MBMBTXP6W","Verified Purchase","My ferret is a finicky eater, and he really enjoys these treats!","https://www.amazon.com/ap/signin?openid.return_to=https%3A%2F%2Fwww.amazon.com%2FN-Bone-Pouch-Ferret-Treats-Flavor%2Fproduct-reviews%2FB0153SSMOO%2Fref%3Dcm_cr_getr_d_vote_lft%3Fie%3DUTF8%26pageSize%3D10%26csrfT%3DhJam5NHcrmLfX%252FY9bfRazizCqC0FshHGKh2BMehKEEakAAAAAGXT4MAAAAAB%26reviewId%3DRRSY5ZVHESLD1&openid.identity=http%3A%2F%2Fspecs.openid.net%2Fauth%2F2.0%2Fidentifier_select&openid.assoc_handle=usflex&openid.mode=checkid_setup&marketPlaceId=ATVPDKIKX0DER&language=en&openid.claimed_id=http%3A%2F%2Fspecs.openid.net%2Fauth%2F2.0%2Fidentifier_select&openid.ns=http%3A%2F%2Fspecs.openid.net%2Fauth%2F2.0","Helpful","Report","https://www.amazon.com/hz/reviews-render/report-review?ie=UTF8&ref=cm_cr_getr_d_rvw_hlp&csrfT=hJam5NHcrmLfX%2FY9bfRazizCqC0FshHGKh2BMehKEEakAAAAAGXT4MAAAAAB&reviewId=RRSY5ZVHESLD1","Showing  comments","0","There was a problem loading comments right now. Please try again later.",""
"https://www.amazon.com/gp/profile/amzn1.account.AGOLFC33GW7EKFYT4C25XYBPFZBQ/ref=cm_cr_getr_d_gw_btm?ie=UTF8","","<img src=""https://images-na.ssl-images-amazon.com/images/S/amazon-avatars-global/default._CR0,0,1024,1024_SX48_.png""/>","Kylene Santoro","https://www.amazon.com/gp/customer-reviews/RWFT5YEQEFXHE/ref=cm_cr_getr_d_rvw_ttl?ie=UTF8&ASIN=B0153SSMOO","1.0 out of 5 stars","These aren't ferret-safe","Reviewed in the United States on February 10, 2022","https://www.amazon.com/N-Bone-Pouch-Ferret-Treats-Flavor/product-reviews/B0153SSMOO/ref=cm_cr_getr_d_rvw_fmt?ie=UTF8&formatType=current_format","https://www.amazon.com/gp/help/customer/display.html/ref=cm_cr_dp_d_rvw_avp?nodeId=G75XTB7MBMBTXP6W","Verified Purchase","I bought these and didn't realize until after I bought them that they aren't safe for ferrets. They contain sweet potato as the second ingredient. Ferrets are obligate carnivores and cannot digest vegetables, starch, etc. They also contain vegetable glycerin (essentially sugar), and sugar has been shown to cause insulinoma and/or make it worse. Consider buying freeze-dried treats (there are some marketed for cats but only contain meat and are safe).","https://www.amazon.com/ap/signin?openid.return_to=https%3A%2F%2Fwww.amazon.com%2FN-Bone-Pouch-Ferret-Treats-Flavor%2Fproduct-reviews%2FB0153SSMOO%2Fref%3Dcm_cr_getr_d_vote_lft%3Fie%3DUTF8%26pageSize%3D10%26csrfT%3DhPmH5qPgoea1hfs3u68UquFyg1l0sXklf3ndUX7uED0DAAAAAGXT4MAAAAAB%26reviewId%3DRWFT5YEQEFXHE&openid.identity=http%3A%2F%2Fspecs.openid.net%2Fauth%2F2.0%2Fidentifier_select&openid.assoc_handle=usflex&openid.mode=checkid_setup&marketPlaceId=ATVPDKIKX0DER&language=en&openid.claimed_id=http%3A%2F%2Fspecs.openid.net%2Fauth%2F2.0%2Fidentifier_select&openid.ns=http%3A%2F%2Fspecs.openid.net%2Fauth%2F2.0","Helpful","4 people found this helpful","https://www.amazon.com/hz/reviews-render/report-review?ie=UTF8&ref=cm_cr_getr_d_rvw_hlp&csrfT=hPmH5qPgoea1hfs3u68UquFyg1l0sXklf3ndUX7uED0DAAAAAGXT4MAAAAAB&reviewId=RWFT5YEQEFXHE","Report","0","There was a problem loading comments right now. Please try again later.","https://images-na.ssl-images-amazon.com/images/G/01/x-locale/common/grey-pixel.gif"
"https://www.amazon.com/gp/profile/amzn1.account.AHZC7KNCQS5VTIBVH6QFESVCTCNA/ref=cm_cr_getr_d_gw_btm?ie=UTF8","","<img src=""https://images-na.ssl-images-amazon.com/images/S/amazon-avatars-global/default._CR0,0,1024,1024_SX48_.png""/>","MarianaMae","https://www.amazon.com/gp/customer-reviews/R1OPXN22EKBMQ5/ref=cm_cr_getr_d_rvw_ttl?ie=UTF8&ASIN=B0153SSMOO","1.0 out of 5 stars","chemical smell to it","Reviewed in the United States on April 2, 2022","https://www.amazon.com/N-Bone-Pouch-Ferret-Treats-Flavor/product-reviews/B0153SSMOO/ref=cm_cr_getr_d_rvw_fmt?ie=UTF8&formatType=current_format","https://www.amazon.com/gp/help/customer/display.html/ref=cm_cr_dp_d_rvw_avp?nodeId=G75XTB7MBMBTXP6W","Verified Purchase","my ferret liked the treats, but about a month into it he had a smell by his face and i realized it was the treats, didnt smell it by opening the bag, i had to open the treat","https://www.amazon.com/ap/signin?openid.return_to=https%3A%2F%2Fwww.amazon.com%2FN-Bone-Pouch-Ferret-Treats-Flavor%2Fproduct-reviews%2FB0153SSMOO%2Fref%3Dcm_cr_getr_d_vote_lft%3Fie%3DUTF8%26pageSize%3D10%26csrfT%3DhEJjZDFONwlvL%252FZfkTswyQ8%252BW0%252BXjOBbwWONyrlJiZzZAAAAAGXT4MAAAAAB%26reviewId%3DR1OPXN22EKBMQ5&openid.identity=http%3A%2F%2Fspecs.openid.net%2Fauth%2F2.0%2Fidentifier_select&openid.assoc_handle=usflex&openid.mode=checkid_setup&marketPlaceId=ATVPDKIKX0DER&language=en&openid.claimed_id=http%3A%2F%2Fspecs.openid.net%2Fauth%2F2.0%2Fidentifier_select&openid.ns=http%3A%2F%2Fspecs.openid.net%2Fauth%2F2.0","Helpful","Report","https://www.amazon.com/hz/reviews-render/report-review?ie=UTF8&ref=cm_cr_getr_d_rvw_hlp&csrfT=hEJjZDFONwlvL%2FZfkTswyQ8%2BW0%2BXjOBbwWONyrlJiZzZAAAAAGXT4MAAAAAB&reviewId=R1OPXN22EKBMQ5","Showing  comments","0","There was a problem loading comments right now. Please try again later.","https://images-na.ssl-images-amazon.com/images/G/01/x-locale/common/grey-pixel.gif"
"https://www.amazon.com/gp/profile/amzn1.account.AHPB6NGIFANQJIPYWKSVMXBV2E5Q/ref=cm_cr_getr_d_gw_btm?ie=UTF8","","<img src=""https://images-na.ssl-images-amazon.com/images/S/amazon-avatars-global/default._CR0,0,1024,1024_SX48_.png""/>","vanessa Moreno","https://www.amazon.com/gp/customer-reviews/R1RSI6TMTQNUC7/ref=cm_cr_getr_d_rvw_ttl?ie=UTF8&ASIN=B0153SSMOO","1.0 out of 5 stars","Report","Reviewed in the United States on August 18, 2021","https://www.amazon.com/N-Bone-Pouch-Ferret-Treats-Flavor/product-reviews/B0153SSMOO/ref=cm_cr_getr_d_rvw_fmt?ie=UTF8&formatType=current_format","https://www.amazon.com/gp/help/customer/display.html/ref=cm_cr_dp_d_rvw_avp?nodeId=G75XTB7MBMBTXP6W","Verified Purchase","Translate review to English","https://www.amazon.com/ap/signin?openid.return_to=https%3A%2F%2Fwww.amazon.com%2FN-Bone-Pouch-Ferret-Treats-Flavor%2Fproduct-reviews%2FB0153SSMOO%2Fref%3Dcm_cr_getr_d_vote_lft%3Fie%3DUTF8%26pageSize%3D10%26csrfT%3DhFqpAdsN%252F89OIvYNEifRMxQS%252BzS2%252FORuDzksUcnskmMaAAAAAGXT4MAAAAAB%26reviewId%3DR1RSI6TMTQNUC7&openid.identity=http%3A%2F%2Fspecs.openid.net%2Fauth%2F2.0%2Fidentifier_select&openid.assoc_handle=usflex&openid.mode=checkid_setup&marketPlaceId=ATVPDKIKX0DER&language=en&openid.claimed_id=http%3A%2F%2Fspecs.openid.net%2Fauth%2F2.0%2Fidentifier_select&openid.ns=http%3A%2F%2Fspecs.openid.net%2Fauth%2F2.0","Helpful","Showing  comments","https://www.amazon.com/hz/reviews-render/report-review?ie=UTF8&ref=cm_cr_getr_d_rvw_hlp&csrfT=hFqpAdsN%2F89OIvYNEifRMxQS%2BzS2%2FORuDzksUcnskmMaAAAAAGXT4MAAAAAB&reviewId=R1RSI6TMTQNUC7","","0","There was a problem loading comments right now. Please try again later.","https://images-na.ssl-images-amazon.com/images/G/01/x-locale/common/grey-pixel.gif"
"https://www.amazon.com/gp/profile/amzn1.account.AF3DSOJAUMIAKGZHYWOUWLY62JBQ/ref=cm_cr_getr_d_gw_btm?ie=UTF8","","<img src=""https://images-na.ssl-images-amazon.com/images/S/amazon-avatars-global/3e22eb44-82ee-4aa6-aeb3-02fb33cd47c8._CR0,0,420,420_SX48_.jpg""/>","PoCoMaXa","https://www.amazon.com/gp/customer-reviews/R19PAWX63VKZ5/ref=cm_cr_getr_d_rvw_ttl?ie=UTF8&ASIN=B0153SSMOO","5.0 out of 5 stars","Five Stars","Reviewed in the United States on October 4, 2017","https://www.amazon.com/N-Bone-Pouch-Ferret-Treats-Flavor/product-reviews/B0153SSMOO/ref=cm_cr_getr_d_rvw_fmt?ie=UTF8&formatType=current_format","https://www.amazon.com/gp/help/customer/display.html/ref=cm_cr_dp_d_rvw_avp?nodeId=G75XTB7MBMBTXP6W","Verified Purchase","They love it","https://www.amazon.com/ap/signin?openid.return_to=https%3A%2F%2Fwww.amazon.com%2FN-Bone-Pouch-Ferret-Treats-Flavor%2Fproduct-reviews%2FB0153SSMOO%2Fref%3Dcm_cr_getr_d_vote_lft%3Fie%3DUTF8%26pageSize%3D10%26csrfT%3DhIFt0qc%252BatH6FrW06eAemG73jQoHWIJvuSN%252B7rlc0jgAAAAAAGXT4MAAAAAB%26reviewId%3DR19PAWX63VKZ5&openid.identity=http%3A%2F%2Fspecs.openid.net%2Fauth%2F2.0%2Fidentifier_select&openid.assoc_handle=usflex&openid.mode=checkid_setup&marketPlaceId=ATVPDKIKX0DER&language=en&openid.claimed_id=http%3A%2F%2Fspecs.openid.net%2Fauth%2F2.0%2Fidentifier_select&openid.ns=http%3A%2F%2Fspecs.openid.net%2Fauth%2F2.0","Helpful","One person found this helpful","https://www.amazon.com/hz/reviews-render/report-review?ie=UTF8&ref=cm_cr_getr_d_rvw_hlp&csrfT=hIFt0qc%2BatH6FrW06eAemG73jQoHWIJvuSN%2B7rlc0jgAAAAAAGXT4MAAAAAB&reviewId=R19PAWX63VKZ5","Report","0","There was a problem loading comments right now. Please try again later.","https://images-na.ssl-images-amazon.com/images/G/01/x-locale/common/grey-pixel.gif"
"https://www.amazon.com/gp/profile/amzn1.account.AGBBB7RSNPQSIDQKBYJAAYWT5V6A/ref=cm_cr_getr_d_gw_btm?ie=UTF8","https://images-na.ssl-images-amazon.com/images/S/amazon-avatars-global/af29411e-46bf-40f7-94e4-eda48bfae474._CR0,0,357,357_SX48_.jpg","<img src=""https://images-na.ssl-images-amazon.com/images/S/amazon-avatars-global/af29411e-46bf-40f7-94e4-eda48bfae474._CR0,0,357,357_SX48_.jpg""/>","Ivy Mae","https://www.amazon.com/gp/customer-reviews/R1E8TIFQZH6266/ref=cm_cr_getr_d_rvw_ttl?ie=UTF8&ASIN=B0153SSMOO","1.0 out of 5 stars","My ferrets won't even try these! : (","Reviewed in the United States on July 15, 2016","https://www.amazon.com/N-Bone-Pouch-Ferret-Treats-Flavor/product-reviews/B0153SSMOO/ref=cm_cr_getr_d_rvw_fmt?ie=UTF8&formatType=current_format","https://www.amazon.com/gp/help/customer/display.html/ref=cm_cr_dp_d_rvw_avp?nodeId=G75XTB7MBMBTXP6W","Verified Purchase","None of my 5 ferrets would eat these- neither would any of my cats! They wouldn't even try them. Yuck.","https://www.amazon.com/ap/signin?openid.return_to=https%3A%2F%2Fwww.amazon.com%2FN-Bone-Pouch-Ferret-Treats-Flavor%2Fproduct-reviews%2FB0153SSMOO%2Fref%3Dcm_cr_getr_d_vote_lft%3Fie%3DUTF8%26pageSize%3D10%26csrfT%3DhBH50oyzayNZa%252B10PQC7TA2K3tD%252Fbhfy75bJD0GFOmCmAAAAAGXT4MIAAAAB%26reviewId%3DR1E8TIFQZH6266&openid.identity=http%3A%2F%2Fspecs.openid.net%2Fauth%2F2.0%2Fidentifier_select&openid.assoc_handle=usflex&openid.mode=checkid_setup&marketPlaceId=ATVPDKIKX0DER&language=en&openid.claimed_id=http%3A%2F%2Fspecs.openid.net%2Fauth%2F2.0%2Fidentifier_select&openid.ns=http%3A%2F%2Fspecs.openid.net%2Fauth%2F2.0","Helpful","2 people found this helpful","https://www.amazon.com/hz/reviews-render/report-review?ie=UTF8&ref=cm_cr_getr_d_rvw_hlp&csrfT=hBH50oyzayNZa%2B10PQC7TA2K3tD%2Fbhfy75bJD0GFOmCmAAAAAGXT4MIAAAAB&reviewId=R1E8TIFQZH6266","Report","0","There was a problem loading comments right now. Please try again later.",""
"https://www.amazon.com/gp/profile/amzn1.account.AFLOU6MENEU5RROXUQEVOCNCSA4A/ref=cm_cr_getr_d_gw_btm?ie=UTF8","https://images-na.ssl-images-amazon.com/images/S/amazon-avatars-global/default._CR0,0,1024,1024_SX48_.png","<img src=""https://images-na.ssl-images-amazon.com/images/S/amazon-avatars-global/default._CR0,0,1024,1024_SX48_.png""/>","Maureen Lankewich","https://www.amazon.com/gp/customer-reviews/R36EYSHNAVJ4NC/ref=cm_cr_getr_d_rvw_ttl?ie=UTF8&ASIN=B0153SSMOO","5.0 out of 5 stars","Five Stars","Reviewed in the United States on January 23, 2017","https://www.amazon.com/N-Bone-Pouch-Ferret-Treats-Flavor/product-reviews/B0153SSMOO/ref=cm_cr_getr_d_rvw_fmt?ie=UTF8&formatType=current_format","https://www.amazon.com/gp/help/customer/display.html/ref=cm_cr_dp_d_rvw_avp?nodeId=G75XTB7MBMBTXP6W","Verified Purchase","Ferrets loved the treats.","https://www.amazon.com/ap/signin?openid.return_to=https%3A%2F%2Fwww.amazon.com%2FN-Bone-Pouch-Ferret-Treats-Flavor%2Fproduct-reviews%2FB0153SSMOO%2Fref%3Dcm_cr_getr_d_vote_lft%3Fie%3DUTF8%26pageSize%3D10%26csrfT%3DhHu2qgyZJ%252BQNay1u5kdKyD%252F8Md4bORBKNGEwPumVUpV%252FAAAAAGXT4MIAAAAB%26reviewId%3DR36EYSHNAVJ4NC&openid.identity=http%3A%2F%2Fspecs.openid.net%2Fauth%2F2.0%2Fidentifier_select&openid.assoc_handle=usflex&openid.mode=checkid_setup&marketPlaceId=ATVPDKIKX0DER&language=en&openid.claimed_id=http%3A%2F%2Fspecs.openid.net%2Fauth%2F2.0%2Fidentifier_select&openid.ns=http%3A%2F%2Fspecs.openid.net%2Fauth%2F2.0","Helpful","Report","https://www.amazon.com/hz/reviews-render/report-review?ie=UTF8&ref=cm_cr_getr_d_rvw_hlp&csrfT=hHu2qgyZJ%2BQNay1u5kdKyD%2F8Md4bORBKNGEwPumVUpV%2FAAAAAGXT4MIAAAAB&reviewId=R36EYSHNAVJ4NC","Showing  comments","0","There was a problem loading comments right now. Please try again later.",""
"https://www.amazon.com/gp/profile/amzn1.account.AHU25O65QA7H2M4IUYGVO4YQIDYQ/ref=cm_cr_getr_d_gw_btm?ie=UTF8","https://images-na.ssl-images-amazon.com/images/S/amazon-avatars-global/default._CR0,0,1024,1024_SX48_.png","<img src=""https://images-na.ssl-images-amazon.com/images/S/amazon-avatars-global/default._CR0,0,1024,1024_SX48_.png""/>","Steven R","https://www.amazon.com/gp/customer-reviews/R36UII1IJMCML8/ref=cm_cr_getr_d_rvw_ttl?ie=UTF8&ASIN=B0153SSMOO","1.0 out of 5 stars","No Way","Reviewed in the United States on December 14, 2016","https://www.amazon.com/N-Bone-Pouch-Ferret-Treats-Flavor/product-reviews/B0153SSMOO/ref=cm_cr_getr_d_rvw_fmt?ie=UTF8&formatType=current_format","https://www.amazon.com/gp/help/customer/display.html/ref=cm_cr_dp_d_rvw_avp?nodeId=G75XTB7MBMBTXP6W","Verified Purchase","Ferret totally rejected it","https://www.amazon.com/ap/signin?openid.return_to=https%3A%2F%2Fwww.amazon.com%2FN-Bone-Pouch-Ferret-Treats-Flavor%2Fproduct-reviews%2FB0153SSMOO%2Fref%3Dcm_cr_getr_d_vote_lft%3Fie%3DUTF8%26pageSize%3D10%26csrfT%3DhALc%252FOlic6stD%252B5xsH%252FeGAYKncLIE1Top2fecZ1N1NP%252BAAAAAGXT4MIAAAAB%26reviewId%3DR36UII1IJMCML8&openid.identity=http%3A%2F%2Fspecs.openid.net%2Fauth%2F2.0%2Fidentifier_select&openid.assoc_handle=usflex&openid.mode=checkid_setup&marketPlaceId=ATVPDKIKX0DER&language=en&openid.claimed_id=http%3A%2F%2Fspecs.openid.net%2Fauth%2F2.0%2Fidentifier_select&openid.ns=http%3A%2F%2Fspecs.openid.net%2Fauth%2F2.0","Helpful","One person found this helpful","https://www.amazon.com/hz/reviews-render/report-review?ie=UTF8&ref=cm_cr_getr_d_rvw_hlp&csrfT=hALc%2FOlic6stD%2B5xsH%2FeGAYKncLIE1Top2fecZ1N1NP%2BAAAAAGXT4MIAAAAB&reviewId=R36UII1IJMCML8","Report","0","There was a problem loading comments right now. Please try again later.",""
"https://www.amazon.com/gp/profile/amzn1.account.AFPSY4WFIECCRFOVXU4RQV3CBEEQ/ref=cm_cr_getr_d_gw_btm?ie=UTF8","https://images-na.ssl-images-amazon.com/images/I/21Z5ti0FJML._CR30,0,120,120_SX48_.jpg","<img src=""https://images-na.ssl-images-amazon.com/images/I/21Z5ti0FJML._CR30,0,120,120_SX48_.jpg""/>","MKB","https://www.amazon.com/gp/customer-reviews/R3VGBTYLQHXQOF/ref=cm_cr_getr_d_rvw_ttl?ie=UTF8&ASIN=B0153SSMOO","5.0 out of 5 stars","Ferrets tested and ferret approved","Reviewed in the United States on March 10, 2018","https://www.amazon.com/N-Bone-Pouch-Ferret-Treats-Flavor/product-reviews/B0153SSMOO/ref=cm_cr_getr_d_rvw_fmt?ie=UTF8&formatType=current_format","","","My ferrets love these treats! They are pretty picky but love these!","https://www.amazon.com/ap/signin?openid.return_to=https%3A%2F%2Fwww.amazon.com%2FN-Bone-Pouch-Ferret-Treats-Flavor%2Fproduct-reviews%2FB0153SSMOO%2Fref%3Dcm_cr_getr_d_vote_lft%3Fie%3DUTF8%26pageSize%3D10%26csrfT%3DhEwAtPFfxdPnd7ooqpKU0ObsaQPFJKq1%252F21SJQSWB%252BAUAAAAAGXT4MIAAAAB%26reviewId%3DR3VGBTYLQHXQOF&openid.identity=http%3A%2F%2Fspecs.openid.net%2Fauth%2F2.0%2Fidentifier_select&openid.assoc_handle=usflex&openid.mode=checkid_setup&marketPlaceId=ATVPDKIKX0DER&language=en&openid.claimed_id=http%3A%2F%2Fspecs.openid.net%2Fauth%2F2.0%2Fidentifier_select&openid.ns=http%3A%2F%2Fspecs.openid.net%2Fauth%2F2.0","Helpful","Report","https://www.amazon.com/hz/reviews-render/report-review?ie=UTF8&ref=cm_cr_getr_d_rvw_hlp&csrfT=hEwAtPFfxdPnd7ooqpKU0ObsaQPFJKq1%2F21SJQSWB%2BAUAAAAAGXT4MIAAAAB&reviewId=R3VGBTYLQHXQOF","Showing  comments","0","There was a problem loading comments right now. Please try again later.",""
"https://www.amazon.com/gp/profile/amzn1.account.AEMGWQBFRFKA3GCZ6LPRRQUEIKUQ/ref=cm_cr_getr_d_gw_btm?ie=UTF8","https://images-na.ssl-images-amazon.com/images/S/amazon-avatars-global/91a43318-f67b-48df-b2e9-41a57d264020._CR0,0,500,500_SX48_.jpg","<img src=""https://images-na.ssl-images-amazon.com/images/S/amazon-avatars-global/91a43318-f67b-48df-b2e9-41a57d264020._CR0,0,500,500_SX48_.jpg""/>","DaveD","https://www.amazon.com/gp/customer-reviews/R2O4TGZGCE2Y2X/ref=cm_cr_getr_d_rvw_ttl?ie=UTF8&ASIN=B0153SSMOO","5.0 out of 5 stars","Awesome","Reviewed in the United States on October 29, 2016","https://www.amazon.com/N-Bone-Pouch-Ferret-Treats-Flavor/product-reviews/B0153SSMOO/ref=cm_cr_getr_d_rvw_fmt?ie=UTF8&formatType=current_format","","","Bought these for my 2 ferrets and they absolutely love them they wouldn't even try any other treats I bought for them","https://www.amazon.com/ap/signin?openid.return_to=https%3A%2F%2Fwww.amazon.com%2FN-Bone-Pouch-Ferret-Treats-Flavor%2Fproduct-reviews%2FB0153SSMOO%2Fref%3Dcm_cr_getr_d_vote_lft%3Fie%3DUTF8%26pageSize%3D10%26csrfT%3DhGBiP%252Bu6ZKySjHgJrEnBqobCGRb04ZFP0PwULCcPd1exAAAAAGXT4MIAAAAB%26reviewId%3DR2O4TGZGCE2Y2X&openid.identity=http%3A%2F%2Fspecs.openid.net%2Fauth%2F2.0%2Fidentifier_select&openid.assoc_handle=usflex&openid.mode=checkid_setup&marketPlaceId=ATVPDKIKX0DER&language=en&openid.claimed_id=http%3A%2F%2Fspecs.openid.net%2Fauth%2F2.0%2Fidentifier_select&openid.ns=http%3A%2F%2Fspecs.openid.net%2Fauth%2F2.0","Helpful","Report","https://www.amazon.com/hz/reviews-render/report-review?ie=UTF8&ref=cm_cr_getr_d_rvw_hlp&csrfT=hGBiP%2Bu6ZKySjHgJrEnBqobCGRb04ZFP0PwULCcPd1exAAAAAGXT4MIAAAAB&reviewId=R2O4TGZGCE2Y2X","Showing  comments","0","There was a problem loading comments right now. Please try again later.",""
"https://www.amazon.com/gp/profile/amzn1.account.AG5FGFVIT44KDHSMKLUG45DNVS4A/ref=cm_cr_getr_d_gw_btm?ie=UTF8","https://images-na.ssl-images-amazon.com/images/S/amazon-avatars-global/default._CR0,0,1024,1024_SX48_.png","<img src=""https://images-na.ssl-images-amazon.com/images/S/amazon-avatars-global/default._CR0,0,1024,1024_SX48_.png""/>","james Byrge","https://www.amazon.com/gp/customer-reviews/R1S1NVRTC02TDQ/ref=cm_cr_getr_d_rvw_ttl?ie=UTF8&ASIN=B0153SSMOO","3.0 out of 5 stars","Hard and Ferrets wont eat them?","Reviewed in the United States on April 7, 2020","https://www.amazon.com/N-Bone-Pouch-Ferret-Treats-Flavor/product-reviews/B0153SSMOO/ref=cm_cr_getr_d_rvw_fmt?ie=UTF8&formatType=current_format","https://www.amazon.com/gp/help/customer/display.html/ref=cm_cr_dp_d_rvw_avp?nodeId=G75XTB7MBMBTXP6W","Verified Purchase","I gave 3 because our ferrets liked the sticks but wont touch these ... very hard ???","https://www.amazon.com/ap/signin?openid.return_to=https%3A%2F%2Fwww.amazon.com%2FN-Bone-Pouch-Ferret-Treats-Flavor%2Fproduct-reviews%2FB0153SSMOO%2Fref%3Dcm_cr_getr_d_vote_lft%3Fie%3DUTF8%26pageSize%3D10%26csrfT%3DhM%252BvqomzQzwrh2Gc2swCBPUB%252B4M%252B212T9MyDB3kmNc%252F5AAAAAGXT4MIAAAAB%26reviewId%3DR1S1NVRTC02TDQ&openid.identity=http%3A%2F%2Fspecs.openid.net%2Fauth%2F2.0%2Fidentifier_select&openid.assoc_handle=usflex&openid.mode=checkid_setup&marketPlaceId=ATVPDKIKX0DER&language=en&openid.claimed_id=http%3A%2F%2Fspecs.openid.net%2Fauth%2F2.0%2Fidentifier_select&openid.ns=http%3A%2F%2Fspecs.openid.net%2Fauth%2F2.0","Helpful","One person found this helpful","https://www.amazon.com/hz/reviews-render/report-review?ie=UTF8&ref=cm_cr_getr_d_rvw_hlp&csrfT=hM%2BvqomzQzwrh2Gc2swCBPUB%2B4M%2B212T9MyDB3kmNc%2F5AAAAAGXT4MIAAAAB&reviewId=R1S1NVRTC02TDQ","Report","0","There was a problem loading comments right now. Please try again later.",""
"https://www.amazon.com/gp/profile/amzn1.account.AFWKGBJNPFDACPJOLMYMZAKVC2CQ/ref=cm_cr_getr_d_gw_btm?ie=UTF8","","<img src=""https://images-na.ssl-images-amazon.com/images/S/amazon-avatars-global/2ba10b76-a059-4bdd-b253-45025d6ca1d9._CR24,0,452,452_SX48_.jpg""/>","Dirt-Fisher","https://www.amazon.com/gp/customer-reviews/R1Y62F086A6U83/ref=cm_cr_getr_d_rvw_ttl?ie=UTF8&ASIN=B0153SSMOO","5.0 out of 5 stars","Ferret and cats like them.","Reviewed in the United States on August 15, 2022","https://www.amazon.com/N-Bone-Pouch-Ferret-Treats-Flavor/product-reviews/B0153SSMOO/ref=cm_cr_getr_d_rvw_fmt?ie=UTF8&formatType=current_format","https://www.amazon.com/gp/help/customer/display.html/ref=cm_cr_dp_d_rvw_avp?nodeId=G75XTB7MBMBTXP6W","Verified Purchase","The ferret loves â¤ï¸  the treats. Then we discovered one of our cats like them too.","https://www.amazon.com/ap/signin?openid.return_to=https%3A%2F%2Fwww.amazon.com%2FN-Bone-Pouch-Ferret-Treats-Flavor%2Fproduct-reviews%2FB0153SSMOO%2Fref%3Dcm_cr_getr_d_vote_lft%3Fie%3DUTF8%26pageSize%3D10%26csrfT%3DhFNvsA%252B5SNS3oo%252Fh0f1XMYHWum8o7SBhBxKf%252FVuRENSDAAAAAGXT4MIAAAAB%26reviewId%3DR1Y62F086A6U83&openid.identity=http%3A%2F%2Fspecs.openid.net%2Fauth%2F2.0%2Fidentifier_select&openid.assoc_handle=usflex&openid.mode=checkid_setup&marketPlaceId=ATVPDKIKX0DER&language=en&openid.claimed_id=http%3A%2F%2Fspecs.openid.net%2Fauth%2F2.0%2Fidentifier_select&openid.ns=http%3A%2F%2Fspecs.openid.net%2Fauth%2F2.0","Helpful","Report","https://www.amazon.com/hz/reviews-render/report-review?ie=UTF8&ref=cm_cr_getr_d_rvw_hlp&csrfT=hFNvsA%2B5SNS3oo%2Fh0f1XMYHWum8o7SBhBxKf%2FVuRENSDAAAAAGXT4MIAAAAB&reviewId=R1Y62F086A6U83","Showing  comments","0","There was a problem loading comments right now. Please try again later.","https://images-na.ssl-images-amazon.com/images/G/01/x-locale/common/grey-pixel.gif"
"https://www.amazon.com/gp/profile/amzn1.account.AEVMDPDNPV4TNRO6MBNSY5O3E45Q/ref=cm_cr_getr_d_gw_btm?ie=UTF8","","<img src=""https://images-na.ssl-images-amazon.com/images/S/amazon-avatars-global/default._CR0,0,1024,1024_SX48_.png""/>","spike","https://www.amazon.com/gp/customer-reviews/R15J3BMDQX6M8P/ref=cm_cr_getr_d_rvw_ttl?ie=UTF8&ASIN=B0153SSMOO","5.0 out of 5 stars","Ferrets love it","Reviewed in the United States on May 26, 2022","https://www.amazon.com/N-Bone-Pouch-Ferret-Treats-Flavor/product-reviews/B0153SSMOO/ref=cm_cr_getr_d_rvw_fmt?ie=UTF8&formatType=current_format","https://www.amazon.com/gp/help/customer/display.html/ref=cm_cr_dp_d_rvw_avp?nodeId=G75XTB7MBMBTXP6W","Verified Purchase","My ferrets love this treat and the flavor","https://www.amazon.com/ap/signin?openid.return_to=https%3A%2F%2Fwww.amazon.com%2FN-Bone-Pouch-Ferret-Treats-Flavor%2Fproduct-reviews%2FB0153SSMOO%2Fref%3Dcm_cr_getr_d_vote_lft%3Fie%3DUTF8%26pageSize%3D10%26csrfT%3DhBhCptltkhdNZoXrU6dOydBE0LkNtUP%252FCqdWxSWzRSwmAAAAAGXT4MIAAAAB%26reviewId%3DR15J3BMDQX6M8P&openid.identity=http%3A%2F%2Fspecs.openid.net%2Fauth%2F2.0%2Fidentifier_select&openid.assoc_handle=usflex&openid.mode=checkid_setup&marketPlaceId=ATVPDKIKX0DER&language=en&openid.claimed_id=http%3A%2F%2Fspecs.openid.net%2Fauth%2F2.0%2Fidentifier_select&openid.ns=http%3A%2F%2Fspecs.openid.net%2Fauth%2F2.0","Helpful","Report","https://www.amazon.com/hz/reviews-render/report-review?ie=UTF8&ref=cm_cr_getr_d_rvw_hlp&csrfT=hBhCptltkhdNZoXrU6dOydBE0LkNtUP%2FCqdWxSWzRSwmAAAAAGXT4MIAAAAB&reviewId=R15J3BMDQX6M8P","Showing  comments","0","There was a problem loading comments right now. Please try again later.","https://images-na.ssl-images-amazon.com/images/G/01/x-locale/common/grey-pixel.gif"
"https://www.amazon.com/gp/profile/amzn1.account.AGKS2WAUCEA372TSX3ZBHTM43GDA/ref=cm_cr_getr_d_gw_btm?ie=UTF8","","<img src=""https://images-na.ssl-images-amazon.com/images/S/amazon-avatars-global/e258fa42-c5b3-4444-987b-0b927654f5d5._CR0,0,500,500_SX48_.jpg""/>","anthony rascon","https://www.amazon.com/gp/customer-reviews/R23Z2733HDRP5H/ref=cm_cr_getr_d_rvw_ttl?ie=UTF8&ASIN=B0153SSMOO","5.0 out of 5 stars","My boys love these!!!","Reviewed in the United States on December 17, 2021","https://www.amazon.com/N-Bone-Pouch-Ferret-Treats-Flavor/product-reviews/B0153SSMOO/ref=cm_cr_getr_d_rvw_fmt?ie=UTF8&formatType=current_format","https://www.amazon.com/gp/help/customer/display.html/ref=cm_cr_dp_d_rvw_avp?nodeId=G75XTB7MBMBTXP6W","Verified Purchase","The minute they here the bag!","https://www.amazon.com/ap/signin?openid.return_to=https%3A%2F%2Fwww.amazon.com%2FN-Bone-Pouch-Ferret-Treats-Flavor%2Fproduct-reviews%2FB0153SSMOO%2Fref%3Dcm_cr_getr_d_vote_lft%3Fie%3DUTF8%26pageSize%3D10%26csrfT%3DhLXqVsw1ywfMX3Q%252FkS%252FdLAf85eRfqhN90WuotzPK2vScAAAAAGXT4MIAAAAB%26reviewId%3DR23Z2733HDRP5H&openid.identity=http%3A%2F%2Fspecs.openid.net%2Fauth%2F2.0%2Fidentifier_select&openid.assoc_handle=usflex&openid.mode=checkid_setup&marketPlaceId=ATVPDKIKX0DER&language=en&openid.claimed_id=http%3A%2F%2Fspecs.openid.net%2Fauth%2F2.0%2Fidentifier_select&openid.ns=http%3A%2F%2Fspecs.openid.net%2Fauth%2F2.0","Helpful","Report","https://www.amazon.com/hz/reviews-render/report-review?ie=UTF8&ref=cm_cr_getr_d_rvw_hlp&csrfT=hLXqVsw1ywfMX3Q%2FkS%2FdLAf85eRfqhN90WuotzPK2vScAAAAAGXT4MIAAAAB&reviewId=R23Z2733HDRP5H","Showing  comments","0","There was a problem loading comments right now. Please try again later.","https://images-na.ssl-images-amazon.com/images/G/01/x-locale/common/grey-pixel.gif"
"https://www.amazon.com/gp/profile/amzn1.account.AEOY3IGEDJPZLIN5FJN6PU2PG3VA/ref=cm_cr_getr_d_gw_btm?ie=UTF8","https://images-na.ssl-images-amazon.com/images/S/amazon-avatars-global/a1ce10e4-224c-4455-85c4-8abc0a6a894b._CR0,0,352,352_SX48_.jpg","<img src=""https://images-na.ssl-images-amazon.com/images/S/amazon-avatars-global/a1ce10e4-224c-4455-85c4-8abc0a6a894b._CR0,0,352,352_SX48_.jpg""/>","belle","https://www.amazon.com/gp/customer-reviews/R3RHN4B1S0Z1BM/ref=cm_cr_getr_d_rvw_ttl?ie=UTF8&ASIN=B0153SSMOO","5.0 out of 5 stars","My ferrets love it","Reviewed in the United States on July 20, 2022","https://www.amazon.com/N-Bone-Pouch-Ferret-Treats-Flavor/product-reviews/B0153SSMOO/ref=cm_cr_getr_d_rvw_fmt?ie=UTF8&formatType=current_format","https://www.amazon.com/gp/help/customer/display.html/ref=cm_cr_dp_d_rvw_avp?nodeId=G75XTB7MBMBTXP6W","Verified Purchase","Great amount of treats for price","https://www.amazon.com/ap/signin?openid.return_to=https%3A%2F%2Fwww.amazon.com%2FN-Bone-Pouch-Ferret-Treats-Flavor%2Fproduct-reviews%2FB0153SSMOO%2Fref%3Dcm_cr_getr_d_vote_lft%3Fie%3DUTF8%26pageSize%3D10%26csrfT%3DhMai8kKeDGSTNqPtTiJinY4cgMoJPmLMpb%252BaU82jNu30AAAAAGXT4MIAAAAB%26reviewId%3DR3RHN4B1S0Z1BM&openid.identity=http%3A%2F%2Fspecs.openid.net%2Fauth%2F2.0%2Fidentifier_select&openid.assoc_handle=usflex&openid.mode=checkid_setup&marketPlaceId=ATVPDKIKX0DER&language=en&openid.claimed_id=http%3A%2F%2Fspecs.openid.net%2Fauth%2F2.0%2Fidentifier_select&openid.ns=http%3A%2F%2Fspecs.openid.net%2Fauth%2F2.0","Helpful","My ferrets love it","https://www.amazon.com/hz/reviews-render/report-review?ie=UTF8&ref=cm_cr_getr_d_rvw_hlp&csrfT=hMai8kKeDGSTNqPtTiJinY4cgMoJPmLMpb%2BaU82jNu30AAAAAGXT4MIAAAAB&reviewId=R3RHN4B1S0Z1BM","Great amount of treats for price","0","There was a problem loading comments right now. Please try again later.","https://images-na.ssl-images-amazon.com/images/G/01/x-locale/common/grey-pixel.gif"
"https://www.amazon.com/gp/profile/amzn1.account.AEKS7BRVO6VRCIZT57XRK3277S6A/ref=cm_cr_getr_d_gw_btm?ie=UTF8","https://images-na.ssl-images-amazon.com/images/S/amazon-avatars-global/default._CR0,0,1024,1024_SX48_.png","<img src=""https://images-na.ssl-images-amazon.com/images/S/amazon-avatars-global/default._CR0,0,1024,1024_SX48_.png""/>","Clarissa Batista","https://www.amazon.com/gp/customer-reviews/R2NQBZV4YR4DY/ref=cm_cr_getr_d_rvw_ttl?ie=UTF8&ASIN=B0153SSMOO","5.0 out of 5 stars","Good price","Reviewed in the United States on December 11, 2023","https://www.amazon.com/N-Bone-Pouch-Ferret-Treats-Flavor/product-reviews/B0153SSMOO/ref=cm_cr_getr_d_rvw_fmt?ie=UTF8&formatType=current_format","https://www.amazon.com/gp/help/customer/display.html/ref=cm_cr_dp_d_rvw_avp?nodeId=G75XTB7MBMBTXP6W","Verified Purchase","Good product","https://www.amazon.com/ap/signin?openid.return_to=https%3A%2F%2Fwww.amazon.com%2FN-Bone-Pouch-Ferret-Treats-Flavor%2Fproduct-reviews%2FB0153SSMOO%2Fref%3Dcm_cr_getr_d_vote_lft%3Fie%3DUTF8%26pageSize%3D10%26csrfT%3DhNePSpYhBNocekEwE5TXFtrOutcluGF72NJBBrLecWz7AAAAAGXT4MQAAAAB%26reviewId%3DR2NQBZV4YR4DY&openid.identity=http%3A%2F%2Fspecs.openid.net%2Fauth%2F2.0%2Fidentifier_select&openid.assoc_handle=usflex&openid.mode=checkid_setup&marketPlaceId=ATVPDKIKX0DER&language=en&openid.claimed_id=http%3A%2F%2Fspecs.openid.net%2Fauth%2F2.0%2Fidentifier_select&openid.ns=http%3A%2F%2Fspecs.openid.net%2Fauth%2F2.0","Helpful","Report","https://www.amazon.com/hz/reviews-render/report-review?ie=UTF8&ref=cm_cr_getr_d_rvw_hlp&csrfT=hNePSpYhBNocekEwE5TXFtrOutcluGF72NJBBrLecWz7AAAAAGXT4MQAAAAB&reviewId=R2NQBZV4YR4DY","Showing  comments","0","There was a problem loading comments right now. Please try again later.",""
"https://www.amazon.com/gp/profile/amzn1.account.AGPF75BIB3QLNIHFGF35Q2GFJW5A/ref=cm_cr_getr_d_gw_btm?ie=UTF8","https://images-na.ssl-images-amazon.com/images/S/amazon-avatars-global/default._CR0,0,1024,1024_SX48_.png","<img src=""https://images-na.ssl-images-amazon.com/images/S/amazon-avatars-global/default._CR0,0,1024,1024_SX48_.png""/>","Devon","https://www.amazon.com/gp/customer-reviews/R3TQYKY7CIC901/ref=cm_cr_getr_d_rvw_ttl?ie=UTF8&ASIN=B0153SSMOO","5.0 out of 5 stars","Ferret likes these","Reviewed in the United States on January 26, 2023","https://www.amazon.com/N-Bone-Pouch-Ferret-Treats-Flavor/product-reviews/B0153SSMOO/ref=cm_cr_getr_d_rvw_fmt?ie=UTF8&formatType=current_format","https://www.amazon.com/gp/help/customer/display.html/ref=cm_cr_dp_d_rvw_avp?nodeId=G75XTB7MBMBTXP6W","Verified Purchase","Ferret seems to really like these.","https://www.amazon.com/ap/signin?openid.return_to=https%3A%2F%2Fwww.amazon.com%2FN-Bone-Pouch-Ferret-Treats-Flavor%2Fproduct-reviews%2FB0153SSMOO%2Fref%3Dcm_cr_getr_d_vote_lft%3Fie%3DUTF8%26pageSize%3D10%26csrfT%3DhI3cswRck9sk9howSZeqwDEvOdEovuZq4l76fLXkzg2KAAAAAGXT4MQAAAAB%26reviewId%3DR3TQYKY7CIC901&openid.identity=http%3A%2F%2Fspecs.openid.net%2Fauth%2F2.0%2Fidentifier_select&openid.assoc_handle=usflex&openid.mode=checkid_setup&marketPlaceId=ATVPDKIKX0DER&language=en&openid.claimed_id=http%3A%2F%2Fspecs.openid.net%2Fauth%2F2.0%2Fidentifier_select&openid.ns=http%3A%2F%2Fspecs.openid.net%2Fauth%2F2.0","Helpful","Report","https://www.amazon.com/hz/reviews-render/report-review?ie=UTF8&ref=cm_cr_getr_d_rvw_hlp&csrfT=hI3cswRck9sk9howSZeqwDEvOdEovuZq4l76fLXkzg2KAAAAAGXT4MQAAAAB&reviewId=R3TQYKY7CIC901","Showing  comments","0","There was a problem loading comments right now. Please try again later.",""
"","https://images-na.ssl-images-amazon.com/images/S/amazon-avatars-global/default._CR0,0,1024,1024_SX48_.png","<img src=""https://images-na.ssl-images-amazon.com/images/S/amazon-avatars-global/default._CR0,0,1024,1024_SX48_.png""/>","Stephane R.","https://www.amazon.com/hz/reviews-render/report-review?ie=UTF8&ref=cm_cr_getr_d_rvw_hlp&csrfT=hDgDMSbAVT3NzD%2BhYpREvQKPGlx5Fz9LpvIUGPfoWdqiAAAAAGXT4MQAAAAB&reviewId=R25E7H39LX6X82","5.0 out of 5 stars","Perfect","Reviewed in Canada on August 19, 2021","https://www.amazon.com/N-Bone-Pouch-Ferret-Treats-Flavor/product-reviews/B0153SSMOO/ref=cm_cr_getr_d_rvw_fmt?ie=UTF8&formatType=current_format","https://www.amazon.com/gp/help/customer/display.html/ref=cm_cr_dp_d_rvw_avp?nodeId=G75XTB7MBMBTXP6W","Verified Purchase","What my ferrets wanted","","","Report","","","","",""
"","https://images-na.ssl-images-amazon.com/images/S/amazon-avatars-global/default._CR0,0,1024,1024_SX48_.png","<img src=""https://images-na.ssl-images-amazon.com/images/S/amazon-avatars-global/default._CR0,0,1024,1024_SX48_.png""/>","BCGirl","https://www.amazon.com/hz/reviews-render/report-review?ie=UTF8&ref=cm_cr_getr_d_rvw_hlp&csrfT=hArYhSSUxCbfXBgldbtOLRe1DBXtsKFhvavHdRI6L1ubAAAAAGXT4MQAAAAB&reviewId=R2DUGNWOQZKNPW","2.0 out of 5 stars","Treats are fine, but they arrive all squished and broken","Reviewed in Canada on November 10, 2021","https://www.amazon.com/N-Bone-Pouch-Ferret-Treats-Flavor/product-reviews/B0153SSMOO/ref=cm_cr_getr_d_rvw_fmt?ie=UTF8&formatType=current_format","https://www.amazon.com/gp/help/customer/display.html/ref=cm_cr_dp_d_rvw_avp?nodeId=G75XTB7MBMBTXP6W","Verified Purchase","Treats are fine, but they arrived all squished and broken - and are not eligible for return. So the ferret will have to have treat crumbs :/","","","Report","","","","",""