"a-profile href","a-profile-avatar src","a-profile-avatar","a-profile-name","a-size-base href","a-icon-alt","a-size-base","a-size-base 2","a-link-normal href","a-size-mini","a-size-base 3","a-button-text href","cr-helpful-text","a-size-base 4","a-size-base href 2","a-size-base 5","review-comment-count","a-alert-heading","a-size-base 6","a-lazy-loaded src"
"https://www.amazon.com/gp/profile/amzn1.account.AGLUWKIGHDM4O4INASHJ6VQZYFFA/ref=cm_cr_arp_d_gw_btm?ie=UTF8","https://images-na.ssl-images-amazon.com/images/S/amazon-avatars-global/default._CR0,0,1024,1024_SX48_.png","<img src=""https://images-na.ssl-images-amazon.com/images/S/amazon-avatars-global/default._CR0,0,1024,1024_SX48_.png""/>","Karen","https://www.amazon.com/gp/customer-reviews/R1BB5H00VPVTLX/ref=cm_cr_arp_d_rvw_ttl?ie=UTF8&ASIN=B0175BN7B0","5.0 out of 5 stars","My dog loves it","Reviewed in the United States on January 3, 2024","https://www.amazon.com/gp/help/customer/display.html/ref=cm_cr_dp_d_rvw_avp?nodeId=G75XTB7MBMBTXP6W","Verified Purchase","My dog absolute loves these. Keeps her entertained for a long time","https://www.amazon.com/ap/signin?openid.return_to=https%3A%2F%2Fwww.amazon.com%2FN-Bone-Nbone-115011-Peanut-Mini-Medium%2Fproduct-reviews%2FB0175BN7B0%2Fref%3Dcm_cr_arp_d_vote_lft%3Fie%3DUTF8%26csrfT%3DhDqXD1%252FOZ4AR0qzhasZ%252BvWd3%252FeUnJDtYwGY%252FEXgWRH4iAAAAAGXT8X0AAAAB%26reviewId%3DR1BB5H00VPVTLX&openid.identity=http%3A%2F%2Fspecs.openid.net%2Fauth%2F2.0%2Fidentifier_select&openid.assoc_handle=usflex&openid.mode=checkid_setup&marketPlaceId=ATVPDKIKX0DER&language=en&openid.claimed_id=http%3A%2F%2Fspecs.openid.net%2Fauth%2F2.0%2Fidentifier_select&openid.ns=http%3A%2F%2Fspecs.openid.net%2Fauth%2F2.0","Helpful","Report","https://www.amazon.com/hz/reviews-render/report-review?ie=UTF8&ref=cm_cr_arp_d_rvw_hlp&csrfT=hDqXD1%2FOZ4AR0qzhasZ%2BvWd3%2FeUnJDtYwGY%2FEXgWRH4iAAAAAGXT8X0AAAAB&reviewId=R1BB5H00VPVTLX","Showing  comments","0","There was a problem loading comments right now. Please try again later.","",""
"https://www.amazon.com/gp/profile/amzn1.account.AENEFZQWTVQE4MM4IW6TVJ6RAC6A/ref=cm_cr_arp_d_gw_btm?ie=UTF8","https://images-na.ssl-images-amazon.com/images/S/amazon-avatars-global/default._CR0,0,1024,1024_SX48_.png","<img src=""https://images-na.ssl-images-amazon.com/images/S/amazon-avatars-global/default._CR0,0,1024,1024_SX48_.png""/>","Lourdes Valdes","https://www.amazon.com/gp/customer-reviews/RCFCICF4YTENW/ref=cm_cr_arp_d_rvw_ttl?ie=UTF8&ASIN=B0175BN7B0","5.0 out of 5 stars","Great snack for bulldogs","Reviewed in the United States on October 6, 2023","https://www.amazon.com/gp/help/customer/display.html/ref=cm_cr_dp_d_rvw_avp?nodeId=G75XTB7MBMBTXP6W","Verified Purchase","Size is perfect for adult bulldogs, great texture and smells good, quality ingredients","https://www.amazon.com/ap/signin?openid.return_to=https%3A%2F%2Fwww.amazon.com%2FN-Bone-Nbone-115011-Peanut-Mini-Medium%2Fproduct-reviews%2FB0175BN7B0%2Fref%3Dcm_cr_arp_d_vote_lft%3Fie%3DUTF8%26csrfT%3DhBYyLdhc7IzpVmafeABh0SwfiQAN2GHlzTG8WS43j81TAAAAAGXT8X0AAAAB%26reviewId%3DRCFCICF4YTENW&openid.identity=http%3A%2F%2Fspecs.openid.net%2Fauth%2F2.0%2Fidentifier_select&openid.assoc_handle=usflex&openid.mode=checkid_setup&marketPlaceId=ATVPDKIKX0DER&language=en&openid.claimed_id=http%3A%2F%2Fspecs.openid.net%2Fauth%2F2.0%2Fidentifier_select&openid.ns=http%3A%2F%2Fspecs.openid.net%2Fauth%2F2.0","Helpful","One person found this helpful","https://www.amazon.com/hz/reviews-render/report-review?ie=UTF8&ref=cm_cr_arp_d_rvw_hlp&csrfT=hBYyLdhc7IzpVmafeABh0SwfiQAN2GHlzTG8WS43j81TAAAAAGXT8X0AAAAB&reviewId=RCFCICF4YTENW","Report","0","There was a problem loading comments right now. Please try again later.","Showing  comments",""
"https://www.amazon.com/gp/profile/amzn1.account.AGOX4Y3BWT4FKDZ43KOR5S2PGVPQ/ref=cm_cr_arp_d_gw_btm?ie=UTF8","","<img src=""https://images-na.ssl-images-amazon.com/images/S/amazon-avatars-global/default._CR0,0,1024,1024_SX48_.png""/>","Sue A. Johnson","https://www.amazon.com/gp/customer-reviews/R1FOQZRA8DMQA9/ref=cm_cr_arp_d_rvw_ttl?ie=UTF8&ASIN=B0175BN7B0","5.0 out of 5 stars","Loves this!","Reviewed in the United States on July 29, 2023","https://www.amazon.com/gp/help/customer/display.html/ref=cm_cr_dp_d_rvw_avp?nodeId=G75XTB7MBMBTXP6W","Verified Purchase","Our Corgie loves these! They keep her occupied for hours!","https://www.amazon.com/ap/signin?openid.return_to=https%3A%2F%2Fwww.amazon.com%2FN-Bone-Nbone-115011-Peanut-Mini-Medium%2Fproduct-reviews%2FB0175BN7B0%2Fref%3Dcm_cr_arp_d_vote_lft%3Fie%3DUTF8%26csrfT%3DhBaJUub%252BMGjCscWwVMFMmyBSe60og88kMtOPey0QHqamAAAAAGXT8X0AAAAB%26reviewId%3DR1FOQZRA8DMQA9&openid.identity=http%3A%2F%2Fspecs.openid.net%2Fauth%2F2.0%2Fidentifier_select&openid.assoc_handle=usflex&openid.mode=checkid_setup&marketPlaceId=ATVPDKIKX0DER&language=en&openid.claimed_id=http%3A%2F%2Fspecs.openid.net%2Fauth%2F2.0%2Fidentifier_select&openid.ns=http%3A%2F%2Fspecs.openid.net%2Fauth%2F2.0","Helpful","Report","https://www.amazon.com/hz/reviews-render/report-review?ie=UTF8&ref=cm_cr_arp_d_rvw_hlp&csrfT=hBaJUub%2BMGjCscWwVMFMmyBSe60og88kMtOPey0QHqamAAAAAGXT8X0AAAAB&reviewId=R1FOQZRA8DMQA9","Showing  comments","0","There was a problem loading comments right now. Please try again later.","","https://images-na.ssl-images-amazon.com/images/G/01/x-locale/common/grey-pixel.gif"
"https://www.amazon.com/gp/profile/amzn1.account.AFCX37DL4LIKS3VFBLFKRU6EXC2Q/ref=cm_cr_arp_d_gw_btm?ie=UTF8","","<img src=""https://images-na.ssl-images-amazon.com/images/S/amazon-avatars-global/default._CR0,0,1024,1024_SX48_.png""/>","p dean addison","https://www.amazon.com/gp/customer-reviews/R2UH0UGERFCIZ5/ref=cm_cr_arp_d_rvw_ttl?ie=UTF8&ASIN=B0175BN7B0","4.0 out of 5 stars","Dog loves them!!!","Reviewed in the United States on October 23, 2017","https://www.amazon.com/gp/help/customer/display.html/ref=cm_cr_dp_d_rvw_avp?nodeId=G75XTB7MBMBTXP6W","Verified Purchase","Scarfs them right up... slightly expensive though","https://www.amazon.com/ap/signin?openid.return_to=https%3A%2F%2Fwww.amazon.com%2FN-Bone-Nbone-115011-Peanut-Mini-Medium%2Fproduct-reviews%2FB0175BN7B0%2Fref%3Dcm_cr_arp_d_vote_lft%3Fie%3DUTF8%26csrfT%3DhACVl7Ii5bhLEsLQybOdPRdEv4DH0cIOCmUTlX%252FlW6qcAAAAAGXT8X0AAAAB%26reviewId%3DR2UH0UGERFCIZ5&openid.identity=http%3A%2F%2Fspecs.openid.net%2Fauth%2F2.0%2Fidentifier_select&openid.assoc_handle=usflex&openid.mode=checkid_setup&marketPlaceId=ATVPDKIKX0DER&language=en&openid.claimed_id=http%3A%2F%2Fspecs.openid.net%2Fauth%2F2.0%2Fidentifier_select&openid.ns=http%3A%2F%2Fspecs.openid.net%2Fauth%2F2.0","Helpful","Report","https://www.amazon.com/hz/reviews-render/report-review?ie=UTF8&ref=cm_cr_arp_d_rvw_hlp&csrfT=hACVl7Ii5bhLEsLQybOdPRdEv4DH0cIOCmUTlX%2FlW6qcAAAAAGXT8X0AAAAB&reviewId=R2UH0UGERFCIZ5","Showing  comments","0","There was a problem loading comments right now. Please try again later.","","https://images-na.ssl-images-amazon.com/images/G/01/x-locale/common/grey-pixel.gif"
"https://www.amazon.com/gp/profile/amzn1.account.AH4STIHJ3AXE7GD4RTUIZPIE6CGA/ref=cm_cr_arp_d_gw_btm?ie=UTF8","","<img src=""https://images-na.ssl-images-amazon.com/images/S/amazon-avatars-global/22a3d2db-10ad-407e-84af-9488ead77ebc._CR0,0,320,320_SX48_.jpg""/>","McCarth","https://www.amazon.com/gp/customer-reviews/R2LGN3MO5OGN7J/ref=cm_cr_arp_d_rvw_ttl?ie=UTF8&ASIN=B0175BN7B0","5.0 out of 5 stars","His favorite","Reviewed in the United States on September 10, 2020","https://www.amazon.com/gp/help/customer/display.html/ref=cm_cr_dp_d_rvw_avp?nodeId=G75XTB7MBMBTXP6W","Verified Purchase","This is my dogs favorite bone. I first saw them at TJ Maxx and the Home Store and would buy them there, but they are really hard to find most of the time when I go there. They aren't always in stock, especially the medium or larger size bones. I was very pleased to find out I can just order them on Amazon. I love to see how happy my big boy gets when he sees me open the package, he can hardly contain himself, it's really cute.","https://www.amazon.com/ap/signin?openid.return_to=https%3A%2F%2Fwww.amazon.com%2FN-Bone-Nbone-115011-Peanut-Mini-Medium%2Fproduct-reviews%2FB0175BN7B0%2Fref%3Dcm_cr_arp_d_vote_lft%3Fie%3DUTF8%26csrfT%3DhD%252FTnZBaBF%252BdQvDj5VBXQE3fnkgHJCx3cMF%252Bq4ypuG6mAAAAAGXT8X0AAAAB%26reviewId%3DR2LGN3MO5OGN7J&openid.identity=http%3A%2F%2Fspecs.openid.net%2Fauth%2F2.0%2Fidentifier_select&openid.assoc_handle=usflex&openid.mode=checkid_setup&marketPlaceId=ATVPDKIKX0DER&language=en&openid.claimed_id=http%3A%2F%2Fspecs.openid.net%2Fauth%2F2.0%2Fidentifier_select&openid.ns=http%3A%2F%2Fspecs.openid.net%2Fauth%2F2.0","Helpful","2 people found this helpful","https://www.amazon.com/hz/reviews-render/report-review?ie=UTF8&ref=cm_cr_arp_d_rvw_hlp&csrfT=hD%2FTnZBaBF%2BdQvDj5VBXQE3fnkgHJCx3cMF%2Bq4ypuG6mAAAAAGXT8X0AAAAB&reviewId=R2LGN3MO5OGN7J","Report","0","There was a problem loading comments right now. Please try again later.","Showing  comments","https://images-na.ssl-images-amazon.com/images/G/01/x-locale/common/grey-pixel.gif"
"https://www.amazon.com/gp/profile/amzn1.account.AG6QLROD6EBUM4EE755KPJE2ASOA/ref=cm_cr_arp_d_gw_btm?ie=UTF8","","<img src=""https://images-na.ssl-images-amazon.com/images/S/amazon-avatars-global/default._CR0,0,1024,1024_SX48_.png""/>","Susan D VanBuren","https://www.amazon.com/gp/customer-reviews/R1K45XSQBWMDY7/ref=cm_cr_arp_d_rvw_ttl?ie=UTF8&ASIN=B0175BN7B0","5.0 out of 5 stars","Excellent for Teething Puppies","Reviewed in the United States on March 27, 2022","https://www.amazon.com/gp/help/customer/display.html/ref=cm_cr_dp_d_rvw_avp?nodeId=G75XTB7MBMBTXP6W","Verified Purchase","These bones are the best! A bit. Pricey... But pups love them. First found some at Ross and TJ Maxx... Should have bought more when I was there!!!","https://www.amazon.com/ap/signin?openid.return_to=https%3A%2F%2Fwww.amazon.com%2FN-Bone-Nbone-115011-Peanut-Mini-Medium%2Fproduct-reviews%2FB0175BN7B0%2Fref%3Dcm_cr_arp_d_vote_lft%3Fie%3DUTF8%26csrfT%3DhCv%252BmmCzXv7X5Wr4neCBiyqbc3uyQ6MnzD%252B5Qb2%252BEakuAAAAAGXT8X0AAAAB%26reviewId%3DR1K45XSQBWMDY7&openid.identity=http%3A%2F%2Fspecs.openid.net%2Fauth%2F2.0%2Fidentifier_select&openid.assoc_handle=usflex&openid.mode=checkid_setup&marketPlaceId=ATVPDKIKX0DER&language=en&openid.claimed_id=http%3A%2F%2Fspecs.openid.net%2Fauth%2F2.0%2Fidentifier_select&openid.ns=http%3A%2F%2Fspecs.openid.net%2Fauth%2F2.0","Helpful","Report","https://www.amazon.com/hz/reviews-render/report-review?ie=UTF8&ref=cm_cr_arp_d_rvw_hlp&csrfT=hCv%2BmmCzXv7X5Wr4neCBiyqbc3uyQ6MnzD%2B5Qb2%2BEakuAAAAAGXT8X0AAAAB&reviewId=R1K45XSQBWMDY7","Showing  comments","0","There was a problem loading comments right now. Please try again later.","","https://images-na.ssl-images-amazon.com/images/G/01/x-locale/common/grey-pixel.gif"
"https://www.amazon.com/gp/profile/amzn1.account.AGBICSREQCM5G2MP6QPYAYSSFPHA/ref=cm_cr_arp_d_gw_btm?ie=UTF8","","<img src=""https://images-na.ssl-images-amazon.com/images/S/amazon-avatars-global/default._CR0,0,1024,1024_SX48_.png""/>","Nicolette Duchene","https://www.amazon.com/gp/customer-reviews/R29LZQ7B084NLL/ref=cm_cr_arp_d_rvw_ttl?ie=UTF8&ASIN=B0175BN7B0","5.0 out of 5 stars","My furbaby loves these broken down into smaller pieces. She's a small chihuahua. :)","Reviewed in the United States on April 30, 2022","https://www.amazon.com/gp/help/customer/display.html/ref=cm_cr_dp_d_rvw_avp?nodeId=G75XTB7MBMBTXP6W","Verified Purchase","would really like it if they had an extra small size for smaller dogs but otherwise they love them. Especially the BBQ flavored.","https://www.amazon.com/ap/signin?openid.return_to=https%3A%2F%2Fwww.amazon.com%2FN-Bone-Nbone-115011-Peanut-Mini-Medium%2Fproduct-reviews%2FB0175BN7B0%2Fref%3Dcm_cr_arp_d_vote_lft%3Fie%3DUTF8%26csrfT%3DhBqH%252BQ2MzgT0hXo7Jt225w8W%252BTjYO6JTvLJEkNLINYIWAAAAAGXT8X0AAAAB%26reviewId%3DR29LZQ7B084NLL&openid.identity=http%3A%2F%2Fspecs.openid.net%2Fauth%2F2.0%2Fidentifier_select&openid.assoc_handle=usflex&openid.mode=checkid_setup&marketPlaceId=ATVPDKIKX0DER&language=en&openid.claimed_id=http%3A%2F%2Fspecs.openid.net%2Fauth%2F2.0%2Fidentifier_select&openid.ns=http%3A%2F%2Fspecs.openid.net%2Fauth%2F2.0","Helpful","Report","https://www.amazon.com/hz/reviews-render/report-review?ie=UTF8&ref=cm_cr_arp_d_rvw_hlp&csrfT=hBqH%2BQ2MzgT0hXo7Jt225w8W%2BTjYO6JTvLJEkNLINYIWAAAAAGXT8X0AAAAB&reviewId=R29LZQ7B084NLL","Showing  comments","0","There was a problem loading comments right now. Please try again later.","","https://images-na.ssl-images-amazon.com/images/G/01/x-locale/common/grey-pixel.gif"
"https://www.amazon.com/gp/profile/amzn1.account.AHLNDXFCN5GMMAIRDDAGSLX7AYBQ/ref=cm_cr_arp_d_gw_btm?ie=UTF8","","<img src=""https://images-na.ssl-images-amazon.com/images/S/amazon-avatars-global/default._CR0,0,1024,1024_SX48_.png""/>","Cary V. Hancock","https://www.amazon.com/gp/customer-reviews/R3PUUEU4MYW775/ref=cm_cr_arp_d_rvw_ttl?ie=UTF8&ASIN=B0175BN7B0","5.0 out of 5 stars","Wisdom bone","Reviewed in the United States on February 18, 2022","https://www.amazon.com/gp/help/customer/display.html/ref=cm_cr_dp_d_rvw_avp?nodeId=G75XTB7MBMBTXP6W","Verified Purchase","Our dog LOVES these bones","https://www.amazon.com/ap/signin?openid.return_to=https%3A%2F%2Fwww.amazon.com%2FN-Bone-Nbone-115011-Peanut-Mini-Medium%2Fproduct-reviews%2FB0175BN7B0%2Fref%3Dcm_cr_arp_d_vote_lft%3Fie%3DUTF8%26csrfT%3DhJyxxkyqQESp84HlvbRc9QkuAiYuMTHif1eSoVcJso7PAAAAAGXT8X0AAAAB%26reviewId%3DR3PUUEU4MYW775&openid.identity=http%3A%2F%2Fspecs.openid.net%2Fauth%2F2.0%2Fidentifier_select&openid.assoc_handle=usflex&openid.mode=checkid_setup&marketPlaceId=ATVPDKIKX0DER&language=en&openid.claimed_id=http%3A%2F%2Fspecs.openid.net%2Fauth%2F2.0%2Fidentifier_select&openid.ns=http%3A%2F%2Fspecs.openid.net%2Fauth%2F2.0","Helpful","Report","https://www.amazon.com/hz/reviews-render/report-review?ie=UTF8&ref=cm_cr_arp_d_rvw_hlp&csrfT=hJyxxkyqQESp84HlvbRc9QkuAiYuMTHif1eSoVcJso7PAAAAAGXT8X0AAAAB&reviewId=R3PUUEU4MYW775","Showing  comments","0","There was a problem loading comments right now. Please try again later.","","https://images-na.ssl-images-amazon.com/images/G/01/x-locale/common/grey-pixel.gif"
"https://www.amazon.com/gp/profile/amzn1.account.AGR46VAZ7MPXV6NMA5RE2U7K2GYA/ref=cm_cr_arp_d_gw_btm?ie=UTF8","https://images-na.ssl-images-amazon.com/images/S/amazon-avatars-global/f88f74f2-55e8-4c5c-a9d4-00708a860e0f._CR4,0,492,492_SX48_.jpg","<img src=""https://images-na.ssl-images-amazon.com/images/S/amazon-avatars-global/f88f74f2-55e8-4c5c-a9d4-00708a860e0f._CR4,0,492,492_SX48_.jpg""/>","sara","https://www.amazon.com/gp/customer-reviews/ROS71K5VW91EZ/ref=cm_cr_arp_d_rvw_ttl?ie=UTF8&ASIN=B0175BN7B0","3.0 out of 5 stars","Prongs can easily snap off causing choking hazard","Reviewed in the United States on January 25, 2022","https://www.amazon.com/gp/help/customer/display.html/ref=cm_cr_dp_d_rvw_avp?nodeId=G75XTB7MBMBTXP6W","Verified Purchase","Ours fell apart and my dog started to choke on it-it’s like a giant jacks and it can easily be taken apart. I have a Lhasa and a Shih Tzu who are 20lbs/11lbs and not big chewers. My Lhasa barely touched his and one of the prongs came off and we couldn’t get it out of his mouth when he started to choke on the knub he had reduced the broken prong to. Thankfully my teen son was home and between the two of us we got it out of his throat. Really scary stuff. They’re not hard like a yak stick-more of a softer medium and the prongs can easily be snapped. Something to think about if you plan to leave your dog unsupervised or they’re hard to get a treat back from.","https://www.amazon.com/ap/signin?openid.return_to=https%3A%2F%2Fwww.amazon.com%2FN-Bone-Nbone-115011-Peanut-Mini-Medium%2Fproduct-reviews%2FB0175BN7B0%2Fref%3Dcm_cr_arp_d_vote_lft%3Fie%3DUTF8%26csrfT%3DhN3%252FNMF5eMSJ15eXFGwYTffiTu4iqXh2rni1%252FaKg3qDTAAAAAGXT8X0AAAAB%26reviewId%3DROS71K5VW91EZ&openid.identity=http%3A%2F%2Fspecs.openid.net%2Fauth%2F2.0%2Fidentifier_select&openid.assoc_handle=usflex&openid.mode=checkid_setup&marketPlaceId=ATVPDKIKX0DER&language=en&openid.claimed_id=http%3A%2F%2Fspecs.openid.net%2Fauth%2F2.0%2Fidentifier_select&openid.ns=http%3A%2F%2Fspecs.openid.net%2Fauth%2F2.0","Helpful","Prongs can easily snap off causing choking hazard","https://www.amazon.com/hz/reviews-render/report-review?ie=UTF8&ref=cm_cr_arp_d_rvw_hlp&csrfT=hN3%2FNMF5eMSJ15eXFGwYTffiTu4iqXh2rni1%2FaKg3qDTAAAAAGXT8X0AAAAB&reviewId=ROS71K5VW91EZ","Ours fell apart and my dog started to choke on it-it’s like a giant jacks and it can easily be taken apart. I have a Lhasa and a Shih Tzu who are 20lbs/11lbs and not big chewers. My Lhasa barely touched his and one of the prongs came off and we couldn’t get it out of his mouth when he started to choke on the knub he had reduced the broken prong to. Thankfully my teen son was home and between the two of us we got it out of his throat. Really scary stuff. They’re not hard like a yak stick-more of a softer medium and the prongs can easily be snapped. Something to think about if you plan to leave your dog unsupervised or they’re hard to get a treat back from.","0","There was a problem loading comments right now. Please try again later.","7 people found this helpful","https://images-na.ssl-images-amazon.com/images/G/01/x-locale/common/grey-pixel.gif"
"https://www.amazon.com/gp/profile/amzn1.account.AFHVVFWFFFYNY2MZTMMQFMGHRTUA/ref=cm_cr_arp_d_gw_btm?ie=UTF8","","<img src=""https://images-na.ssl-images-amazon.com/images/S/amazon-avatars-global/e07d6b4d-3ca0-4367-859f-c66c585971c9._CR20,0,2448,2448_SX48_.jpg""/>","Firstsnow","https://www.amazon.com/gp/customer-reviews/R29KBDL36YF2EM/ref=cm_cr_arp_d_rvw_ttl?ie=UTF8&ASIN=B0175BN7B0","2.0 out of 5 stars","Ridiculous - $11???","Reviewed in the United States on August 3, 2022","https://www.amazon.com/gp/help/customer/display.html/ref=cm_cr_dp_d_rvw_avp?nodeId=G75XTB7MBMBTXP6W","Verified Purchase","I bought the ginourmous size for years of these bones and mistakenly thought this was the same size. The medium is tiny - for a petite breed only. Never again! Definitely not worth the cost this seller is charging.","https://www.amazon.com/ap/signin?openid.return_to=https%3A%2F%2Fwww.amazon.com%2FN-Bone-Nbone-115011-Peanut-Mini-Medium%2Fproduct-reviews%2FB0175BN7B0%2Fref%3Dcm_cr_arp_d_vote_lft%3Fie%3DUTF8%26csrfT%3DhFNRq95RZTget837nF3CYADdTKfqfs7W5qbeLaDfA9nPAAAAAGXT8X0AAAAB%26reviewId%3DR29KBDL36YF2EM&openid.identity=http%3A%2F%2Fspecs.openid.net%2Fauth%2F2.0%2Fidentifier_select&openid.assoc_handle=usflex&openid.mode=checkid_setup&marketPlaceId=ATVPDKIKX0DER&language=en&openid.claimed_id=http%3A%2F%2Fspecs.openid.net%2Fauth%2F2.0%2Fidentifier_select&openid.ns=http%3A%2F%2Fspecs.openid.net%2Fauth%2F2.0","Helpful","Report","https://www.amazon.com/hz/reviews-render/report-review?ie=UTF8&ref=cm_cr_arp_d_rvw_hlp&csrfT=hFNRq95RZTget837nF3CYADdTKfqfs7W5qbeLaDfA9nPAAAAAGXT8X0AAAAB&reviewId=R29KBDL36YF2EM","Showing  comments","0","There was a problem loading comments right now. Please try again later.","","https://images-na.ssl-images-amazon.com/images/G/01/x-locale/common/grey-pixel.gif"
"https://www.amazon.com/gp/profile/amzn1.account.AH25NOCUR25BBPEDUVG2A63XHTVQ/ref=cm_cr_getr_d_gw_btm?ie=UTF8","https://images-na.ssl-images-amazon.com/images/S/amazon-avatars-global/default._CR0,0,1024,1024_SX48_.png","<img src=""https://images-na.ssl-images-amazon.com/images/S/amazon-avatars-global/default._CR0,0,1024,1024_SX48_.png""/>","Christopher Mark Wright","https://www.amazon.com/gp/customer-reviews/R1NX1K8YR78TD4/ref=cm_cr_getr_d_rvw_ttl?ie=UTF8&ASIN=B0175BN7B0","5.0 out of 5 stars","great  treat","Reviewed in the United States on May 10, 2021","https://www.amazon.com/gp/help/customer/display.html/ref=cm_cr_dp_d_rvw_avp?nodeId=G75XTB7MBMBTXP6W","Verified Purchase","my poodles  love these.we make it there special  treat.great for teething.","https://www.amazon.com/ap/signin?openid.return_to=https%3A%2F%2Fwww.amazon.com%2FN-Bone-Nbone-115011-Peanut-Mini-Medium%2Fproduct-reviews%2FB0175BN7B0%2Fref%3Dcm_cr_getr_d_vote_lft%3Fie%3DUTF8%26pageSize%3D10%26csrfT%3DhHMHSox9GAiAewMIlD4e6JGgZD2uFsTEAEEnGZqYlS9KAAAAAGXT8YYAAAAB%26reviewId%3DR1NX1K8YR78TD4&openid.identity=http%3A%2F%2Fspecs.openid.net%2Fauth%2F2.0%2Fidentifier_select&openid.assoc_handle=usflex&openid.mode=checkid_setup&marketPlaceId=ATVPDKIKX0DER&language=en&openid.claimed_id=http%3A%2F%2Fspecs.openid.net%2Fauth%2F2.0%2Fidentifier_select&openid.ns=http%3A%2F%2Fspecs.openid.net%2Fauth%2F2.0","Helpful","Report","https://www.amazon.com/hz/reviews-render/report-review?ie=UTF8&ref=cm_cr_getr_d_rvw_hlp&csrfT=hHMHSox9GAiAewMIlD4e6JGgZD2uFsTEAEEnGZqYlS9KAAAAAGXT8YYAAAAB&reviewId=R1NX1K8YR78TD4","Showing  comments","0","There was a problem loading comments right now. Please try again later.","",""
"https://www.amazon.com/gp/profile/amzn1.account.AHB5A3EF6Q6JFPBAOLAOY5VMGOIA/ref=cm_cr_getr_d_gw_btm?ie=UTF8","https://images-na.ssl-images-amazon.com/images/S/amazon-avatars-global/default._CR0,0,1024,1024_SX48_.png","<img src=""https://images-na.ssl-images-amazon.com/images/S/amazon-avatars-global/default._CR0,0,1024,1024_SX48_.png""/>","Allison I","https://www.amazon.com/gp/customer-reviews/RURZBL1UO2BVJ/ref=cm_cr_getr_d_rvw_ttl?ie=UTF8&ASIN=B0175BN7B0","2.0 out of 5 stars","Super small!","Reviewed in the United States on February 4, 2022","https://www.amazon.com/gp/help/customer/display.html/ref=cm_cr_dp_d_rvw_avp?nodeId=G75XTB7MBMBTXP6W","Verified Purchase","I thought it would be bigger, but when it arrived my German Shepard ate it in about ten minutes","https://www.amazon.com/ap/signin?openid.return_to=https%3A%2F%2Fwww.amazon.com%2FN-Bone-Nbone-115011-Peanut-Mini-Medium%2Fproduct-reviews%2FB0175BN7B0%2Fref%3Dcm_cr_getr_d_vote_lft%3Fie%3DUTF8%26pageSize%3D10%26csrfT%3DhPuOhIfizzdga%252BE%252F20A61LcoMpxl9JzY1jvHilVY9DOuAAAAAGXT8YYAAAAB%26reviewId%3DRURZBL1UO2BVJ&openid.identity=http%3A%2F%2Fspecs.openid.net%2Fauth%2F2.0%2Fidentifier_select&openid.assoc_handle=usflex&openid.mode=checkid_setup&marketPlaceId=ATVPDKIKX0DER&language=en&openid.claimed_id=http%3A%2F%2Fspecs.openid.net%2Fauth%2F2.0%2Fidentifier_select&openid.ns=http%3A%2F%2Fspecs.openid.net%2Fauth%2F2.0","Helpful","Report","https://www.amazon.com/hz/reviews-render/report-review?ie=UTF8&ref=cm_cr_getr_d_rvw_hlp&csrfT=hPuOhIfizzdga%2BE%2F20A61LcoMpxl9JzY1jvHilVY9DOuAAAAAGXT8YYAAAAB&reviewId=RURZBL1UO2BVJ","Showing  comments","0","There was a problem loading comments right now. Please try again later.","",""
"https://www.amazon.com/gp/profile/amzn1.account.AEOZ3OBZ5XBTOMFR6FHS63TGYCZA/ref=cm_cr_getr_d_gw_btm?ie=UTF8","https://images-na.ssl-images-amazon.com/images/S/amazon-avatars-global/default._CR0,0,1024,1024_SX48_.png","<img src=""https://images-na.ssl-images-amazon.com/images/S/amazon-avatars-global/default._CR0,0,1024,1024_SX48_.png""/>","Serena Farmer","https://www.amazon.com/gp/customer-reviews/R14VIUSP42SKI/ref=cm_cr_getr_d_rvw_ttl?ie=UTF8&ASIN=B0175BN7B0","3.0 out of 5 stars","Dogs love them ~ too much!!","Reviewed in the United States on December 27, 2023","","","Thank goodness I only paid, $4.99 at MarshallsMy little Shorkie ate half on the way home.The second one, I gave to my mini-Aussie. It disappeared in less than 10 min!!If I had paid $10 for each, I coulda fed them steak!!!","https://www.amazon.com/ap/signin?openid.return_to=https%3A%2F%2Fwww.amazon.com%2FN-Bone-Nbone-115011-Peanut-Mini-Medium%2Fproduct-reviews%2FB0175BN7B0%2Fref%3Dcm_cr_getr_d_vote_lft%3Fie%3DUTF8%26pageSize%3D10%26csrfT%3DhFS87lYnyzc7iZlq4JPJUtdN%252FsL1JRA3mRXquFS8cPzWAAAAAGXT8YYAAAAB%26reviewId%3DR14VIUSP42SKI&openid.identity=http%3A%2F%2Fspecs.openid.net%2Fauth%2F2.0%2Fidentifier_select&openid.assoc_handle=usflex&openid.mode=checkid_setup&marketPlaceId=ATVPDKIKX0DER&language=en&openid.claimed_id=http%3A%2F%2Fspecs.openid.net%2Fauth%2F2.0%2Fidentifier_select&openid.ns=http%3A%2F%2Fspecs.openid.net%2Fauth%2F2.0","Helpful","Report","https://www.amazon.com/hz/reviews-render/report-review?ie=UTF8&ref=cm_cr_getr_d_rvw_hlp&csrfT=hFS87lYnyzc7iZlq4JPJUtdN%2FsL1JRA3mRXquFS8cPzWAAAAAGXT8YYAAAAB&reviewId=R14VIUSP42SKI","Showing  comments","0","There was a problem loading comments right now. Please try again later.","",""
"https://www.amazon.com/gp/profile/amzn1.account.AG44YEYCTDLPLNVPBCF2N6OKGQ3A/ref=cm_cr_getr_d_gw_btm?ie=UTF8","https://images-na.ssl-images-amazon.com/images/S/amazon-avatars-global/default._CR0,0,1024,1024_SX48_.png","<img src=""https://images-na.ssl-images-amazon.com/images/S/amazon-avatars-global/default._CR0,0,1024,1024_SX48_.png""/>","katherine","https://www.amazon.com/gp/customer-reviews/R206FIB9TJG11D/ref=cm_cr_getr_d_rvw_ttl?ie=UTF8&ASIN=B0175BN7B0","1.0 out of 5 stars","Lasted about 6 minutes!","Reviewed in the United States on February 8, 2022","https://www.amazon.com/gp/help/customer/display.html/ref=cm_cr_dp_d_rvw_avp?nodeId=G75XTB7MBMBTXP6W","Verified Purchase","What a gimmick!  Treats like these are WORTHLESS if a dog can't chew on them for more than 6 minutes!  The value to a dog is to satisfy their chew instinct.  Waste of money!","https://www.amazon.com/ap/signin?openid.return_to=https%3A%2F%2Fwww.amazon.com%2FN-Bone-Nbone-115011-Peanut-Mini-Medium%2Fproduct-reviews%2FB0175BN7B0%2Fref%3Dcm_cr_getr_d_vote_lft%3Fie%3DUTF8%26pageSize%3D10%26csrfT%3DhHBXTMjWYgcYD4R6ugIl%252Bbb5Kb0D2IqGO9OlL9Z8KvDpAAAAAGXT8YYAAAAB%26reviewId%3DR206FIB9TJG11D&openid.identity=http%3A%2F%2Fspecs.openid.net%2Fauth%2F2.0%2Fidentifier_select&openid.assoc_handle=usflex&openid.mode=checkid_setup&marketPlaceId=ATVPDKIKX0DER&language=en&openid.claimed_id=http%3A%2F%2Fspecs.openid.net%2Fauth%2F2.0%2Fidentifier_select&openid.ns=http%3A%2F%2Fspecs.openid.net%2Fauth%2F2.0","Helpful","Report","https://www.amazon.com/hz/reviews-render/report-review?ie=UTF8&ref=cm_cr_getr_d_rvw_hlp&csrfT=hHBXTMjWYgcYD4R6ugIl%2Bbb5Kb0D2IqGO9OlL9Z8KvDpAAAAAGXT8YYAAAAB&reviewId=R206FIB9TJG11D","Showing  comments","0","There was a problem loading comments right now. Please try again later.","",""
"https://www.amazon.com/gp/profile/amzn1.account.AHYQUS4MVLWWN4KYOPWZTDNMKSXQ/ref=cm_cr_getr_d_gw_btm?ie=UTF8","https://images-na.ssl-images-amazon.com/images/S/amazon-avatars-global/default._CR0,0,1024,1024_SX48_.png","<img src=""https://images-na.ssl-images-amazon.com/images/S/amazon-avatars-global/default._CR0,0,1024,1024_SX48_.png""/>","Brandy's Mom","https://www.amazon.com/gp/customer-reviews/R2DPCR9HV8PE0L/ref=cm_cr_getr_d_rvw_ttl?ie=UTF8&ASIN=B0175BN7B0","5.0 out of 5 stars","Five Stars","Reviewed in the United States on November 27, 2017","https://www.amazon.com/gp/help/customer/display.html/ref=cm_cr_dp_d_rvw_avp?nodeId=G75XTB7MBMBTXP6W","Verified Purchase","DOG LOVED IT","https://www.amazon.com/ap/signin?openid.return_to=https%3A%2F%2Fwww.amazon.com%2FN-Bone-Nbone-115011-Peanut-Mini-Medium%2Fproduct-reviews%2FB0175BN7B0%2Fref%3Dcm_cr_getr_d_vote_lft%3Fie%3DUTF8%26pageSize%3D10%26csrfT%3DhF0t8sF6Tgy3gKlsEKhb7jYO0tcgFN5PPCT7As2gRuYeAAAAAGXT8YYAAAAB%26reviewId%3DR2DPCR9HV8PE0L&openid.identity=http%3A%2F%2Fspecs.openid.net%2Fauth%2F2.0%2Fidentifier_select&openid.assoc_handle=usflex&openid.mode=checkid_setup&marketPlaceId=ATVPDKIKX0DER&language=en&openid.claimed_id=http%3A%2F%2Fspecs.openid.net%2Fauth%2F2.0%2Fidentifier_select&openid.ns=http%3A%2F%2Fspecs.openid.net%2Fauth%2F2.0","Helpful","Report","https://www.amazon.com/hz/reviews-render/report-review?ie=UTF8&ref=cm_cr_getr_d_rvw_hlp&csrfT=hF0t8sF6Tgy3gKlsEKhb7jYO0tcgFN5PPCT7As2gRuYeAAAAAGXT8YYAAAAB&reviewId=R2DPCR9HV8PE0L","Showing  comments","0","There was a problem loading comments right now. Please try again later.","",""
"https://www.amazon.com/gp/profile/amzn1.account.AEQDRAXTHMO57NYH5XVKYEPESRQQ/ref=cm_cr_getr_d_gw_btm?ie=UTF8","https://images-na.ssl-images-amazon.com/images/S/amazon-avatars-global/default._CR0,0,1024,1024_SX48_.png","<img src=""https://images-na.ssl-images-amazon.com/images/S/amazon-avatars-global/default._CR0,0,1024,1024_SX48_.png""/>","Kindle Customer","https://www.amazon.com/gp/customer-reviews/R28E3USGCY4I7F/ref=cm_cr_getr_d_rvw_ttl?ie=UTF8&ASIN=B0175BN7B0","5.0 out of 5 stars","Pumpkin ia the best","Reviewed in the United States on March 11, 2017","https://www.amazon.com/gp/help/customer/display.html/ref=cm_cr_dp_d_rvw_avp?nodeId=G75XTB7MBMBTXP6W","Verified Purchase","My dogs are into pumpkin","https://www.amazon.com/ap/signin?openid.return_to=https%3A%2F%2Fwww.amazon.com%2FN-Bone-Nbone-115011-Peanut-Mini-Medium%2Fproduct-reviews%2FB0175BN7B0%2Fref%3Dcm_cr_getr_d_vote_lft%3Fie%3DUTF8%26pageSize%3D10%26csrfT%3DhET%252FVEtnSc4JQ2SJDeuTZV2vtXLLJaPXO4kbcordrNCYAAAAAGXT8YYAAAAB%26reviewId%3DR28E3USGCY4I7F&openid.identity=http%3A%2F%2Fspecs.openid.net%2Fauth%2F2.0%2Fidentifier_select&openid.assoc_handle=usflex&openid.mode=checkid_setup&marketPlaceId=ATVPDKIKX0DER&language=en&openid.claimed_id=http%3A%2F%2Fspecs.openid.net%2Fauth%2F2.0%2Fidentifier_select&openid.ns=http%3A%2F%2Fspecs.openid.net%2Fauth%2F2.0","Helpful","Report","https://www.amazon.com/hz/reviews-render/report-review?ie=UTF8&ref=cm_cr_getr_d_rvw_hlp&csrfT=hET%2FVEtnSc4JQ2SJDeuTZV2vtXLLJaPXO4kbcordrNCYAAAAAGXT8YYAAAAB&reviewId=R28E3USGCY4I7F","Showing  comments","0","There was a problem loading comments right now. Please try again later.","",""
"https://www.amazon.com/gp/profile/amzn1.account.AGKJOUVHBV6JR5FUITTE2OFEL7CQ/ref=cm_cr_getr_d_gw_btm?ie=UTF8","","<img src=""https://images-na.ssl-images-amazon.com/images/S/amazon-avatars-global/default._CR0,0,1024,1024_SX48_.png""/>","Jessica Sitaras","https://www.amazon.com/gp/customer-reviews/RDS61BNMV7DEY/ref=cm_cr_getr_d_rvw_ttl?ie=UTF8&ASIN=B0175BN7B0","2.0 out of 5 stars","Dog love but lasted 2 minutes","Reviewed in the United States on December 3, 2023","","","I have a lab mix and he inhaled in minutes. This treat seemed like it should have lasted a lot longer.","https://www.amazon.com/ap/signin?openid.return_to=https%3A%2F%2Fwww.amazon.com%2FN-Bone-Nbone-115011-Peanut-Mini-Medium%2Fproduct-reviews%2FB0175BN7B0%2Fref%3Dcm_cr_getr_d_vote_lft%3Fie%3DUTF8%26pageSize%3D10%26csrfT%3DhBjtSYfQMMe44tR%252FSAII3Cl2vEHVoGpHX8Sig%252B2tPpM9AAAAAGXT8YYAAAAB%26reviewId%3DRDS61BNMV7DEY&openid.identity=http%3A%2F%2Fspecs.openid.net%2Fauth%2F2.0%2Fidentifier_select&openid.assoc_handle=usflex&openid.mode=checkid_setup&marketPlaceId=ATVPDKIKX0DER&language=en&openid.claimed_id=http%3A%2F%2Fspecs.openid.net%2Fauth%2F2.0%2Fidentifier_select&openid.ns=http%3A%2F%2Fspecs.openid.net%2Fauth%2F2.0","Helpful","Report","https://www.amazon.com/hz/reviews-render/report-review?ie=UTF8&ref=cm_cr_getr_d_rvw_hlp&csrfT=hBjtSYfQMMe44tR%2FSAII3Cl2vEHVoGpHX8Sig%2B2tPpM9AAAAAGXT8YYAAAAB&reviewId=RDS61BNMV7DEY","Showing  comments","0","There was a problem loading comments right now. Please try again later.","","https://images-na.ssl-images-amazon.com/images/G/01/x-locale/common/grey-pixel.gif"
"https://www.amazon.com/gp/profile/amzn1.account.AGANHW5CIFNH6WEYE3VKESW3DREQ/ref=cm_cr_getr_d_gw_btm?ie=UTF8","","<img src=""https://images-na.ssl-images-amazon.com/images/S/amazon-avatars-global/0fe30197-8e94-467f-af59-4ab5ab5281b4._CR0,0,399,399_SX48_.jpg""/>","Amazoner","https://www.amazon.com/gp/customer-reviews/R8TAE7KE7FRSQ/ref=cm_cr_getr_d_rvw_ttl?ie=UTF8&ASIN=B0175BN7B0","1.0 out of 5 stars","Read before purchasing","Reviewed in the United States on December 28, 2023","","","Be very careful with this product for small dogs. It cause my 18 lb dog diarrhea and vomiting 6 hrs after chewing it. The diarrhea and vomiting continued through the night, and proceeded to bloody vomiting. My dog was able to recover 24 hours later but this is a serious issue people should be aware of.","https://www.amazon.com/ap/signin?openid.return_to=https%3A%2F%2Fwww.amazon.com%2FN-Bone-Nbone-115011-Peanut-Mini-Medium%2Fproduct-reviews%2FB0175BN7B0%2Fref%3Dcm_cr_getr_d_vote_lft%3Fie%3DUTF8%26pageSize%3D10%26csrfT%3DhBKzr3YXD0qXbwPZKZc%252Fmc3%252F0o3XzI%252Fv6zHZofSJP473AAAAAGXT8YYAAAAB%26reviewId%3DR8TAE7KE7FRSQ&openid.identity=http%3A%2F%2Fspecs.openid.net%2Fauth%2F2.0%2Fidentifier_select&openid.assoc_handle=usflex&openid.mode=checkid_setup&marketPlaceId=ATVPDKIKX0DER&language=en&openid.claimed_id=http%3A%2F%2Fspecs.openid.net%2Fauth%2F2.0%2Fidentifier_select&openid.ns=http%3A%2F%2Fspecs.openid.net%2Fauth%2F2.0","Helpful","Report","https://www.amazon.com/hz/reviews-render/report-review?ie=UTF8&ref=cm_cr_getr_d_rvw_hlp&csrfT=hBKzr3YXD0qXbwPZKZc%2Fmc3%2F0o3XzI%2Fv6zHZofSJP473AAAAAGXT8YYAAAAB&reviewId=R8TAE7KE7FRSQ","Showing  comments","0","There was a problem loading comments right now. Please try again later.","","https://images-na.ssl-images-amazon.com/images/G/01/x-locale/common/grey-pixel.gif"
"https://www.amazon.com/gp/profile/amzn1.account.AH4UEBZAZGZWEFPHQD2YAW75NF2Q/ref=cm_cr_getr_d_gw_btm?ie=UTF8","","<img src=""https://images-na.ssl-images-amazon.com/images/S/amazon-avatars-global/d64602f2-7182-4686-bd2a-d371071775c8._CR62,0,375,375_SX48_.jpg""/>","heyshay07","https://www.amazon.com/gp/customer-reviews/R35SAJ45BCNSVG/ref=cm_cr_getr_d_rvw_ttl?ie=UTF8&ASIN=B0175BN7B0","3.0 out of 5 stars","Great taste, but gone too fast","Reviewed in the United States on September 23, 2019","","","My 8 year old Shih Tzu/Poodle mix LOVED this Quando. He only has about 1/2 his teeth so I have been trying to find products that encourage him to chew abs maintain the teeth he has. He eats the greenies in about 2 minutes so I was hoping this would last longer.Pros1) great taste he kept chewing2) it was soft enough for him to eat and not get discouraged like some of the other thing I've tried3) the design helped him hold it easilyConHe ate 1 arm in 10 minutes and for $10 I was hoping it would last longer than that. With that ratio, the Yaky Churros are more economical.","https://www.amazon.com/ap/signin?openid.return_to=https%3A%2F%2Fwww.amazon.com%2FN-Bone-Nbone-115011-Peanut-Mini-Medium%2Fproduct-reviews%2FB0175BN7B0%2Fref%3Dcm_cr_getr_d_vote_lft%3Fie%3DUTF8%26pageSize%3D10%26csrfT%3DhB4FmIHHxqJsd81CJrSxiiBdUS8I%252FFATD4X1DyvVhdj2AAAAAGXT8YYAAAAB%26reviewId%3DR35SAJ45BCNSVG&openid.identity=http%3A%2F%2Fspecs.openid.net%2Fauth%2F2.0%2Fidentifier_select&openid.assoc_handle=usflex&openid.mode=checkid_setup&marketPlaceId=ATVPDKIKX0DER&language=en&openid.claimed_id=http%3A%2F%2Fspecs.openid.net%2Fauth%2F2.0%2Fidentifier_select&openid.ns=http%3A%2F%2Fspecs.openid.net%2Fauth%2F2.0","Helpful","2 people found this helpful","https://www.amazon.com/hz/reviews-render/report-review?ie=UTF8&ref=cm_cr_getr_d_rvw_hlp&csrfT=hB4FmIHHxqJsd81CJrSxiiBdUS8I%2FFATD4X1DyvVhdj2AAAAAGXT8YYAAAAB&reviewId=R35SAJ45BCNSVG","Report","0","There was a problem loading comments right now. Please try again later.","Showing  comments","https://images-na.ssl-images-amazon.com/images/G/01/x-locale/common/grey-pixel.gif"
"https://www.amazon.com/gp/profile/amzn1.account.AHFSKB764GABCWTBHWH4EEQGVH4A/ref=cm_cr_getr_d_gw_btm?ie=UTF8","","<img src=""https://images-na.ssl-images-amazon.com/images/S/amazon-avatars-global/default._CR0,0,1024,1024_SX48_.png""/>","Alyson","https://www.amazon.com/gp/customer-reviews/R3PADV2R9GPVMW/ref=cm_cr_getr_d_rvw_ttl?ie=UTF8&ASIN=B0175BN7B0","3.0 out of 5 stars","Won’t last long","Reviewed in the United States on May 26, 2019","","","My 12 week old lab puppy loved this...but I expected it to last longer. Devoured the entire thing in about 30 minutes. Oops...","https://www.amazon.com/ap/signin?openid.return_to=https%3A%2F%2Fwww.amazon.com%2FN-Bone-Nbone-115011-Peanut-Mini-Medium%2Fproduct-reviews%2FB0175BN7B0%2Fref%3Dcm_cr_getr_d_vote_lft%3Fie%3DUTF8%26pageSize%3D10%26csrfT%3DhJCZWxcIoapijxaWVDtgjJ7qPh8VoPvUZeEfRbxf%252B3B0AAAAAGXT8YYAAAAB%26reviewId%3DR3PADV2R9GPVMW&openid.identity=http%3A%2F%2Fspecs.openid.net%2Fauth%2F2.0%2Fidentifier_select&openid.assoc_handle=usflex&openid.mode=checkid_setup&marketPlaceId=ATVPDKIKX0DER&language=en&openid.claimed_id=http%3A%2F%2Fspecs.openid.net%2Fauth%2F2.0%2Fidentifier_select&openid.ns=http%3A%2F%2Fspecs.openid.net%2Fauth%2F2.0","Helpful","One person found this helpful","https://www.amazon.com/hz/reviews-render/report-review?ie=UTF8&ref=cm_cr_getr_d_rvw_hlp&csrfT=hJCZWxcIoapijxaWVDtgjJ7qPh8VoPvUZeEfRbxf%2B3B0AAAAAGXT8YYAAAAB&reviewId=R3PADV2R9GPVMW","Report","0","There was a problem loading comments right now. Please try again later.","Showing  comments","https://images-na.ssl-images-amazon.com/images/G/01/x-locale/common/grey-pixel.gif"
"https://www.amazon.com/gp/profile/amzn1.account.AHJOWDZRB2T7BY5Y6H7AN5UIBDLA/ref=cm_cr_getr_d_gw_btm?ie=UTF8","https://images-na.ssl-images-amazon.com/images/S/amazon-avatars-global/default._CR0,0,1024,1024_SX48_.png","<img src=""https://images-na.ssl-images-amazon.com/images/S/amazon-avatars-global/default._CR0,0,1024,1024_SX48_.png""/>","Mary Lou Triana","https://www.amazon.com/gp/customer-reviews/R1EX0D4RKBFA37/ref=cm_cr_getr_d_rvw_ttl?ie=UTF8&ASIN=B0175BN7B0","1.0 out of 5 stars","Gave my dog bloody diarrhea !","Reviewed in the United States on April 21, 2020","","","My dog ate through this bone in a matter of minutes, when I went to check on her she had already eaten the entire bone.  That night she started vomiting. She vomited about 4 times during the night.  The next day she had watery diarrhea.  As the day went on it got bloody. By the night fall of day two it will full on blood coming out. Took her to the emergency room, she got treated for digestive issues.  With treatment she improved within hours, however when I wrote to Quado they flat out denied it was due to the bone and even tried to ""silence"" me with a package of treats worth $20 and wanted to me sign non disclosure statement paperwork.  Needless to say they also refuse to pay for any of the medical bills.","https://www.amazon.com/ap/signin?openid.return_to=https%3A%2F%2Fwww.amazon.com%2FN-Bone-Nbone-115011-Peanut-Mini-Medium%2Fproduct-reviews%2FB0175BN7B0%2Fref%3Dcm_cr_getr_d_vote_lft%3Fie%3DUTF8%26pageSize%3D10%26csrfT%3DhGXFSkMpDYnIPadiAnDLGlYYTWgjIGzbGp%252F4gEYou9GiAAAAAGXT8YgAAAAB%26reviewId%3DR1EX0D4RKBFA37&openid.identity=http%3A%2F%2Fspecs.openid.net%2Fauth%2F2.0%2Fidentifier_select&openid.assoc_handle=usflex&openid.mode=checkid_setup&marketPlaceId=ATVPDKIKX0DER&language=en&openid.claimed_id=http%3A%2F%2Fspecs.openid.net%2Fauth%2F2.0%2Fidentifier_select&openid.ns=http%3A%2F%2Fspecs.openid.net%2Fauth%2F2.0","Helpful","4 people found this helpful","https://www.amazon.com/hz/reviews-render/report-review?ie=UTF8&ref=cm_cr_getr_d_rvw_hlp&csrfT=hGXFSkMpDYnIPadiAnDLGlYYTWgjIGzbGp%2F4gEYou9GiAAAAAGXT8YgAAAAB&reviewId=R1EX0D4RKBFA37","Report","0","There was a problem loading comments right now. Please try again later.","Showing  comments",""
"https://www.amazon.com/gp/profile/amzn1.account.AFAC5MAROC2ORFJ3BKYTLVB4OLLA/ref=cm_cr_getr_d_gw_btm?ie=UTF8","https://images-na.ssl-images-amazon.com/images/S/amazon-avatars-global/default._CR0,0,1024,1024_SX48_.png","<img src=""https://images-na.ssl-images-amazon.com/images/S/amazon-avatars-global/default._CR0,0,1024,1024_SX48_.png""/>","eshopper","https://www.amazon.com/gp/customer-reviews/R1WWZLSZTI9RI8/ref=cm_cr_getr_d_rvw_ttl?ie=UTF8&ASIN=B0175BN7B0","1.0 out of 5 stars","BE AWARE! NOT FOR AGGRESSIVE CHEWERS!","Reviewed in the United States on June 1, 2021","","","NOT FOR AGGRESSIVE CHEWERS!  I gave the large size one to my 80 lb lab  After about ten minutes, I thought it had slipped under the bed, beyond my dog’s reach, but In actuality, he had completely devoured it.  The remnants were visible in his vomit!!  He vomited intermittently for almost 24 hours, unable to keep anything down.  He’s fine now, but this product should have a warning!","https://www.amazon.com/ap/signin?openid.return_to=https%3A%2F%2Fwww.amazon.com%2FN-Bone-Nbone-115011-Peanut-Mini-Medium%2Fproduct-reviews%2FB0175BN7B0%2Fref%3Dcm_cr_getr_d_vote_lft%3Fie%3DUTF8%26pageSize%3D10%26csrfT%3DhPQ6j9tMAW5KQmnEvQTJuLqRI%252BtJFq3PAY%252B98zFZ5ZWHAAAAAGXT8YgAAAAB%26reviewId%3DR1WWZLSZTI9RI8&openid.identity=http%3A%2F%2Fspecs.openid.net%2Fauth%2F2.0%2Fidentifier_select&openid.assoc_handle=usflex&openid.mode=checkid_setup&marketPlaceId=ATVPDKIKX0DER&language=en&openid.claimed_id=http%3A%2F%2Fspecs.openid.net%2Fauth%2F2.0%2Fidentifier_select&openid.ns=http%3A%2F%2Fspecs.openid.net%2Fauth%2F2.0","Helpful","2 people found this helpful","https://www.amazon.com/hz/reviews-render/report-review?ie=UTF8&ref=cm_cr_getr_d_rvw_hlp&csrfT=hPQ6j9tMAW5KQmnEvQTJuLqRI%2BtJFq3PAY%2B98zFZ5ZWHAAAAAGXT8YgAAAAB&reviewId=R1WWZLSZTI9RI8","Report","0","There was a problem loading comments right now. Please try again later.","Showing  comments",""
"https://www.amazon.com/gp/profile/amzn1.account.AEES7MNBTAD3TSMRSRJEKNKW3UOQ/ref=cm_cr_getr_d_gw_btm?ie=UTF8","https://images-na.ssl-images-amazon.com/images/S/amazon-avatars-global/default._CR0,0,1024,1024_SX48_.png","<img src=""https://images-na.ssl-images-amazon.com/images/S/amazon-avatars-global/default._CR0,0,1024,1024_SX48_.png""/>","Amazon Customer","https://www.amazon.com/gp/customer-reviews/R34JH2KQ8MIDQO/ref=cm_cr_getr_d_rvw_ttl?ie=UTF8&ASIN=B0175BN7B0","2.0 out of 5 stars","Gone in 60 seconds","Reviewed in the United States on October 6, 2019","","","As previous reviews mention, the dog loved it, but that’s part of the problem. I’m not sure the bone lasted ten minutes. Based on the packaging and general design of the toy, it seemed like it was designed to last. In reality you are better off buying a box of treats for the same price. I have a 3 year old Pitt mix who is an aggressive chewer. I would discourage similar customers not to purchase this, unless you want an overpriced, one time treat.","https://www.amazon.com/ap/signin?openid.return_to=https%3A%2F%2Fwww.amazon.com%2FN-Bone-Nbone-115011-Peanut-Mini-Medium%2Fproduct-reviews%2FB0175BN7B0%2Fref%3Dcm_cr_getr_d_vote_lft%3Fie%3DUTF8%26pageSize%3D10%26csrfT%3DhEJuG5TW35KwPtnbzAq3MS0XSHfA9a1kDVdZ50IFfGRaAAAAAGXT8YgAAAAB%26reviewId%3DR34JH2KQ8MIDQO&openid.identity=http%3A%2F%2Fspecs.openid.net%2Fauth%2F2.0%2Fidentifier_select&openid.assoc_handle=usflex&openid.mode=checkid_setup&marketPlaceId=ATVPDKIKX0DER&language=en&openid.claimed_id=http%3A%2F%2Fspecs.openid.net%2Fauth%2F2.0%2Fidentifier_select&openid.ns=http%3A%2F%2Fspecs.openid.net%2Fauth%2F2.0","Helpful","One person found this helpful","https://www.amazon.com/hz/reviews-render/report-review?ie=UTF8&ref=cm_cr_getr_d_rvw_hlp&csrfT=hEJuG5TW35KwPtnbzAq3MS0XSHfA9a1kDVdZ50IFfGRaAAAAAGXT8YgAAAAB&reviewId=R34JH2KQ8MIDQO","Report","0","There was a problem loading comments right now. Please try again later.","Showing  comments",""
"https://www.amazon.com/gp/profile/amzn1.account.AGPCKXUCQGSJ2APCEEKBNH7J3K3A/ref=cm_cr_getr_d_gw_btm?ie=UTF8","https://images-na.ssl-images-amazon.com/images/S/amazon-avatars-global/default._CR0,0,1024,1024_SX48_.png","<img src=""https://images-na.ssl-images-amazon.com/images/S/amazon-avatars-global/default._CR0,0,1024,1024_SX48_.png""/>","Amazon Customer","https://www.amazon.com/gp/customer-reviews/R1UX0XTWK1G7UZ/ref=cm_cr_getr_d_rvw_ttl?ie=UTF8&ASIN=B0175BN7B0","5.0 out of 5 stars","Definitely recommended for new puppies!","Reviewed in the United States on October 12, 2016","","","This bone is made to be a safe, softer, and digestible, option specifically for puppies and soft mouths.  It's not made for ""big chewers"".  My French bulldog puppy LOVES these.  He's still on his first one (it's been almost a week), and we've already bought another one just in case.  Keeps him really busy!  And because it's natural and actually edible, he can eat the pieces so this bone isn't really messy either.","https://www.amazon.com/ap/signin?openid.return_to=https%3A%2F%2Fwww.amazon.com%2FN-Bone-Nbone-115011-Peanut-Mini-Medium%2Fproduct-reviews%2FB0175BN7B0%2Fref%3Dcm_cr_getr_d_vote_lft%3Fie%3DUTF8%26pageSize%3D10%26csrfT%3DhN7UfqjK9vMYrElUDZ%252FnWBl6BCsFG7QDM1INhPysAoS6AAAAAGXT8YgAAAAB%26reviewId%3DR1UX0XTWK1G7UZ&openid.identity=http%3A%2F%2Fspecs.openid.net%2Fauth%2F2.0%2Fidentifier_select&openid.assoc_handle=usflex&openid.mode=checkid_setup&marketPlaceId=ATVPDKIKX0DER&language=en&openid.claimed_id=http%3A%2F%2Fspecs.openid.net%2Fauth%2F2.0%2Fidentifier_select&openid.ns=http%3A%2F%2Fspecs.openid.net%2Fauth%2F2.0","Helpful","2 people found this helpful","https://www.amazon.com/hz/reviews-render/report-review?ie=UTF8&ref=cm_cr_getr_d_rvw_hlp&csrfT=hN7UfqjK9vMYrElUDZ%2FnWBl6BCsFG7QDM1INhPysAoS6AAAAAGXT8YgAAAAB&reviewId=R1UX0XTWK1G7UZ","Report","0","There was a problem loading comments right now. Please try again later.","Showing  comments",""
"https://www.amazon.com/gp/profile/amzn1.account.AE2ZWSUMZR6ZFQJT4ZFK5QAR23XA/ref=cm_cr_getr_d_gw_btm?ie=UTF8","https://images-na.ssl-images-amazon.com/images/S/amazon-avatars-global/default._CR0,0,1024,1024_SX48_.png","<img src=""https://images-na.ssl-images-amazon.com/images/S/amazon-avatars-global/default._CR0,0,1024,1024_SX48_.png""/>","LR","https://www.amazon.com/gp/customer-reviews/RO40CSP8WBAZO/ref=cm_cr_getr_d_rvw_ttl?ie=UTF8&ASIN=B0175BN7B0","2.0 out of 5 stars","2 beagles, 2 medium bones, gone in 20 minutes","Reviewed in the United States on January 8, 2021","","","They really enjoyed them, but at this price I could feed them a nice steak.","https://www.amazon.com/ap/signin?openid.return_to=https%3A%2F%2Fwww.amazon.com%2FN-Bone-Nbone-115011-Peanut-Mini-Medium%2Fproduct-reviews%2FB0175BN7B0%2Fref%3Dcm_cr_getr_d_vote_lft%3Fie%3DUTF8%26pageSize%3D10%26csrfT%3DhPdJnE8Xgq3vJMa%252FcGTKZQZ7FSNa5WBJMGN9b3fytscfAAAAAGXT8YgAAAAB%26reviewId%3DRO40CSP8WBAZO&openid.identity=http%3A%2F%2Fspecs.openid.net%2Fauth%2F2.0%2Fidentifier_select&openid.assoc_handle=usflex&openid.mode=checkid_setup&marketPlaceId=ATVPDKIKX0DER&language=en&openid.claimed_id=http%3A%2F%2Fspecs.openid.net%2Fauth%2F2.0%2Fidentifier_select&openid.ns=http%3A%2F%2Fspecs.openid.net%2Fauth%2F2.0","Helpful","One person found this helpful","https://www.amazon.com/hz/reviews-render/report-review?ie=UTF8&ref=cm_cr_getr_d_rvw_hlp&csrfT=hPdJnE8Xgq3vJMa%2FcGTKZQZ7FSNa5WBJMGN9b3fytscfAAAAAGXT8YgAAAAB&reviewId=RO40CSP8WBAZO","Report","0","There was a problem loading comments right now. Please try again later.","Showing  comments",""
"https://www.amazon.com/gp/profile/amzn1.account.AFXK2PFCEPJZPCP75RIVQN4JKAXA/ref=cm_cr_getr_d_gw_btm?ie=UTF8","","<img src=""https://images-na.ssl-images-amazon.com/images/S/amazon-avatars-global/default._CR0,0,1024,1024_SX48_.png""/>","furball","https://www.amazon.com/gp/customer-reviews/RF3YF767NRAOO/ref=cm_cr_getr_d_rvw_ttl?ie=UTF8&ASIN=B0175BN7B0","5.0 out of 5 stars","Five Stars","Reviewed in the United States on October 7, 2017","","","chihuaha chews for days, lovves.","https://www.amazon.com/ap/signin?openid.return_to=https%3A%2F%2Fwww.amazon.com%2FN-Bone-Nbone-115011-Peanut-Mini-Medium%2Fproduct-reviews%2FB0175BN7B0%2Fref%3Dcm_cr_getr_d_vote_lft%3Fie%3DUTF8%26pageSize%3D10%26csrfT%3DhOH6j12fpXEjl3t34bhyXCaIo8Yb1X1WmCQkxFCKUM6jAAAAAGXT8YgAAAAB%26reviewId%3DRF3YF767NRAOO&openid.identity=http%3A%2F%2Fspecs.openid.net%2Fauth%2F2.0%2Fidentifier_select&openid.assoc_handle=usflex&openid.mode=checkid_setup&marketPlaceId=ATVPDKIKX0DER&language=en&openid.claimed_id=http%3A%2F%2Fspecs.openid.net%2Fauth%2F2.0%2Fidentifier_select&openid.ns=http%3A%2F%2Fspecs.openid.net%2Fauth%2F2.0","Helpful","Report","https://www.amazon.com/hz/reviews-render/report-review?ie=UTF8&ref=cm_cr_getr_d_rvw_hlp&csrfT=hOH6j12fpXEjl3t34bhyXCaIo8Yb1X1WmCQkxFCKUM6jAAAAAGXT8YgAAAAB&reviewId=RF3YF767NRAOO","Showing  comments","0","There was a problem loading comments right now. Please try again later.","","https://images-na.ssl-images-amazon.com/images/G/01/x-locale/common/grey-pixel.gif"
"https://www.amazon.com/gp/profile/amzn1.account.AGF3PH563XPRECVC7JJITT6725JA/ref=cm_cr_getr_d_gw_btm?ie=UTF8","","<img src=""https://images-na.ssl-images-amazon.com/images/S/amazon-avatars-global/default._CR0,0,1024,1024_SX48_.png""/>","Stephanie Hagberg","https://www.amazon.com/gp/customer-reviews/R3P3TF7N4BCVRT/ref=cm_cr_getr_d_rvw_ttl?ie=UTF8&ASIN=B0175BN7B0","2.0 out of 5 stars","I was super excited to give my dog this chew but it ...","Reviewed in the United States on April 30, 2016","","","I was super excited to give my dog this chew but it lasted a grand total of 15 minutes. I purchased the largest size and have a black lab.","https://www.amazon.com/ap/signin?openid.return_to=https%3A%2F%2Fwww.amazon.com%2FN-Bone-Nbone-115011-Peanut-Mini-Medium%2Fproduct-reviews%2FB0175BN7B0%2Fref%3Dcm_cr_getr_d_vote_lft%3Fie%3DUTF8%26pageSize%3D10%26csrfT%3DhED6UV1G2DXI6PhHmlhgpdLb0UDN%252FfSv2tt2hdk6gZFGAAAAAGXT8YgAAAAB%26reviewId%3DR3P3TF7N4BCVRT&openid.identity=http%3A%2F%2Fspecs.openid.net%2Fauth%2F2.0%2Fidentifier_select&openid.assoc_handle=usflex&openid.mode=checkid_setup&marketPlaceId=ATVPDKIKX0DER&language=en&openid.claimed_id=http%3A%2F%2Fspecs.openid.net%2Fauth%2F2.0%2Fidentifier_select&openid.ns=http%3A%2F%2Fspecs.openid.net%2Fauth%2F2.0","Helpful","4 people found this helpful","https://www.amazon.com/hz/reviews-render/report-review?ie=UTF8&ref=cm_cr_getr_d_rvw_hlp&csrfT=hED6UV1G2DXI6PhHmlhgpdLb0UDN%2FfSv2tt2hdk6gZFGAAAAAGXT8YgAAAAB&reviewId=R3P3TF7N4BCVRT","Report","0","There was a problem loading comments right now. Please try again later.","Showing  comments","https://images-na.ssl-images-amazon.com/images/G/01/x-locale/common/grey-pixel.gif"
"https://www.amazon.com/gp/profile/amzn1.account.AGFWQSW3YG2EMC2JPJI3DVUBNJBA/ref=cm_cr_getr_d_gw_btm?ie=UTF8","","<img src=""https://images-na.ssl-images-amazon.com/images/S/amazon-avatars-global/default._CR0,0,1024,1024_SX48_.png""/>","April Price","https://www.amazon.com/gp/customer-reviews/R3JZD5TBAHOJFR/ref=cm_cr_getr_d_rvw_ttl?ie=UTF8&ASIN=B0175BN7B0","1.0 out of 5 stars","Horrible.","Reviewed in the United States on September 23, 2016","","","Bought this for my Westie/Maltese puppy who loves to chew. It was gone within 5 minutes! Horrible.","https://www.amazon.com/ap/signin?openid.return_to=https%3A%2F%2Fwww.amazon.com%2FN-Bone-Nbone-115011-Peanut-Mini-Medium%2Fproduct-reviews%2FB0175BN7B0%2Fref%3Dcm_cr_getr_d_vote_lft%3Fie%3DUTF8%26pageSize%3D10%26csrfT%3DhIX3zWaaGT9TEYaEvUQyga7MhXWaBEmv3GVNlK3RHSsAAAAAAGXT8YgAAAAB%26reviewId%3DR3JZD5TBAHOJFR&openid.identity=http%3A%2F%2Fspecs.openid.net%2Fauth%2F2.0%2Fidentifier_select&openid.assoc_handle=usflex&openid.mode=checkid_setup&marketPlaceId=ATVPDKIKX0DER&language=en&openid.claimed_id=http%3A%2F%2Fspecs.openid.net%2Fauth%2F2.0%2Fidentifier_select&openid.ns=http%3A%2F%2Fspecs.openid.net%2Fauth%2F2.0","Helpful","One person found this helpful","https://www.amazon.com/hz/reviews-render/report-review?ie=UTF8&ref=cm_cr_getr_d_rvw_hlp&csrfT=hIX3zWaaGT9TEYaEvUQyga7MhXWaBEmv3GVNlK3RHSsAAAAAAGXT8YgAAAAB&reviewId=R3JZD5TBAHOJFR","Report","0","There was a problem loading comments right now. Please try again later.","Showing  comments","https://images-na.ssl-images-amazon.com/images/G/01/x-locale/common/grey-pixel.gif"
"https://www.amazon.com/gp/profile/amzn1.account.AH4WNQ2O4PYD3MFXXKUARMTS4VBA/ref=cm_cr_getr_d_gw_btm?ie=UTF8","","<img src=""https://images-na.ssl-images-amazon.com/images/S/amazon-avatars-global/default._CR0,0,1024,1024_SX48_.png""/>","M. McWade","https://www.amazon.com/gp/customer-reviews/R1ARFJGVV5H760/ref=cm_cr_getr_d_rvw_ttl?ie=UTF8&ASIN=B0175BN7B0","1.0 out of 5 stars","Price is crazy.","Reviewed in the United States on December 7, 2015","","","This price of $19.99 is ridiculous. I bought one locally for $4.99.","https://www.amazon.com/ap/signin?openid.return_to=https%3A%2F%2Fwww.amazon.com%2FN-Bone-Nbone-115011-Peanut-Mini-Medium%2Fproduct-reviews%2FB0175BN7B0%2Fref%3Dcm_cr_getr_d_vote_lft%3Fie%3DUTF8%26pageSize%3D10%26csrfT%3DhEJVU6%252FrK9TYKBim6kvtqB6CdKgoRM73LD2FPLPImVHTAAAAAGXT8YgAAAAB%26reviewId%3DR1ARFJGVV5H760&openid.identity=http%3A%2F%2Fspecs.openid.net%2Fauth%2F2.0%2Fidentifier_select&openid.assoc_handle=usflex&openid.mode=checkid_setup&marketPlaceId=ATVPDKIKX0DER&language=en&openid.claimed_id=http%3A%2F%2Fspecs.openid.net%2Fauth%2F2.0%2Fidentifier_select&openid.ns=http%3A%2F%2Fspecs.openid.net%2Fauth%2F2.0","Helpful","Report","https://www.amazon.com/hz/reviews-render/report-review?ie=UTF8&ref=cm_cr_getr_d_rvw_hlp&csrfT=hEJVU6%2FrK9TYKBim6kvtqB6CdKgoRM73LD2FPLPImVHTAAAAAGXT8YgAAAAB&reviewId=R1ARFJGVV5H760","Showing  comments","0","There was a problem loading comments right now. Please try again later.","","https://images-na.ssl-images-amazon.com/images/G/01/x-locale/common/grey-pixel.gif"
"https://www.amazon.com/gp/profile/amzn1.account.AEDKUFXJQGB62TOU27ZA56HZ252Q/ref=cm_cr_getr_d_gw_btm?ie=UTF8","https://images-na.ssl-images-amazon.com/images/S/amazon-avatars-global/default._CR0,0,1024,1024_SX48_.png","<img src=""https://images-na.ssl-images-amazon.com/images/S/amazon-avatars-global/default._CR0,0,1024,1024_SX48_.png""/>","Heather","https://www.amazon.com/gp/customer-reviews/R3B7QNK957GXMA/ref=cm_cr_getr_d_rvw_ttl?ie=UTF8&ASIN=B0175BN7B0","4.0 out of 5 stars","My dog gives it 5 Starz. I give it 3","Reviewed in the United States on January 15, 2022","https://www.amazon.com/gp/help/customer/display.html/ref=cm_cr_dp_d_rvw_avp?nodeId=G75XTB7MBMBTXP6W","Verified Purchase","I assume this a good treat. I didn't try it myself.  But in the time it took me to walk outside to recycle the packaging and Amazon box, she had this half gone.  Not exactly cost friendly if you have a food loving power chewer. My girl is a 40 pound staffie. If I had to guess, I would say it was gobbled up in under 10 minutes.","https://www.amazon.com/ap/signin?openid.return_to=https%3A%2F%2Fwww.amazon.com%2FN-Bone-Nbone-115011-Peanut-Mini-Medium%2Fproduct-reviews%2FB0175BN7B0%2Fref%3Dcm_cr_getr_d_vote_lft%3Fie%3DUTF8%26pageSize%3D10%26csrfT%3DhJYCUtDatZJBtVNkOqIakY4EjXSSyVnlJULuyueFsgJeAAAAAGXT8YgAAAAB%26reviewId%3DR3B7QNK957GXMA&openid.identity=http%3A%2F%2Fspecs.openid.net%2Fauth%2F2.0%2Fidentifier_select&openid.assoc_handle=usflex&openid.mode=checkid_setup&marketPlaceId=ATVPDKIKX0DER&language=en&openid.claimed_id=http%3A%2F%2Fspecs.openid.net%2Fauth%2F2.0%2Fidentifier_select&openid.ns=http%3A%2F%2Fspecs.openid.net%2Fauth%2F2.0","Helpful","My dog gives it 5 Starz. I give it 3","https://www.amazon.com/hz/reviews-render/report-review?ie=UTF8&ref=cm_cr_getr_d_rvw_hlp&csrfT=hJYCUtDatZJBtVNkOqIakY4EjXSSyVnlJULuyueFsgJeAAAAAGXT8YgAAAAB&reviewId=R3B7QNK957GXMA","I assume this a good treat. I didn't try it myself.  But in the time it took me to walk outside to recycle the packaging and Amazon box, she had this half gone.  Not exactly cost friendly if you have a food loving power chewer. My girl is a 40 pound staffie. If I had to guess, I would say it was gobbled up in under 10 minutes.","0","There was a problem loading comments right now. Please try again later.","Report","https://images-na.ssl-images-amazon.com/images/G/01/x-locale/common/grey-pixel.gif"
"https://www.amazon.com/gp/profile/amzn1.account.AG27R5Y3FEMKK2YUDKOHRYYQPO5A/ref=cm_cr_getr_d_gw_btm?ie=UTF8","https://images-na.ssl-images-amazon.com/images/S/amazon-avatars-global/default._CR0,0,1024,1024_SX48_.png","<img src=""https://images-na.ssl-images-amazon.com/images/S/amazon-avatars-global/default._CR0,0,1024,1024_SX48_.png""/>","Ervin M. Zaikis","https://www.amazon.com/gp/customer-reviews/R383VZB38QBGR8/ref=cm_cr_getr_d_rvw_ttl?ie=UTF8&ASIN=B0175BN7B0","5.0 out of 5 stars","Quado quad.","Reviewed in the United States on May 26, 2022","https://www.amazon.com/gp/help/customer/display.html/ref=cm_cr_dp_d_rvw_avp?nodeId=G75XTB7MBMBTXP6W","Verified Purchase","Our Terrier mix puppy adores these. If given the chance, she will devour it quickly. We only allow small amounts at a time.","https://www.amazon.com/ap/signin?openid.return_to=https%3A%2F%2Fwww.amazon.com%2FN-Bone-Nbone-115011-Peanut-Mini-Medium%2Fproduct-reviews%2FB0175BN7B0%2Fref%3Dcm_cr_getr_d_vote_lft%3Fie%3DUTF8%26pageSize%3D10%26csrfT%3DhBWxsISKLPVuT3IJ7ZnwaOu6Wv5uXLajDsqaQKgCnWpSAAAAAGXT8YoAAAAB%26reviewId%3DR383VZB38QBGR8&openid.identity=http%3A%2F%2Fspecs.openid.net%2Fauth%2F2.0%2Fidentifier_select&openid.assoc_handle=usflex&openid.mode=checkid_setup&marketPlaceId=ATVPDKIKX0DER&language=en&openid.claimed_id=http%3A%2F%2Fspecs.openid.net%2Fauth%2F2.0%2Fidentifier_select&openid.ns=http%3A%2F%2Fspecs.openid.net%2Fauth%2F2.0","Helpful","Report","https://www.amazon.com/hz/reviews-render/report-review?ie=UTF8&ref=cm_cr_getr_d_rvw_hlp&csrfT=hBWxsISKLPVuT3IJ7ZnwaOu6Wv5uXLajDsqaQKgCnWpSAAAAAGXT8YoAAAAB&reviewId=R383VZB38QBGR8","Showing  comments","0","There was a problem loading comments right now. Please try again later.","",""
"https://www.amazon.com/gp/profile/amzn1.account.AGRDGYU4BOU7FAZFAMBJLYIMJIRA/ref=cm_cr_getr_d_gw_btm?ie=UTF8","https://images-na.ssl-images-amazon.com/images/S/amazon-avatars-global/default._CR0,0,1024,1024_SX48_.png","<img src=""https://images-na.ssl-images-amazon.com/images/S/amazon-avatars-global/default._CR0,0,1024,1024_SX48_.png""/>","M. T. Duffy","https://www.amazon.com/gp/customer-reviews/R2JBNGCWJP84WT/ref=cm_cr_getr_d_rvw_ttl?ie=UTF8&ASIN=B0175BN7B0","5.0 out of 5 stars","My pup loves this yummy bone!!!","Reviewed in the United States on January 18, 2022","https://www.amazon.com/gp/help/customer/display.html/ref=cm_cr_dp_d_rvw_avp?nodeId=G75XTB7MBMBTXP6W","Verified Purchase","This bone lasts a long time and my dog truly loves it. I couldn't find the bacon flavor but she loves the peanut butter flavor just as well.","https://www.amazon.com/ap/signin?openid.return_to=https%3A%2F%2Fwww.amazon.com%2FN-Bone-Nbone-115011-Peanut-Mini-Medium%2Fproduct-reviews%2FB0175BN7B0%2Fref%3Dcm_cr_getr_d_vote_lft%3Fie%3DUTF8%26pageSize%3D10%26csrfT%3DhGbf4iW1UgKHvlheASe%252FjauUpM%252FS9ylwbHm9MpC2SW0VAAAAAGXT8YoAAAAB%26reviewId%3DR2JBNGCWJP84WT&openid.identity=http%3A%2F%2Fspecs.openid.net%2Fauth%2F2.0%2Fidentifier_select&openid.assoc_handle=usflex&openid.mode=checkid_setup&marketPlaceId=ATVPDKIKX0DER&language=en&openid.claimed_id=http%3A%2F%2Fspecs.openid.net%2Fauth%2F2.0%2Fidentifier_select&openid.ns=http%3A%2F%2Fspecs.openid.net%2Fauth%2F2.0","Helpful","Report","https://www.amazon.com/hz/reviews-render/report-review?ie=UTF8&ref=cm_cr_getr_d_rvw_hlp&csrfT=hGbf4iW1UgKHvlheASe%2FjauUpM%2FS9ylwbHm9MpC2SW0VAAAAAGXT8YoAAAAB&reviewId=R2JBNGCWJP84WT","Showing  comments","0","There was a problem loading comments right now. Please try again later.","",""
"https://www.amazon.com/gp/profile/amzn1.account.AFA35NRM3NHAWKY7NFGK2DGDNAQQ/ref=cm_cr_getr_d_gw_btm?ie=UTF8","https://images-na.ssl-images-amazon.com/images/S/amazon-avatars-global/default._CR0,0,1024,1024_SX48_.png","<img src=""https://images-na.ssl-images-amazon.com/images/S/amazon-avatars-global/default._CR0,0,1024,1024_SX48_.png""/>","Nancy","https://www.amazon.com/gp/customer-reviews/RGLGS6XY0LLSE/ref=cm_cr_getr_d_rvw_ttl?ie=UTF8&ASIN=B0175BN7B0","5.0 out of 5 stars","Long lasting and very entertaining","Reviewed in the United States on December 30, 2021","https://www.amazon.com/gp/help/customer/display.html/ref=cm_cr_dp_d_rvw_avp?nodeId=G75XTB7MBMBTXP6W","Verified Purchase","I was surprised how long this treat has lasted and I love to watch her throw it in the air and chase it, before settling down to chew on it.","https://www.amazon.com/ap/signin?openid.return_to=https%3A%2F%2Fwww.amazon.com%2FN-Bone-Nbone-115011-Peanut-Mini-Medium%2Fproduct-reviews%2FB0175BN7B0%2Fref%3Dcm_cr_getr_d_vote_lft%3Fie%3DUTF8%26pageSize%3D10%26csrfT%3DhNIEN0Hc0YAAn9%252FrdBJpueNG5bvUoVdTiLtBfX1WxMmrAAAAAGXT8YoAAAAB%26reviewId%3DRGLGS6XY0LLSE&openid.identity=http%3A%2F%2Fspecs.openid.net%2Fauth%2F2.0%2Fidentifier_select&openid.assoc_handle=usflex&openid.mode=checkid_setup&marketPlaceId=ATVPDKIKX0DER&language=en&openid.claimed_id=http%3A%2F%2Fspecs.openid.net%2Fauth%2F2.0%2Fidentifier_select&openid.ns=http%3A%2F%2Fspecs.openid.net%2Fauth%2F2.0","Helpful","Report","https://www.amazon.com/hz/reviews-render/report-review?ie=UTF8&ref=cm_cr_getr_d_rvw_hlp&csrfT=hNIEN0Hc0YAAn9%2FrdBJpueNG5bvUoVdTiLtBfX1WxMmrAAAAAGXT8YoAAAAB&reviewId=RGLGS6XY0LLSE","Showing  comments","0","There was a problem loading comments right now. Please try again later.","",""
"https://www.amazon.com/gp/profile/amzn1.account.AEK6LJM3D3JL6X2O7EYAFF5VL2BQ/ref=cm_cr_getr_d_gw_btm?ie=UTF8","https://images-na.ssl-images-amazon.com/images/S/amazon-avatars-global/default._CR0,0,1024,1024_SX48_.png","<img src=""https://images-na.ssl-images-amazon.com/images/S/amazon-avatars-global/default._CR0,0,1024,1024_SX48_.png""/>","PB","https://www.amazon.com/gp/customer-reviews/R2R8LRTZ0AH8V8/ref=cm_cr_getr_d_rvw_ttl?ie=UTF8&ASIN=B0175BN7B0","5.0 out of 5 stars","Love it","Reviewed in the United States on September 13, 2022","https://www.amazon.com/gp/help/customer/display.html/ref=cm_cr_dp_d_rvw_avp?nodeId=G75XTB7MBMBTXP6W","Verified Purchase","My dog loves this and it last longer than other products. It's different shape.","https://www.amazon.com/ap/signin?openid.return_to=https%3A%2F%2Fwww.amazon.com%2FN-Bone-Nbone-115011-Peanut-Mini-Medium%2Fproduct-reviews%2FB0175BN7B0%2Fref%3Dcm_cr_getr_d_vote_lft%3Fie%3DUTF8%26pageSize%3D10%26csrfT%3DhLdhhEsc9%252BETXMy7NkTLMosvskjHd2TPWgKXfsk2APwJAAAAAGXT8YoAAAAB%26reviewId%3DR2R8LRTZ0AH8V8&openid.identity=http%3A%2F%2Fspecs.openid.net%2Fauth%2F2.0%2Fidentifier_select&openid.assoc_handle=usflex&openid.mode=checkid_setup&marketPlaceId=ATVPDKIKX0DER&language=en&openid.claimed_id=http%3A%2F%2Fspecs.openid.net%2Fauth%2F2.0%2Fidentifier_select&openid.ns=http%3A%2F%2Fspecs.openid.net%2Fauth%2F2.0","Helpful","Report","https://www.amazon.com/hz/reviews-render/report-review?ie=UTF8&ref=cm_cr_getr_d_rvw_hlp&csrfT=hLdhhEsc9%2BETXMy7NkTLMosvskjHd2TPWgKXfsk2APwJAAAAAGXT8YoAAAAB&reviewId=R2R8LRTZ0AH8V8","Showing  comments","0","There was a problem loading comments right now. Please try again later.","",""
"https://www.amazon.com/gp/profile/amzn1.account.AGEHJDEWNFBKT5MWLKUJXGGCJIVQ/ref=cm_cr_getr_d_gw_btm?ie=UTF8","https://images-na.ssl-images-amazon.com/images/S/amazon-avatars-global/default._CR0,0,1024,1024_SX48_.png","<img src=""https://images-na.ssl-images-amazon.com/images/S/amazon-avatars-global/default._CR0,0,1024,1024_SX48_.png""/>","sugarsmom","https://www.amazon.com/gp/customer-reviews/R2MLHFFWLHBQ8U/ref=cm_cr_getr_d_rvw_ttl?ie=UTF8&ASIN=B0175BN7B0","5.0 out of 5 stars","good to the last kibble","Reviewed in the United States on July 14, 2019","https://www.amazon.com/gp/help/customer/display.html/ref=cm_cr_dp_d_rvw_avp?nodeId=G75XTB7MBMBTXP6W","Verified Purchase","love it","https://www.amazon.com/ap/signin?openid.return_to=https%3A%2F%2Fwww.amazon.com%2FN-Bone-Nbone-115011-Peanut-Mini-Medium%2Fproduct-reviews%2FB0175BN7B0%2Fref%3Dcm_cr_getr_d_vote_lft%3Fie%3DUTF8%26pageSize%3D10%26csrfT%3DhNOXz8o9AxmR3%252Fr2n9WY%252Fp3B7aYgoTJ6C%252F8Wk9iaaSeYAAAAAGXT8YoAAAAB%26reviewId%3DR2MLHFFWLHBQ8U&openid.identity=http%3A%2F%2Fspecs.openid.net%2Fauth%2F2.0%2Fidentifier_select&openid.assoc_handle=usflex&openid.mode=checkid_setup&marketPlaceId=ATVPDKIKX0DER&language=en&openid.claimed_id=http%3A%2F%2Fspecs.openid.net%2Fauth%2F2.0%2Fidentifier_select&openid.ns=http%3A%2F%2Fspecs.openid.net%2Fauth%2F2.0","Helpful","Report","https://www.amazon.com/hz/reviews-render/report-review?ie=UTF8&ref=cm_cr_getr_d_rvw_hlp&csrfT=hNOXz8o9AxmR3%2Fr2n9WY%2Fp3B7aYgoTJ6C%2F8Wk9iaaSeYAAAAAGXT8YoAAAAB&reviewId=R2MLHFFWLHBQ8U","Showing  comments","0","There was a problem loading comments right now. Please try again later.","",""
"","https://images-eu.ssl-images-amazon.com/images/S/amazon-avatars-global/default._CR0,0,1024,1024_SX48_.png","<img src=""https://images-eu.ssl-images-amazon.com/images/S/amazon-avatars-global/default._CR0,0,1024,1024_SX48_.png""/>","Ella","https://www.amazon.com/hz/reviews-render/report-review?ie=UTF8&ref=cm_cr_getr_d_rvw_hlp&csrfT=hLj8YubjtuUZu6BL2u%2BTt8BtNf2M3HOwR0GIgpw7E20xAAAAAGXT8YoAAAAB&reviewId=REN27XPEVRQ4B","1.0 out of 5 stars","My dog ATE this in minutes","Reviewed in the United Kingdom on October 8, 2021","https://www.amazon.com/gp/help/customer/display.html/ref=cm_cr_dp_d_rvw_avp?nodeId=G75XTB7MBMBTXP6W","Verified Purchase","Really would not recommend, lasted 5 minutes maximum. My dog completely ate this, there was nothing left. Very lucky he wasn’t poorly. DO NOT BUY.","","","Report","","","","","",""
"","","<img src=""https://images-na.ssl-images-amazon.com/images/S/amazon-avatars-global/default._CR0,0,1024,1024_SX48_.png""/>","SR","https://www.amazon.com/hz/reviews-render/report-review?ie=UTF8&ref=cm_cr_getr_d_rvw_hlp&csrfT=hJCIRjyxWCJaGoLh6USCgF0Lt%2FFn0K1qzBT76O6imq2DAAAAAGXT8YoAAAAB&reviewId=RQL4LYGVG5V9O","5.0 out of 5 stars","Dog approved!","Reviewed in Canada on May 15, 2020","https://www.amazon.com/gp/help/customer/display.html/ref=cm_cr_dp_d_rvw_avp?nodeId=G75XTB7MBMBTXP6W","Verified Purchase","My dog is obsessed! I wish it lasted at bit longer though","","","Report","","","","","","https://images-na.ssl-images-amazon.com/images/G/01/x-locale/common/grey-pixel.gif"