"a-profile href","a-profile-avatar src","a-profile-avatar","a-profile-name","a-size-base href","a-icon-alt","a-size-base","a-size-base 2","a-link-normal href","a-size-mini","a-size-base 3","a-size-base 4","a-button-text href","cr-helpful-text","a-size-base 5","a-size-base href 2","a-size-base 6","review-comment-count","a-alert-heading","a-lazy-loaded src"
"https://www.amazon.com/gp/profile/amzn1.account.AFRKEL4OHEXSYI7D3GK5NYQSMOIQ/ref=cm_cr_arp_d_gw_btm?ie=UTF8","https://images-na.ssl-images-amazon.com/images/S/amazon-avatars-global/default._CR0,0,1024,1024_SX48_.png","<img src=""https://images-na.ssl-images-amazon.com/images/S/amazon-avatars-global/default._CR0,0,1024,1024_SX48_.png""/>","Pat","https://www.amazon.com/gp/customer-reviews/RC95350NLD63B/ref=cm_cr_arp_d_rvw_ttl?ie=UTF8&ASIN=B017YAHVA0","5.0 out of 5 stars","Fantastic","Reviewed in the United States on June 16, 2023","https://www.amazon.com/gp/help/customer/display.html/ref=cm_cr_dp_d_rvw_avp?nodeId=G75XTB7MBMBTXP6W","Verified Purchase","My dog gobbles these up and they really do aide in digestion.","2 people found this helpful","https://www.amazon.com/ap/signin?openid.return_to=https%3A%2F%2Fwww.amazon.com%2FGet-Naked-Digestive-Health-Treats%2Fproduct-reviews%2FB017YAHVA0%2Fref%3Dcm_cr_arp_d_vote_lft%3Fie%3DUTF8%26csrfT%3DhPx%252Frlawg8tJIo%252BxABwXkEBK7LKIgQDWnnKRr8g4LMEbAAAAAGXT4REAAAAB%26reviewId%3DRC95350NLD63B&openid.identity=http%3A%2F%2Fspecs.openid.net%2Fauth%2F2.0%2Fidentifier_select&openid.assoc_handle=usflex&openid.mode=checkid_setup&marketPlaceId=ATVPDKIKX0DER&language=en&openid.claimed_id=http%3A%2F%2Fspecs.openid.net%2Fauth%2F2.0%2Fidentifier_select&openid.ns=http%3A%2F%2Fspecs.openid.net%2Fauth%2F2.0","Helpful","Report","https://www.amazon.com/hz/reviews-render/report-review?ie=UTF8&ref=cm_cr_arp_d_rvw_hlp&csrfT=hPx%2Frlawg8tJIo%2BxABwXkEBK7LKIgQDWnnKRr8g4LMEbAAAAAGXT4REAAAAB&reviewId=RC95350NLD63B","Showing  comments","0","There was a problem loading comments right now. Please try again later.",""
"https://www.amazon.com/gp/profile/amzn1.account.AEU5JANZXF6NP3DHZH7H7EI2B7YA/ref=cm_cr_arp_d_gw_btm?ie=UTF8","https://images-na.ssl-images-amazon.com/images/S/amazon-avatars-global/default._CR0,0,1024,1024_SX48_.png","<img src=""https://images-na.ssl-images-amazon.com/images/S/amazon-avatars-global/default._CR0,0,1024,1024_SX48_.png""/>","Anne","https://www.amazon.com/gp/customer-reviews/R1ZSWFBI8KBU2Q/ref=cm_cr_arp_d_rvw_ttl?ie=UTF8&ASIN=B017YAHVA0","5.0 out of 5 stars","My Dog Loves Them","Reviewed in the United States on September 15, 2018","https://www.amazon.com/gp/help/customer/display.html/ref=cm_cr_dp_d_rvw_avp?nodeId=G75XTB7MBMBTXP6W","Verified Purchase","They're small and soft, my dog loves them and they seem to help keep him regular so that he goes at least once a day. I first found these at a pet store while volunteering at an adoption event for a local rescue. I was looking for a soft treat I could give the dogs I was handling. I decided to give these a try and all the dogs around me (both big and small) loved them so much they barely gave me a chance to take them out of the package. After that I decided to buy them for my dog (he's a Lahsa Apso), and he really loved them and this brand in general. I buy him these, the ones for a healthy coat, and the digestive health sticks.","2 people found this helpful","https://www.amazon.com/ap/signin?openid.return_to=https%3A%2F%2Fwww.amazon.com%2FGet-Naked-Digestive-Health-Treats%2Fproduct-reviews%2FB017YAHVA0%2Fref%3Dcm_cr_arp_d_vote_lft%3Fie%3DUTF8%26csrfT%3DhNBhjXMWiAUomCscv2%252BaV%252BzN6%252FQgOn%252BU%252BqzipALGUjtaAAAAAGXT4REAAAAB%26reviewId%3DR1ZSWFBI8KBU2Q&openid.identity=http%3A%2F%2Fspecs.openid.net%2Fauth%2F2.0%2Fidentifier_select&openid.assoc_handle=usflex&openid.mode=checkid_setup&marketPlaceId=ATVPDKIKX0DER&language=en&openid.claimed_id=http%3A%2F%2Fspecs.openid.net%2Fauth%2F2.0%2Fidentifier_select&openid.ns=http%3A%2F%2Fspecs.openid.net%2Fauth%2F2.0","Helpful","Report","https://www.amazon.com/hz/reviews-render/report-review?ie=UTF8&ref=cm_cr_arp_d_rvw_hlp&csrfT=hNBhjXMWiAUomCscv2%2BaV%2BzN6%2FQgOn%2BU%2BqzipALGUjtaAAAAAGXT4REAAAAB&reviewId=R1ZSWFBI8KBU2Q","Showing  comments","0","There was a problem loading comments right now. Please try again later.",""
"https://www.amazon.com/gp/profile/amzn1.account.AGFXB5CA3WAZBJFVZXCRALDC3CVA/ref=cm_cr_arp_d_gw_btm?ie=UTF8","","<img src=""https://images-na.ssl-images-amazon.com/images/S/amazon-avatars-global/default._CR0,0,1024,1024_SX48_.png""/>","Amazon Customer","https://www.amazon.com/gp/customer-reviews/R3SX2SOZ046WTN/ref=cm_cr_arp_d_rvw_ttl?ie=UTF8&ASIN=B017YAHVA0","5.0 out of 5 stars","Dog treats","Reviewed in the United States on August 9, 2023","https://www.amazon.com/gp/help/customer/display.html/ref=cm_cr_dp_d_rvw_avp?nodeId=G75XTB7MBMBTXP6W","Verified Purchase","Excellent seller and will buy again","Report","https://www.amazon.com/ap/signin?openid.return_to=https%3A%2F%2Fwww.amazon.com%2FGet-Naked-Digestive-Health-Treats%2Fproduct-reviews%2FB017YAHVA0%2Fref%3Dcm_cr_arp_d_vote_lft%3Fie%3DUTF8%26csrfT%3DhBIhBah8hSfRGdAeg6VaDDWU1CPMmfFDar%252BtNn%252BM5g4JAAAAAGXT4REAAAAB%26reviewId%3DR3SX2SOZ046WTN&openid.identity=http%3A%2F%2Fspecs.openid.net%2Fauth%2F2.0%2Fidentifier_select&openid.assoc_handle=usflex&openid.mode=checkid_setup&marketPlaceId=ATVPDKIKX0DER&language=en&openid.claimed_id=http%3A%2F%2Fspecs.openid.net%2Fauth%2F2.0%2Fidentifier_select&openid.ns=http%3A%2F%2Fspecs.openid.net%2Fauth%2F2.0","Helpful","Showing  comments","https://www.amazon.com/hz/reviews-render/report-review?ie=UTF8&ref=cm_cr_arp_d_rvw_hlp&csrfT=hBIhBah8hSfRGdAeg6VaDDWU1CPMmfFDar%2BtNn%2BM5g4JAAAAAGXT4REAAAAB&reviewId=R3SX2SOZ046WTN","","0","There was a problem loading comments right now. Please try again later.","https://images-na.ssl-images-amazon.com/images/G/01/x-locale/common/grey-pixel.gif"
"https://www.amazon.com/gp/profile/amzn1.account.AGNN4OLR2KVUX7IVFQ7CMSAW2KTA/ref=cm_cr_arp_d_gw_btm?ie=UTF8","","<img src=""https://images-na.ssl-images-amazon.com/images/S/amazon-avatars-global/b3a401f5-8e14-4dc7-a929-911ef405b841._CR0,26.0,281,281_SX48_.jpg""/>","311Daisy","https://www.amazon.com/gp/customer-reviews/R2Z8S6NJG7QI5F/ref=cm_cr_arp_d_rvw_ttl?ie=UTF8&ASIN=B017YAHVA0","3.0 out of 5 stars","Very Tiny!!","Reviewed in the United States on April 19, 2023","https://www.amazon.com/gp/help/customer/display.html/ref=cm_cr_dp_d_rvw_avp?nodeId=G75XTB7MBMBTXP6W","Verified Purchase","These were selected as an alternative due to our normal treats being out of stock and they are so tiny!! I have a 75 lb Pittbull and she comes in from going outside if she stands on her rug and wipes her feet she gets a treat.  Well with these it was like 5-6 was 1 normal treat. They look like kitten sized treats. She did not hate the taste though.","Report","https://www.amazon.com/ap/signin?openid.return_to=https%3A%2F%2Fwww.amazon.com%2FGet-Naked-Digestive-Health-Treats%2Fproduct-reviews%2FB017YAHVA0%2Fref%3Dcm_cr_arp_d_vote_lft%3Fie%3DUTF8%26csrfT%3DhHeOiIkuc9aPq3HgOKXsh0KecUN2qYiwQoEDsptTttS6AAAAAGXT4REAAAAB%26reviewId%3DR2Z8S6NJG7QI5F&openid.identity=http%3A%2F%2Fspecs.openid.net%2Fauth%2F2.0%2Fidentifier_select&openid.assoc_handle=usflex&openid.mode=checkid_setup&marketPlaceId=ATVPDKIKX0DER&language=en&openid.claimed_id=http%3A%2F%2Fspecs.openid.net%2Fauth%2F2.0%2Fidentifier_select&openid.ns=http%3A%2F%2Fspecs.openid.net%2Fauth%2F2.0","Helpful","Showing  comments","https://www.amazon.com/hz/reviews-render/report-review?ie=UTF8&ref=cm_cr_arp_d_rvw_hlp&csrfT=hHeOiIkuc9aPq3HgOKXsh0KecUN2qYiwQoEDsptTttS6AAAAAGXT4REAAAAB&reviewId=R2Z8S6NJG7QI5F","","0","There was a problem loading comments right now. Please try again later.","https://images-na.ssl-images-amazon.com/images/G/01/x-locale/common/grey-pixel.gif"
"https://www.amazon.com/gp/profile/amzn1.account.AFHTQV62DZANGUQJ56AXK2P55RDA/ref=cm_cr_arp_d_gw_btm?ie=UTF8","","<img src=""https://images-na.ssl-images-amazon.com/images/S/amazon-avatars-global/13af84aa-65ab-4d0e-a974-09fcad513620._CR74,0,351,351_SX48_.jpg""/>","Jewel","https://www.amazon.com/gp/customer-reviews/R1W9P78FN71LE0/ref=cm_cr_arp_d_rvw_ttl?ie=UTF8&ASIN=B017YAHVA0","5.0 out of 5 stars","My Older Doggie Loves These!","Reviewed in the United States on January 11, 2023","https://www.amazon.com/gp/help/customer/display.html/ref=cm_cr_dp_d_rvw_avp?nodeId=G75XTB7MBMBTXP6W","Verified Purchase","My poodle mutt, Humphrey, has the worst teeth of all the dogs we've ever owned. Yes, he gets regular dental cleanings but loses teeth and recently had one pulled (to the tune of $900). Needless to say, Humphrey prefers smaller, softer chews...and these are the best, or so he says! Our big dog likes them too!","3 people found this helpful","https://www.amazon.com/ap/signin?openid.return_to=https%3A%2F%2Fwww.amazon.com%2FGet-Naked-Digestive-Health-Treats%2Fproduct-reviews%2FB017YAHVA0%2Fref%3Dcm_cr_arp_d_vote_lft%3Fie%3DUTF8%26csrfT%3DhCdogv4mcq8Bn5qLfjLfmyop6%252Fa7Kpeiz43cQLEmhSd%252FAAAAAGXT4REAAAAB%26reviewId%3DR1W9P78FN71LE0&openid.identity=http%3A%2F%2Fspecs.openid.net%2Fauth%2F2.0%2Fidentifier_select&openid.assoc_handle=usflex&openid.mode=checkid_setup&marketPlaceId=ATVPDKIKX0DER&language=en&openid.claimed_id=http%3A%2F%2Fspecs.openid.net%2Fauth%2F2.0%2Fidentifier_select&openid.ns=http%3A%2F%2Fspecs.openid.net%2Fauth%2F2.0","Helpful","Report","https://www.amazon.com/hz/reviews-render/report-review?ie=UTF8&ref=cm_cr_arp_d_rvw_hlp&csrfT=hCdogv4mcq8Bn5qLfjLfmyop6%2Fa7Kpeiz43cQLEmhSd%2FAAAAAGXT4REAAAAB&reviewId=R1W9P78FN71LE0","Showing  comments","0","There was a problem loading comments right now. Please try again later.","https://images-na.ssl-images-amazon.com/images/G/01/x-locale/common/grey-pixel.gif"
"https://www.amazon.com/gp/profile/amzn1.account.AFO5KXOKC6IZIXP3G4WZM65R4X2A/ref=cm_cr_arp_d_gw_btm?ie=UTF8","","<img src=""https://images-na.ssl-images-amazon.com/images/S/amazon-avatars-global/default._CR0,0,1024,1024_SX48_.png""/>","bgadoury","https://www.amazon.com/gp/customer-reviews/R24DU5092QAITU/ref=cm_cr_arp_d_rvw_ttl?ie=UTF8&ASIN=B017YAHVA0","5.0 out of 5 stars","My Dogs Love These Treats!","Reviewed in the United States on November 17, 2022","https://www.amazon.com/gp/help/customer/display.html/ref=cm_cr_dp_d_rvw_avp?nodeId=G75XTB7MBMBTXP6W","Verified Purchase","Hard to find.  Dogs love them.  Very healthy.  Made in USA.  My dogs wait for their Amazon delivery for their ""chicky, chicky's"".","2 people found this helpful","https://www.amazon.com/ap/signin?openid.return_to=https%3A%2F%2Fwww.amazon.com%2FGet-Naked-Digestive-Health-Treats%2Fproduct-reviews%2FB017YAHVA0%2Fref%3Dcm_cr_arp_d_vote_lft%3Fie%3DUTF8%26csrfT%3DhPEZJEFFwwfldXWu1SQgQNtnzxbGaNODuAAfKlbUkhddAAAAAGXT4REAAAAB%26reviewId%3DR24DU5092QAITU&openid.identity=http%3A%2F%2Fspecs.openid.net%2Fauth%2F2.0%2Fidentifier_select&openid.assoc_handle=usflex&openid.mode=checkid_setup&marketPlaceId=ATVPDKIKX0DER&language=en&openid.claimed_id=http%3A%2F%2Fspecs.openid.net%2Fauth%2F2.0%2Fidentifier_select&openid.ns=http%3A%2F%2Fspecs.openid.net%2Fauth%2F2.0","Helpful","Report","https://www.amazon.com/hz/reviews-render/report-review?ie=UTF8&ref=cm_cr_arp_d_rvw_hlp&csrfT=hPEZJEFFwwfldXWu1SQgQNtnzxbGaNODuAAfKlbUkhddAAAAAGXT4REAAAAB&reviewId=R24DU5092QAITU","Showing  comments","0","There was a problem loading comments right now. Please try again later.","https://images-na.ssl-images-amazon.com/images/G/01/x-locale/common/grey-pixel.gif"
"https://www.amazon.com/gp/profile/amzn1.account.AFL7DSBTW6EZDLEGLLG5J7WW5VPQ/ref=cm_cr_arp_d_gw_btm?ie=UTF8","","<img src=""https://images-na.ssl-images-amazon.com/images/S/amazon-avatars-global/default._CR0,0,1024,1024_SX48_.png""/>","Beverly Porter","https://www.amazon.com/gp/customer-reviews/RJKATOVD8EOSR/ref=cm_cr_arp_d_rvw_ttl?ie=UTF8&ASIN=B017YAHVA0","5.0 out of 5 stars","Great product","Reviewed in the United States on March 16, 2021","https://www.amazon.com/gp/help/customer/display.html/ref=cm_cr_dp_d_rvw_avp?nodeId=G75XTB7MBMBTXP6W","Verified Purchase","My dog has digestive issues and these treats seem to help with her digestion. Tinker bell loves the flavor beef yummy they even smell good!üëç","One person found this helpful","https://www.amazon.com/ap/signin?openid.return_to=https%3A%2F%2Fwww.amazon.com%2FGet-Naked-Digestive-Health-Treats%2Fproduct-reviews%2FB017YAHVA0%2Fref%3Dcm_cr_arp_d_vote_lft%3Fie%3DUTF8%26csrfT%3DhAz3bXTcxw5LF3LpROqU0l8FdWDSOmtewK4mOYuNCrWlAAAAAGXT4REAAAAB%26reviewId%3DRJKATOVD8EOSR&openid.identity=http%3A%2F%2Fspecs.openid.net%2Fauth%2F2.0%2Fidentifier_select&openid.assoc_handle=usflex&openid.mode=checkid_setup&marketPlaceId=ATVPDKIKX0DER&language=en&openid.claimed_id=http%3A%2F%2Fspecs.openid.net%2Fauth%2F2.0%2Fidentifier_select&openid.ns=http%3A%2F%2Fspecs.openid.net%2Fauth%2F2.0","Helpful","Report","https://www.amazon.com/hz/reviews-render/report-review?ie=UTF8&ref=cm_cr_arp_d_rvw_hlp&csrfT=hAz3bXTcxw5LF3LpROqU0l8FdWDSOmtewK4mOYuNCrWlAAAAAGXT4REAAAAB&reviewId=RJKATOVD8EOSR","Showing  comments","0","There was a problem loading comments right now. Please try again later.","https://images-na.ssl-images-amazon.com/images/G/01/x-locale/common/grey-pixel.gif"
"https://www.amazon.com/gp/profile/amzn1.account.AHLG332IZDNLKYNV7NRKYKVWFQTQ/ref=cm_cr_arp_d_gw_btm?ie=UTF8","","<img src=""https://images-na.ssl-images-amazon.com/images/S/amazon-avatars-global/default._CR0,0,1024,1024_SX48_.png""/>","WP","https://www.amazon.com/gp/customer-reviews/R2I2Q1AKGJAC0B/ref=cm_cr_arp_d_rvw_ttl?ie=UTF8&ASIN=B017YAHVA0","2.0 out of 5 stars","Not for us","Reviewed in the United States on October 6, 2022","https://www.amazon.com/gp/help/customer/display.html/ref=cm_cr_dp_d_rvw_avp?nodeId=G75XTB7MBMBTXP6W","Verified Purchase","The treats are not chews, they are crumbly, which my senior dogs was okay with. Started out with 4 treats per day, crumbling it over his food. The stool was a little softer than I would like so I reduced it to 2 per day. Then my dog started vomiting after meals. I stopped the treats, gave the same food and he stopped vomiting. Sadly, these treats were not for us.","2 people found this helpful","https://www.amazon.com/ap/signin?openid.return_to=https%3A%2F%2Fwww.amazon.com%2FGet-Naked-Digestive-Health-Treats%2Fproduct-reviews%2FB017YAHVA0%2Fref%3Dcm_cr_arp_d_vote_lft%3Fie%3DUTF8%26csrfT%3DhARcoOKiS%252FFU0tVxVL9KvjEU6Dt4c2cdv7DByTC0YDrOAAAAAGXT4REAAAAB%26reviewId%3DR2I2Q1AKGJAC0B&openid.identity=http%3A%2F%2Fspecs.openid.net%2Fauth%2F2.0%2Fidentifier_select&openid.assoc_handle=usflex&openid.mode=checkid_setup&marketPlaceId=ATVPDKIKX0DER&language=en&openid.claimed_id=http%3A%2F%2Fspecs.openid.net%2Fauth%2F2.0%2Fidentifier_select&openid.ns=http%3A%2F%2Fspecs.openid.net%2Fauth%2F2.0","Helpful","Report","https://www.amazon.com/hz/reviews-render/report-review?ie=UTF8&ref=cm_cr_arp_d_rvw_hlp&csrfT=hARcoOKiS%2FFU0tVxVL9KvjEU6Dt4c2cdv7DByTC0YDrOAAAAAGXT4REAAAAB&reviewId=R2I2Q1AKGJAC0B","Showing  comments","0","There was a problem loading comments right now. Please try again later.","https://images-na.ssl-images-amazon.com/images/G/01/x-locale/common/grey-pixel.gif"
"https://www.amazon.com/gp/profile/amzn1.account.AGOEGAPCAW6YSYVLB234I4EYVEFQ/ref=cm_cr_arp_d_gw_btm?ie=UTF8","","<img src=""https://images-na.ssl-images-amazon.com/images/S/amazon-avatars-global/default._CR0,0,1024,1024_SX48_.png""/>","Amazon Customer","https://www.amazon.com/gp/customer-reviews/R1EL6A6B4LVHV3/ref=cm_cr_arp_d_rvw_ttl?ie=UTF8&ASIN=B017YAHVA0","5.0 out of 5 stars","Good treats","Reviewed in the United States on June 15, 2021","https://www.amazon.com/gp/help/customer/display.html/ref=cm_cr_dp_d_rvw_avp?nodeId=G75XTB7MBMBTXP6W","Verified Purchase","I give these to my dog daily and he loves them. I feel like they keep him more regular and he doesn‚Äôt have loose bm as often when.","One person found this helpful","https://www.amazon.com/ap/signin?openid.return_to=https%3A%2F%2Fwww.amazon.com%2FGet-Naked-Digestive-Health-Treats%2Fproduct-reviews%2FB017YAHVA0%2Fref%3Dcm_cr_arp_d_vote_lft%3Fie%3DUTF8%26csrfT%3DhOfFoHL2PFbSkqIIPJJvVTqNDQU59J4RoZzDJXteP1VWAAAAAGXT4REAAAAB%26reviewId%3DR1EL6A6B4LVHV3&openid.identity=http%3A%2F%2Fspecs.openid.net%2Fauth%2F2.0%2Fidentifier_select&openid.assoc_handle=usflex&openid.mode=checkid_setup&marketPlaceId=ATVPDKIKX0DER&language=en&openid.claimed_id=http%3A%2F%2Fspecs.openid.net%2Fauth%2F2.0%2Fidentifier_select&openid.ns=http%3A%2F%2Fspecs.openid.net%2Fauth%2F2.0","Helpful","Report","https://www.amazon.com/hz/reviews-render/report-review?ie=UTF8&ref=cm_cr_arp_d_rvw_hlp&csrfT=hOfFoHL2PFbSkqIIPJJvVTqNDQU59J4RoZzDJXteP1VWAAAAAGXT4REAAAAB&reviewId=R1EL6A6B4LVHV3","Showing  comments","0","There was a problem loading comments right now. Please try again later.","https://images-na.ssl-images-amazon.com/images/G/01/x-locale/common/grey-pixel.gif"
"https://www.amazon.com/gp/profile/amzn1.account.AFU5YMK7IZ674CO2WRUZXHUFBUYQ/ref=cm_cr_arp_d_gw_btm?ie=UTF8","","<img src=""https://images-na.ssl-images-amazon.com/images/S/amazon-avatars-global/default._CR0,0,1024,1024_SX48_.png""/>","james a van vleck","https://www.amazon.com/gp/customer-reviews/RIUFKA3GA1RC9/ref=cm_cr_arp_d_rvw_ttl?ie=UTF8&ASIN=B017YAHVA0","1.0 out of 5 stars","Too Small","Reviewed in the United States on November 30, 2023","https://www.amazon.com/gp/help/customer/display.html/ref=cm_cr_dp_d_rvw_avp?nodeId=G75XTB7MBMBTXP6W","Verified Purchase","These are very tiny treats. Due to their size I would not order them again.","Report","https://www.amazon.com/ap/signin?openid.return_to=https%3A%2F%2Fwww.amazon.com%2FGet-Naked-Digestive-Health-Treats%2Fproduct-reviews%2FB017YAHVA0%2Fref%3Dcm_cr_arp_d_vote_lft%3Fie%3DUTF8%26csrfT%3DhCkQWyaO7wZ3h7GXFE52dn32pq5vxWNwaVXwUEWKiD6AAAAAAGXT4REAAAAB%26reviewId%3DRIUFKA3GA1RC9&openid.identity=http%3A%2F%2Fspecs.openid.net%2Fauth%2F2.0%2Fidentifier_select&openid.assoc_handle=usflex&openid.mode=checkid_setup&marketPlaceId=ATVPDKIKX0DER&language=en&openid.claimed_id=http%3A%2F%2Fspecs.openid.net%2Fauth%2F2.0%2Fidentifier_select&openid.ns=http%3A%2F%2Fspecs.openid.net%2Fauth%2F2.0","Helpful","Showing  comments","https://www.amazon.com/hz/reviews-render/report-review?ie=UTF8&ref=cm_cr_arp_d_rvw_hlp&csrfT=hCkQWyaO7wZ3h7GXFE52dn32pq5vxWNwaVXwUEWKiD6AAAAAAGXT4REAAAAB&reviewId=RIUFKA3GA1RC9","","0","There was a problem loading comments right now. Please try again later.","https://images-na.ssl-images-amazon.com/images/G/01/x-locale/common/grey-pixel.gif"
"https://www.amazon.com/gp/profile/amzn1.account.AGVMOJKRDTBJNG47CYYDHIWDI2QA/ref=cm_cr_getr_d_gw_btm?ie=UTF8","https://images-na.ssl-images-amazon.com/images/S/amazon-avatars-global/default._CR0,0,1024,1024_SX48_.png","<img src=""https://images-na.ssl-images-amazon.com/images/S/amazon-avatars-global/default._CR0,0,1024,1024_SX48_.png""/>","Auntie Weeza","https://www.amazon.com/gp/customer-reviews/RZU72VK80RXGK/ref=cm_cr_getr_d_rvw_ttl?ie=UTF8&ASIN=B017YAHVA0","5.0 out of 5 stars","She loves them !","Reviewed in the United States on January 22, 2021","https://www.amazon.com/gp/help/customer/display.html/ref=cm_cr_dp_d_rvw_avp?nodeId=G75XTB7MBMBTXP6W","Verified Purchase","My older dog üêï has digestive issues and has barely has any teeth.  She can chew them without any issues.  Soft chew treats that she will eat and loves !","She loves them !","https://www.amazon.com/ap/signin?openid.return_to=https%3A%2F%2Fwww.amazon.com%2FGet-Naked-Digestive-Health-Treats%2Fproduct-reviews%2FB017YAHVA0%2Fref%3Dcm_cr_getr_d_vote_lft%3Fie%3DUTF8%26pageSize%3D10%26csrfT%3DhEfKEYdYECTOpYuAupEqI%252BNLIFI89OJ9bN%252BLeX0fc1mSAAAAAGXT4RcAAAAB%26reviewId%3DRZU72VK80RXGK&openid.identity=http%3A%2F%2Fspecs.openid.net%2Fauth%2F2.0%2Fidentifier_select&openid.assoc_handle=usflex&openid.mode=checkid_setup&marketPlaceId=ATVPDKIKX0DER&language=en&openid.claimed_id=http%3A%2F%2Fspecs.openid.net%2Fauth%2F2.0%2Fidentifier_select&openid.ns=http%3A%2F%2Fspecs.openid.net%2Fauth%2F2.0","Helpful","My older dog üêï has digestive issues and has barely has any teeth.  She can chew them without any issues.  Soft chew treats that she will eat and loves !","https://www.amazon.com/hz/reviews-render/report-review?ie=UTF8&ref=cm_cr_getr_d_rvw_hlp&csrfT=hEfKEYdYECTOpYuAupEqI%2BNLIFI89OJ9bN%2BLeX0fc1mSAAAAAGXT4RcAAAAB&reviewId=RZU72VK80RXGK","One person found this helpful","0","There was a problem loading comments right now. Please try again later.",""
"https://www.amazon.com/gp/profile/amzn1.account.AERSXY2ZNHOWAVDFEGMWFFOACJHQ/ref=cm_cr_getr_d_gw_btm?ie=UTF8","https://images-na.ssl-images-amazon.com/images/S/amazon-avatars-global/default._CR0,0,1024,1024_SX48_.png","<img src=""https://images-na.ssl-images-amazon.com/images/S/amazon-avatars-global/default._CR0,0,1024,1024_SX48_.png""/>","Blackwood","https://www.amazon.com/gp/customer-reviews/RL6FRPMHA8WD7/ref=cm_cr_getr_d_rvw_ttl?ie=UTF8&ASIN=B017YAHVA0","5.0 out of 5 stars","Dogs Love These","Reviewed in the United States on March 12, 2019","https://www.amazon.com/gp/help/customer/display.html/ref=cm_cr_dp_d_rvw_avp?nodeId=G75XTB7MBMBTXP6W","Verified Purchase","I wanted treats to give my dogs that are for digestive health.  Found these and they love 'em. I've purchased many packages already, and will continue to do so.","Report","https://www.amazon.com/ap/signin?openid.return_to=https%3A%2F%2Fwww.amazon.com%2FGet-Naked-Digestive-Health-Treats%2Fproduct-reviews%2FB017YAHVA0%2Fref%3Dcm_cr_getr_d_vote_lft%3Fie%3DUTF8%26pageSize%3D10%26csrfT%3DhExuK2J%252F9%252BIO%252B2jU0TC5BeUQ%252Fi6y95Dz%252F3Dxe%252FU53eJFAAAAAGXT4RcAAAAB%26reviewId%3DRL6FRPMHA8WD7&openid.identity=http%3A%2F%2Fspecs.openid.net%2Fauth%2F2.0%2Fidentifier_select&openid.assoc_handle=usflex&openid.mode=checkid_setup&marketPlaceId=ATVPDKIKX0DER&language=en&openid.claimed_id=http%3A%2F%2Fspecs.openid.net%2Fauth%2F2.0%2Fidentifier_select&openid.ns=http%3A%2F%2Fspecs.openid.net%2Fauth%2F2.0","Helpful","Showing  comments","https://www.amazon.com/hz/reviews-render/report-review?ie=UTF8&ref=cm_cr_getr_d_rvw_hlp&csrfT=hExuK2J%2F9%2BIO%2B2jU0TC5BeUQ%2Fi6y95Dz%2F3Dxe%2FU53eJFAAAAAGXT4RcAAAAB&reviewId=RL6FRPMHA8WD7","","0","There was a problem loading comments right now. Please try again later.",""
"https://www.amazon.com/gp/profile/amzn1.account.AGBL6J5RKEI5LHVL74A7RW3QIEAA/ref=cm_cr_getr_d_gw_btm?ie=UTF8","https://images-na.ssl-images-amazon.com/images/S/amazon-avatars-global/default._CR0,0,1024,1024_SX48_.png","<img src=""https://images-na.ssl-images-amazon.com/images/S/amazon-avatars-global/default._CR0,0,1024,1024_SX48_.png""/>","Carrie L.","https://www.amazon.com/gp/customer-reviews/RAA5XIYJPR968/ref=cm_cr_getr_d_rvw_ttl?ie=UTF8&ASIN=B017YAHVA0","5.0 out of 5 stars","Dog loves them!","Reviewed in the United States on September 27, 2020","https://www.amazon.com/gp/help/customer/display.html/ref=cm_cr_dp_d_rvw_avp?nodeId=G75XTB7MBMBTXP6W","Verified Purchase","My picky Westin loves these treats. Since she has a sensitive stomach, these are great for her","One person found this helpful","https://www.amazon.com/ap/signin?openid.return_to=https%3A%2F%2Fwww.amazon.com%2FGet-Naked-Digestive-Health-Treats%2Fproduct-reviews%2FB017YAHVA0%2Fref%3Dcm_cr_getr_d_vote_lft%3Fie%3DUTF8%26pageSize%3D10%26csrfT%3DhIq1bWPyIqLguJQCsz%252Bo0ICHfIiBKKtBZ5hvuGP1XCdOAAAAAGXT4RcAAAAB%26reviewId%3DRAA5XIYJPR968&openid.identity=http%3A%2F%2Fspecs.openid.net%2Fauth%2F2.0%2Fidentifier_select&openid.assoc_handle=usflex&openid.mode=checkid_setup&marketPlaceId=ATVPDKIKX0DER&language=en&openid.claimed_id=http%3A%2F%2Fspecs.openid.net%2Fauth%2F2.0%2Fidentifier_select&openid.ns=http%3A%2F%2Fspecs.openid.net%2Fauth%2F2.0","Helpful","Report","https://www.amazon.com/hz/reviews-render/report-review?ie=UTF8&ref=cm_cr_getr_d_rvw_hlp&csrfT=hIq1bWPyIqLguJQCsz%2Bo0ICHfIiBKKtBZ5hvuGP1XCdOAAAAAGXT4RcAAAAB&reviewId=RAA5XIYJPR968","Showing  comments","0","There was a problem loading comments right now. Please try again later.",""
"https://www.amazon.com/gp/profile/amzn1.account.AF77X636QF2W6A5CLY3XSBVIIJUA/ref=cm_cr_getr_d_gw_btm?ie=UTF8","https://images-na.ssl-images-amazon.com/images/S/amazon-avatars-global/default._CR0,0,1024,1024_SX48_.png","<img src=""https://images-na.ssl-images-amazon.com/images/S/amazon-avatars-global/default._CR0,0,1024,1024_SX48_.png""/>","Velocity","https://www.amazon.com/gp/customer-reviews/RKAF06E1MX9HW/ref=cm_cr_getr_d_rvw_ttl?ie=UTF8&ASIN=B017YAHVA0","5.0 out of 5 stars","good for dog","Reviewed in the United States on September 17, 2017","https://www.amazon.com/gp/help/customer/display.html/ref=cm_cr_dp_d_rvw_avp?nodeId=G75XTB7MBMBTXP6W","Verified Purchase","My dog loves these and sees them as a bit higher value treat while also not upsetting his somewhat tender stomach. I buy these all the time, wish they were cheaper :)","One person found this helpful","https://www.amazon.com/ap/signin?openid.return_to=https%3A%2F%2Fwww.amazon.com%2FGet-Naked-Digestive-Health-Treats%2Fproduct-reviews%2FB017YAHVA0%2Fref%3Dcm_cr_getr_d_vote_lft%3Fie%3DUTF8%26pageSize%3D10%26csrfT%3DhJ%252B9GxY7acna7JwKtoq3xxaZFM3wcDJsPfAb1U7h5ThyAAAAAGXT4RcAAAAB%26reviewId%3DRKAF06E1MX9HW&openid.identity=http%3A%2F%2Fspecs.openid.net%2Fauth%2F2.0%2Fidentifier_select&openid.assoc_handle=usflex&openid.mode=checkid_setup&marketPlaceId=ATVPDKIKX0DER&language=en&openid.claimed_id=http%3A%2F%2Fspecs.openid.net%2Fauth%2F2.0%2Fidentifier_select&openid.ns=http%3A%2F%2Fspecs.openid.net%2Fauth%2F2.0","Helpful","Report","https://www.amazon.com/hz/reviews-render/report-review?ie=UTF8&ref=cm_cr_getr_d_rvw_hlp&csrfT=hJ%2B9GxY7acna7JwKtoq3xxaZFM3wcDJsPfAb1U7h5ThyAAAAAGXT4RcAAAAB&reviewId=RKAF06E1MX9HW","Showing  comments","0","There was a problem loading comments right now. Please try again later.",""
"https://www.amazon.com/gp/profile/amzn1.account.AFIXB6ZTPRTRGCVYJUI7XY4OKNDA/ref=cm_cr_getr_d_gw_btm?ie=UTF8","https://images-na.ssl-images-amazon.com/images/S/amazon-avatars-global/default._CR0,0,1024,1024_SX48_.png","<img src=""https://images-na.ssl-images-amazon.com/images/S/amazon-avatars-global/default._CR0,0,1024,1024_SX48_.png""/>","Amazon Customer","https://www.amazon.com/gp/customer-reviews/R1Z8EYFMFJXCCF/ref=cm_cr_getr_d_rvw_ttl?ie=UTF8&ASIN=B017YAHVA0","5.0 out of 5 stars","She loves them!","Reviewed in the United States on May 21, 2020","https://www.amazon.com/gp/help/customer/display.html/ref=cm_cr_dp_d_rvw_avp?nodeId=G75XTB7MBMBTXP6W","Verified Purchase","I just received it and my puppy loves them!","Report","https://www.amazon.com/ap/signin?openid.return_to=https%3A%2F%2Fwww.amazon.com%2FGet-Naked-Digestive-Health-Treats%2Fproduct-reviews%2FB017YAHVA0%2Fref%3Dcm_cr_getr_d_vote_lft%3Fie%3DUTF8%26pageSize%3D10%26csrfT%3DhBFS7bGnYw4wz77sFsw4NSVjtqfFXjuKQFAswytj9FEBAAAAAGXT4RcAAAAB%26reviewId%3DR1Z8EYFMFJXCCF&openid.identity=http%3A%2F%2Fspecs.openid.net%2Fauth%2F2.0%2Fidentifier_select&openid.assoc_handle=usflex&openid.mode=checkid_setup&marketPlaceId=ATVPDKIKX0DER&language=en&openid.claimed_id=http%3A%2F%2Fspecs.openid.net%2Fauth%2F2.0%2Fidentifier_select&openid.ns=http%3A%2F%2Fspecs.openid.net%2Fauth%2F2.0","Helpful","Showing  comments","https://www.amazon.com/hz/reviews-render/report-review?ie=UTF8&ref=cm_cr_getr_d_rvw_hlp&csrfT=hBFS7bGnYw4wz77sFsw4NSVjtqfFXjuKQFAswytj9FEBAAAAAGXT4RcAAAAB&reviewId=R1Z8EYFMFJXCCF","","0","There was a problem loading comments right now. Please try again later.",""
"https://www.amazon.com/gp/profile/amzn1.account.AGLP65KJT74PNYBOHJ352DZKIPQA/ref=cm_cr_getr_d_gw_btm?ie=UTF8","","<img src=""https://images-na.ssl-images-amazon.com/images/S/amazon-avatars-global/1c85b280-d258-4c87-9149-58e3c78b9822._CR0,17.0,299,299_SX48_.jpg""/>","Jamie Fierro","https://www.amazon.com/gp/customer-reviews/R170FVYKALEQIP/ref=cm_cr_getr_d_rvw_ttl?ie=UTF8&ASIN=B017YAHVA0","5.0 out of 5 stars","My dog loves these!","Reviewed in the United States on May 13, 2020","https://www.amazon.com/gp/help/customer/display.html/ref=cm_cr_dp_d_rvw_avp?nodeId=G75XTB7MBMBTXP6W","Verified Purchase","Healthy and a light treat for your pup!","Report","https://www.amazon.com/ap/signin?openid.return_to=https%3A%2F%2Fwww.amazon.com%2FGet-Naked-Digestive-Health-Treats%2Fproduct-reviews%2FB017YAHVA0%2Fref%3Dcm_cr_getr_d_vote_lft%3Fie%3DUTF8%26pageSize%3D10%26csrfT%3DhJQ9EdCUivnhDutQLgV%252Fg2rYpsKFqlMCl%252Be8QyoqGPlcAAAAAGXT4RcAAAAB%26reviewId%3DR170FVYKALEQIP&openid.identity=http%3A%2F%2Fspecs.openid.net%2Fauth%2F2.0%2Fidentifier_select&openid.assoc_handle=usflex&openid.mode=checkid_setup&marketPlaceId=ATVPDKIKX0DER&language=en&openid.claimed_id=http%3A%2F%2Fspecs.openid.net%2Fauth%2F2.0%2Fidentifier_select&openid.ns=http%3A%2F%2Fspecs.openid.net%2Fauth%2F2.0","Helpful","Showing  comments","https://www.amazon.com/hz/reviews-render/report-review?ie=UTF8&ref=cm_cr_getr_d_rvw_hlp&csrfT=hJQ9EdCUivnhDutQLgV%2Fg2rYpsKFqlMCl%2Be8QyoqGPlcAAAAAGXT4RcAAAAB&reviewId=R170FVYKALEQIP","","0","There was a problem loading comments right now. Please try again later.","https://images-na.ssl-images-amazon.com/images/G/01/x-locale/common/grey-pixel.gif"
"https://www.amazon.com/gp/profile/amzn1.account.AG4EAI6P2S5NG5YP2RWU4TB37Y3A/ref=cm_cr_getr_d_gw_btm?ie=UTF8","","<img src=""https://images-na.ssl-images-amazon.com/images/S/amazon-avatars-global/default._CR0,0,1024,1024_SX48_.png""/>","Lisa","https://www.amazon.com/gp/customer-reviews/R3NTYTZQJWT4FI/ref=cm_cr_getr_d_rvw_ttl?ie=UTF8&ASIN=B017YAHVA0","5.0 out of 5 stars","Love them","Reviewed in the United States on September 30, 2019","https://www.amazon.com/gp/help/customer/display.html/ref=cm_cr_dp_d_rvw_avp?nodeId=G75XTB7MBMBTXP6W","Verified Purchase","Yorkie and chihuahua love them. They don‚Äôt upset sensitive tummies!","Report","https://www.amazon.com/ap/signin?openid.return_to=https%3A%2F%2Fwww.amazon.com%2FGet-Naked-Digestive-Health-Treats%2Fproduct-reviews%2FB017YAHVA0%2Fref%3Dcm_cr_getr_d_vote_lft%3Fie%3DUTF8%26pageSize%3D10%26csrfT%3DhF%252FmDDYpoXSYkPKYMOtr0xODrA98gfGvdi0zeYRPS8NGAAAAAGXT4RcAAAAB%26reviewId%3DR3NTYTZQJWT4FI&openid.identity=http%3A%2F%2Fspecs.openid.net%2Fauth%2F2.0%2Fidentifier_select&openid.assoc_handle=usflex&openid.mode=checkid_setup&marketPlaceId=ATVPDKIKX0DER&language=en&openid.claimed_id=http%3A%2F%2Fspecs.openid.net%2Fauth%2F2.0%2Fidentifier_select&openid.ns=http%3A%2F%2Fspecs.openid.net%2Fauth%2F2.0","Helpful","Showing  comments","https://www.amazon.com/hz/reviews-render/report-review?ie=UTF8&ref=cm_cr_getr_d_rvw_hlp&csrfT=hF%2FmDDYpoXSYkPKYMOtr0xODrA98gfGvdi0zeYRPS8NGAAAAAGXT4RcAAAAB&reviewId=R3NTYTZQJWT4FI","","0","There was a problem loading comments right now. Please try again later.","https://images-na.ssl-images-amazon.com/images/G/01/x-locale/common/grey-pixel.gif"
"https://www.amazon.com/gp/profile/amzn1.account.AENXABGMY3TBWIL4HEGEDSHN67ZA/ref=cm_cr_getr_d_gw_btm?ie=UTF8","","<img src=""https://images-na.ssl-images-amazon.com/images/S/amazon-avatars-global/ff414653-aa5a-4288-8d13-5bd4921bb110._CR0,0,375,375_SX48_.jpg""/>","mytrox","https://www.amazon.com/gp/customer-reviews/RMURS7KTP2JG4/ref=cm_cr_getr_d_rvw_ttl?ie=UTF8&ASIN=B017YAHVA0","5.0 out of 5 stars","Good for digestion!","Reviewed in the United States on October 24, 2018","https://www.amazon.com/gp/help/customer/display.html/ref=cm_cr_dp_d_rvw_avp?nodeId=G75XTB7MBMBTXP6W","Verified Purchase","The pups loved them and I loved that they‚Äôre good for them.","Report","https://www.amazon.com/ap/signin?openid.return_to=https%3A%2F%2Fwww.amazon.com%2FGet-Naked-Digestive-Health-Treats%2Fproduct-reviews%2FB017YAHVA0%2Fref%3Dcm_cr_getr_d_vote_lft%3Fie%3DUTF8%26pageSize%3D10%26csrfT%3DhHof0UqwK4jPAAAgZclTKvp4RLA2N7e8eooVUDSEd3fxAAAAAGXT4RcAAAAB%26reviewId%3DRMURS7KTP2JG4&openid.identity=http%3A%2F%2Fspecs.openid.net%2Fauth%2F2.0%2Fidentifier_select&openid.assoc_handle=usflex&openid.mode=checkid_setup&marketPlaceId=ATVPDKIKX0DER&language=en&openid.claimed_id=http%3A%2F%2Fspecs.openid.net%2Fauth%2F2.0%2Fidentifier_select&openid.ns=http%3A%2F%2Fspecs.openid.net%2Fauth%2F2.0","Helpful","Showing  comments","https://www.amazon.com/hz/reviews-render/report-review?ie=UTF8&ref=cm_cr_getr_d_rvw_hlp&csrfT=hHof0UqwK4jPAAAgZclTKvp4RLA2N7e8eooVUDSEd3fxAAAAAGXT4RcAAAAB&reviewId=RMURS7KTP2JG4","","0","There was a problem loading comments right now. Please try again later.","https://images-na.ssl-images-amazon.com/images/G/01/x-locale/common/grey-pixel.gif"
"https://www.amazon.com/gp/profile/amzn1.account.AE5TFY2UES32RNETT4CPQ7NNYNRQ/ref=cm_cr_getr_d_gw_btm?ie=UTF8","","<img src=""https://images-na.ssl-images-amazon.com/images/S/amazon-avatars-global/default._CR0,0,1024,1024_SX48_.png""/>","Carolyn Stone","https://www.amazon.com/gp/customer-reviews/RMQTQUAZHVJ2V/ref=cm_cr_getr_d_rvw_ttl?ie=UTF8&ASIN=B017YAHVA0","1.0 out of 5 stars","She doesn‚Äôt like them","Reviewed in the United States on January 23, 2023","https://www.amazon.com/gp/help/customer/display.html/ref=cm_cr_dp_d_rvw_avp?nodeId=G75XTB7MBMBTXP6W","Verified Purchase","She doesn‚Äôt like them and won‚Äôt eat them","Report","https://www.amazon.com/ap/signin?openid.return_to=https%3A%2F%2Fwww.amazon.com%2FGet-Naked-Digestive-Health-Treats%2Fproduct-reviews%2FB017YAHVA0%2Fref%3Dcm_cr_getr_d_vote_lft%3Fie%3DUTF8%26pageSize%3D10%26csrfT%3DhJZpouHh0ZBMTtQVMDwp43EsEK7d4vxsAQHOL3%252Fn05GKAAAAAGXT4RcAAAAB%26reviewId%3DRMQTQUAZHVJ2V&openid.identity=http%3A%2F%2Fspecs.openid.net%2Fauth%2F2.0%2Fidentifier_select&openid.assoc_handle=usflex&openid.mode=checkid_setup&marketPlaceId=ATVPDKIKX0DER&language=en&openid.claimed_id=http%3A%2F%2Fspecs.openid.net%2Fauth%2F2.0%2Fidentifier_select&openid.ns=http%3A%2F%2Fspecs.openid.net%2Fauth%2F2.0","Helpful","Showing  comments","https://www.amazon.com/hz/reviews-render/report-review?ie=UTF8&ref=cm_cr_getr_d_rvw_hlp&csrfT=hJZpouHh0ZBMTtQVMDwp43EsEK7d4vxsAQHOL3%2Fn05GKAAAAAGXT4RcAAAAB&reviewId=RMQTQUAZHVJ2V","","0","There was a problem loading comments right now. Please try again later.","https://images-na.ssl-images-amazon.com/images/G/01/x-locale/common/grey-pixel.gif"
"https://www.amazon.com/gp/profile/amzn1.account.AHXRUFRM6RERT6GY6726SWOLCRIA/ref=cm_cr_getr_d_gw_btm?ie=UTF8","","<img src=""https://images-na.ssl-images-amazon.com/images/S/amazon-avatars-global/default._CR0,0,1024,1024_SX48_.png""/>","Lauren","https://www.amazon.com/gp/customer-reviews/R5DO2IS1LLOLU/ref=cm_cr_getr_d_rvw_ttl?ie=UTF8&ASIN=B017YAHVA0","5.0 out of 5 stars","Love the ingredient list!","Reviewed in the United States on September 28, 2017","https://www.amazon.com/gp/help/customer/display.html/ref=cm_cr_dp_d_rvw_avp?nodeId=G75XTB7MBMBTXP6W","Verified Purchase","My dog loves these moist flavorful treats","Report","https://www.amazon.com/ap/signin?openid.return_to=https%3A%2F%2Fwww.amazon.com%2FGet-Naked-Digestive-Health-Treats%2Fproduct-reviews%2FB017YAHVA0%2Fref%3Dcm_cr_getr_d_vote_lft%3Fie%3DUTF8%26pageSize%3D10%26csrfT%3DhB7o%252BNj8Fu7I0%252FPIsuDd8n147GS07bHRvC0eIPp4zmQqAAAAAGXT4RcAAAAB%26reviewId%3DR5DO2IS1LLOLU&openid.identity=http%3A%2F%2Fspecs.openid.net%2Fauth%2F2.0%2Fidentifier_select&openid.assoc_handle=usflex&openid.mode=checkid_setup&marketPlaceId=ATVPDKIKX0DER&language=en&openid.claimed_id=http%3A%2F%2Fspecs.openid.net%2Fauth%2F2.0%2Fidentifier_select&openid.ns=http%3A%2F%2Fspecs.openid.net%2Fauth%2F2.0","Helpful","Showing  comments","https://www.amazon.com/hz/reviews-render/report-review?ie=UTF8&ref=cm_cr_getr_d_rvw_hlp&csrfT=hB7o%2BNj8Fu7I0%2FPIsuDd8n147GS07bHRvC0eIPp4zmQqAAAAAGXT4RcAAAAB&reviewId=R5DO2IS1LLOLU","","0","There was a problem loading comments right now. Please try again later.","https://images-na.ssl-images-amazon.com/images/G/01/x-locale/common/grey-pixel.gif"
"https://www.amazon.com/gp/profile/amzn1.account.AGSRXQOJ3KB3U5XULDDE5SDJYYXQ/ref=cm_cr_getr_d_gw_btm?ie=UTF8","https://images-na.ssl-images-amazon.com/images/S/amazon-avatars-global/default._CR0,0,1024,1024_SX48_.png","<img src=""https://images-na.ssl-images-amazon.com/images/S/amazon-avatars-global/default._CR0,0,1024,1024_SX48_.png""/>","JG","https://www.amazon.com/gp/customer-reviews/R2H5N8JDESA8SZ/ref=cm_cr_getr_d_rvw_ttl?ie=UTF8&ASIN=B017YAHVA0","5.0 out of 5 stars","Five Stars","Reviewed in the United States on July 27, 2017","https://www.amazon.com/gp/help/customer/display.html/ref=cm_cr_dp_d_rvw_avp?nodeId=G75XTB7MBMBTXP6W","Verified Purchase","My dogs love them","Report","https://www.amazon.com/ap/signin?openid.return_to=https%3A%2F%2Fwww.amazon.com%2FGet-Naked-Digestive-Health-Treats%2Fproduct-reviews%2FB017YAHVA0%2Fref%3Dcm_cr_getr_d_vote_lft%3Fie%3DUTF8%26pageSize%3D10%26csrfT%3DhNpu9UmgSg7WzHaPe%252FxMH8D%252BelSZxNBz0TGUSbTmFTp5AAAAAGXT4RkAAAAB%26reviewId%3DR2H5N8JDESA8SZ&openid.identity=http%3A%2F%2Fspecs.openid.net%2Fauth%2F2.0%2Fidentifier_select&openid.assoc_handle=usflex&openid.mode=checkid_setup&marketPlaceId=ATVPDKIKX0DER&language=en&openid.claimed_id=http%3A%2F%2Fspecs.openid.net%2Fauth%2F2.0%2Fidentifier_select&openid.ns=http%3A%2F%2Fspecs.openid.net%2Fauth%2F2.0","Helpful","Showing  comments","https://www.amazon.com/hz/reviews-render/report-review?ie=UTF8&ref=cm_cr_getr_d_rvw_hlp&csrfT=hNpu9UmgSg7WzHaPe%2FxMH8D%2BelSZxNBz0TGUSbTmFTp5AAAAAGXT4RkAAAAB&reviewId=R2H5N8JDESA8SZ","","0","There was a problem loading comments right now. Please try again later.",""
"https://www.amazon.com/gp/profile/amzn1.account.AF2E6XSY6B3YZSDLE6SNZOQPB5YA/ref=cm_cr_getr_d_gw_btm?ie=UTF8","https://images-na.ssl-images-amazon.com/images/S/amazon-avatars-global/81f301b9-81cb-4cd7-a3bb-3bd913e2781c._CR21,0,458,458_SX48_.jpg","<img src=""https://images-na.ssl-images-amazon.com/images/S/amazon-avatars-global/81f301b9-81cb-4cd7-a3bb-3bd913e2781c._CR21,0,458,458_SX48_.jpg""/>","Lerinda Heffron","https://www.amazon.com/gp/customer-reviews/R3BN3IAAE28M4T/ref=cm_cr_getr_d_rvw_ttl?ie=UTF8&ASIN=B017YAHVA0","5.0 out of 5 stars","Perfect for chronic pancreatitis!","Reviewed in the United States on September 16, 2020","","","My small jackaweenie was diagnosed with chronic pancreantitus (not uncommon in small dogs) and because of it I had to desperately find a treat that was safe to give him; because I couldn't just not give him something while I treated his brother. These were a godsend I tried on a whim, and now they will forever remain a part of our daily treat time. The treats are small and soft- perfect for a senior- and he truly enjoys the taste. They are easy on his stomach, and I have seen a marked improvement in his bowel movements. Wonderful product!","Report","https://www.amazon.com/ap/signin?openid.return_to=https%3A%2F%2Fwww.amazon.com%2FGet-Naked-Digestive-Health-Treats%2Fproduct-reviews%2FB017YAHVA0%2Fref%3Dcm_cr_getr_d_vote_lft%3Fie%3DUTF8%26pageSize%3D10%26csrfT%3DhIbBl3IJpH8SRcGPd0nN9ox6i04G5nOoB2JqrqRbvaGtAAAAAGXT4RkAAAAB%26reviewId%3DR3BN3IAAE28M4T&openid.identity=http%3A%2F%2Fspecs.openid.net%2Fauth%2F2.0%2Fidentifier_select&openid.assoc_handle=usflex&openid.mode=checkid_setup&marketPlaceId=ATVPDKIKX0DER&language=en&openid.claimed_id=http%3A%2F%2Fspecs.openid.net%2Fauth%2F2.0%2Fidentifier_select&openid.ns=http%3A%2F%2Fspecs.openid.net%2Fauth%2F2.0","Helpful","Showing  comments","https://www.amazon.com/hz/reviews-render/report-review?ie=UTF8&ref=cm_cr_getr_d_rvw_hlp&csrfT=hIbBl3IJpH8SRcGPd0nN9ox6i04G5nOoB2JqrqRbvaGtAAAAAGXT4RkAAAAB&reviewId=R3BN3IAAE28M4T","","0","There was a problem loading comments right now. Please try again later.",""
"https://www.amazon.com/gp/profile/amzn1.account.AEBKFBVHH6T4CPOFKU4RPVGA2DBA/ref=cm_cr_getr_d_gw_btm?ie=UTF8","https://images-na.ssl-images-amazon.com/images/S/amazon-avatars-global/5158be75-38e8-4126-9741-0e3d2d944a42._CR0,0,960,960_SX48_.jpg","<img src=""https://images-na.ssl-images-amazon.com/images/S/amazon-avatars-global/5158be75-38e8-4126-9741-0e3d2d944a42._CR0,0,960,960_SX48_.jpg""/>","KayKay67","https://www.amazon.com/gp/customer-reviews/R6PWT21LY5Q0S/ref=cm_cr_getr_d_rvw_ttl?ie=UTF8&ASIN=B017YAHVA0","5.0 out of 5 stars","Chico loves these!","Reviewed in the United States on March 11, 2022","https://www.amazon.com/gp/help/customer/display.html/ref=cm_cr_dp_d_rvw_avp?nodeId=G75XTB7MBMBTXP6W","Verified Purchase","My sweet, little fur-baby Chico (Maltese Chihuahua) is 12 years old and only 2 teeth left... I bought these to let him try them... we are on our second package and subscribe and save is sending the next on March 22nd.When he goes outside,  he comes in and stands at my desk asking for a treat! Of course, I give it to him because he couldn't eat treats because his teeth was so bad. He had his teeth (all but two) removed, and he is like a puppy now, ESPECIALLY when it comes to these treats... and he is SUPER picky, to boot!!Chico highly recommends them!","One person found this helpful","https://www.amazon.com/ap/signin?openid.return_to=https%3A%2F%2Fwww.amazon.com%2FGet-Naked-Digestive-Health-Treats%2Fproduct-reviews%2FB017YAHVA0%2Fref%3Dcm_cr_getr_d_vote_lft%3Fie%3DUTF8%26pageSize%3D10%26csrfT%3DhEmiOp4cQ%252BtAynzpEEccesJQ0YD5d6Ks%252BH6ckEC2mAfzAAAAAGXT4RkAAAAB%26reviewId%3DR6PWT21LY5Q0S&openid.identity=http%3A%2F%2Fspecs.openid.net%2Fauth%2F2.0%2Fidentifier_select&openid.assoc_handle=usflex&openid.mode=checkid_setup&marketPlaceId=ATVPDKIKX0DER&language=en&openid.claimed_id=http%3A%2F%2Fspecs.openid.net%2Fauth%2F2.0%2Fidentifier_select&openid.ns=http%3A%2F%2Fspecs.openid.net%2Fauth%2F2.0","Helpful","Report","https://www.amazon.com/hz/reviews-render/report-review?ie=UTF8&ref=cm_cr_getr_d_rvw_hlp&csrfT=hEmiOp4cQ%2BtAynzpEEccesJQ0YD5d6Ks%2BH6ckEC2mAfzAAAAAGXT4RkAAAAB&reviewId=R6PWT21LY5Q0S","Showing  comments","0","There was a problem loading comments right now. Please try again later.",""
"https://www.amazon.com/gp/profile/amzn1.account.AEFOUNXHNW6KJPUMKEWLGLVMHMJA/ref=cm_cr_getr_d_gw_btm?ie=UTF8","https://images-na.ssl-images-amazon.com/images/S/amazon-avatars-global/default._CR0,0,1024,1024_SX48_.png","<img src=""https://images-na.ssl-images-amazon.com/images/S/amazon-avatars-global/default._CR0,0,1024,1024_SX48_.png""/>","JnS","https://www.amazon.com/gp/customer-reviews/R3A4U4ZR3MZN6G/ref=cm_cr_getr_d_rvw_ttl?ie=UTF8&ASIN=B017YAHVA0","5.0 out of 5 stars","Our dog does backflips for Get Naked Biteables!","Reviewed in the United States on August 29, 2022","https://www.amazon.com/gp/help/customer/display.html/ref=cm_cr_dp_d_rvw_avp?nodeId=G75XTB7MBMBTXP6W","Verified Purchase","Great training incentive and pretty healthy, too.","Report","https://www.amazon.com/ap/signin?openid.return_to=https%3A%2F%2Fwww.amazon.com%2FGet-Naked-Digestive-Health-Treats%2Fproduct-reviews%2FB017YAHVA0%2Fref%3Dcm_cr_getr_d_vote_lft%3Fie%3DUTF8%26pageSize%3D10%26csrfT%3DhPVh%252B8WKONUcobrcn6tCZdIedj1rxweKkoSS%252BQc62CivAAAAAGXT4RkAAAAB%26reviewId%3DR3A4U4ZR3MZN6G&openid.identity=http%3A%2F%2Fspecs.openid.net%2Fauth%2F2.0%2Fidentifier_select&openid.assoc_handle=usflex&openid.mode=checkid_setup&marketPlaceId=ATVPDKIKX0DER&language=en&openid.claimed_id=http%3A%2F%2Fspecs.openid.net%2Fauth%2F2.0%2Fidentifier_select&openid.ns=http%3A%2F%2Fspecs.openid.net%2Fauth%2F2.0","Helpful","Showing  comments","https://www.amazon.com/hz/reviews-render/report-review?ie=UTF8&ref=cm_cr_getr_d_rvw_hlp&csrfT=hPVh%2B8WKONUcobrcn6tCZdIedj1rxweKkoSS%2BQc62CivAAAAAGXT4RkAAAAB&reviewId=R3A4U4ZR3MZN6G","","0","There was a problem loading comments right now. Please try again later.",""
"https://www.amazon.com/gp/profile/amzn1.account.AEPYQSBKCL2VVX24OD2QMGC4Y72A/ref=cm_cr_getr_d_gw_btm?ie=UTF8","https://images-na.ssl-images-amazon.com/images/S/amazon-avatars-global/default._CR0,0,1024,1024_SX48_.png","<img src=""https://images-na.ssl-images-amazon.com/images/S/amazon-avatars-global/default._CR0,0,1024,1024_SX48_.png""/>","MICHD","https://www.amazon.com/gp/customer-reviews/R1EE3MVLPM9563/ref=cm_cr_getr_d_rvw_ttl?ie=UTF8&ASIN=B017YAHVA0","5.0 out of 5 stars","Great Treat","Reviewed in the United States on September 20, 2022","https://www.amazon.com/gp/help/customer/display.html/ref=cm_cr_dp_d_rvw_avp?nodeId=G75XTB7MBMBTXP6W","Verified Purchase","My puppy loves these treats & they have great quality ingredients without all the fillers","Report","https://www.amazon.com/ap/signin?openid.return_to=https%3A%2F%2Fwww.amazon.com%2FGet-Naked-Digestive-Health-Treats%2Fproduct-reviews%2FB017YAHVA0%2Fref%3Dcm_cr_getr_d_vote_lft%3Fie%3DUTF8%26pageSize%3D10%26csrfT%3DhBPVGkmAtc9nNm5KgSnoWsZL%252Bv02Yt44Vt0xKYznIwNWAAAAAGXT4RkAAAAB%26reviewId%3DR1EE3MVLPM9563&openid.identity=http%3A%2F%2Fspecs.openid.net%2Fauth%2F2.0%2Fidentifier_select&openid.assoc_handle=usflex&openid.mode=checkid_setup&marketPlaceId=ATVPDKIKX0DER&language=en&openid.claimed_id=http%3A%2F%2Fspecs.openid.net%2Fauth%2F2.0%2Fidentifier_select&openid.ns=http%3A%2F%2Fspecs.openid.net%2Fauth%2F2.0","Helpful","Showing  comments","https://www.amazon.com/hz/reviews-render/report-review?ie=UTF8&ref=cm_cr_getr_d_rvw_hlp&csrfT=hBPVGkmAtc9nNm5KgSnoWsZL%2Bv02Yt44Vt0xKYznIwNWAAAAAGXT4RkAAAAB&reviewId=R1EE3MVLPM9563","","0","There was a problem loading comments right now. Please try again later.",""
"https://www.amazon.com/gp/profile/amzn1.account.AE2MPGIGN3PC6QTWM4EZAVUUEGKQ/ref=cm_cr_getr_d_gw_btm?ie=UTF8","","<img src=""https://images-na.ssl-images-amazon.com/images/S/amazon-avatars-global/default._CR0,0,1024,1024_SX48_.png""/>","Jessica","https://www.amazon.com/gp/customer-reviews/R329LLPK5O1DJ2/ref=cm_cr_getr_d_rvw_ttl?ie=UTF8&ASIN=B017YAHVA0","5.0 out of 5 stars","10/10","Reviewed in the United States on May 14, 2020","https://www.amazon.com/gp/help/customer/display.html/ref=cm_cr_dp_d_rvw_avp?nodeId=G75XTB7MBMBTXP6W","Verified Purchase","10/10","Report","https://www.amazon.com/ap/signin?openid.return_to=https%3A%2F%2Fwww.amazon.com%2FGet-Naked-Digestive-Health-Treats%2Fproduct-reviews%2FB017YAHVA0%2Fref%3Dcm_cr_getr_d_vote_lft%3Fie%3DUTF8%26pageSize%3D10%26csrfT%3DhAaUeky32tADvtGsPZ0%252BO%252BjURrA7bieafEbg%252FDhUyK0AAAAAAGXT4RkAAAAB%26reviewId%3DR329LLPK5O1DJ2&openid.identity=http%3A%2F%2Fspecs.openid.net%2Fauth%2F2.0%2Fidentifier_select&openid.assoc_handle=usflex&openid.mode=checkid_setup&marketPlaceId=ATVPDKIKX0DER&language=en&openid.claimed_id=http%3A%2F%2Fspecs.openid.net%2Fauth%2F2.0%2Fidentifier_select&openid.ns=http%3A%2F%2Fspecs.openid.net%2Fauth%2F2.0","Helpful","Showing  comments","https://www.amazon.com/hz/reviews-render/report-review?ie=UTF8&ref=cm_cr_getr_d_rvw_hlp&csrfT=hAaUeky32tADvtGsPZ0%2BO%2BjURrA7bieafEbg%2FDhUyK0AAAAAAGXT4RkAAAAB&reviewId=R329LLPK5O1DJ2","","0","There was a problem loading comments right now. Please try again later.","https://images-na.ssl-images-amazon.com/images/G/01/x-locale/common/grey-pixel.gif"
"","","<img src=""https://images-na.ssl-images-amazon.com/images/S/amazon-avatars-global/default._CR0,0,1024,1024_SX48_.png""/>","Chantelle","https://www.amazon.com/hz/reviews-render/report-review?ie=UTF8&ref=cm_cr_getr_d_rvw_hlp&csrfT=hBj2f%2Bv%2BQZulMKwbvS3PEanEDjMYQ%2F%2BLg2ip9vRNxIq0AAAAAGXT4RkAAAAB&reviewId=R5PDQXTKBXUAG","3.0 out of 5 stars","Meh.","Reviewed in Canada on August 21, 2020","https://www.amazon.com/gp/help/customer/display.html/ref=cm_cr_dp_d_rvw_avp?nodeId=G75XTB7MBMBTXP6W","Verified Purchase","Glad that this treat targets digestive issues. The bag's zip lock seal wore out after a week, so I relocated them to a sandwich bag. Also, one of my dogs is not interested in eating these, not too sure why but she is a little picky when it comes to treats.","One person found this helpful","","","Report","","","","","https://images-na.ssl-images-amazon.com/images/G/01/x-locale/common/grey-pixel.gif"
"","","<img src=""https://images-na.ssl-images-amazon.com/images/S/amazon-avatars-global/default._CR0,0,1024,1024_SX48_.png""/>","April Kirkham","https://www.amazon.com/hz/reviews-render/report-review?ie=UTF8&ref=cm_cr_getr_d_rvw_hlp&csrfT=hAejT5ea0YSAdUtaxZ056svr5nyjzImIIY4DPAwbKjsuAAAAAGXT4RkAAAAB&reviewId=R1D8EJ4GDJ2W7M","5.0 out of 5 stars","Maltese üíò them!","Reviewed in Canada on November 9, 2020","https://www.amazon.com/gp/help/customer/display.html/ref=cm_cr_dp_d_rvw_avp?nodeId=G75XTB7MBMBTXP6W","Verified Purchase","My little maltes loves them! Her stomach seems to be better as well. Great size for small dogs.","One person found this helpful","","","Report","","","","","https://images-na.ssl-images-amazon.com/images/G/01/x-locale/common/grey-pixel.gif"
"","","<img src=""https://images-na.ssl-images-amazon.com/images/S/amazon-avatars-global/default._CR0,0,1024,1024_SX48_.png""/>","Diane","https://www.amazon.com/hz/reviews-render/report-review?ie=UTF8&ref=cm_cr_getr_d_rvw_hlp&csrfT=hGinu0VRu124TwHdydhvtHT8r2LuZcax7bIQf9PvbiUSAAAAAGXT4RkAAAAB&reviewId=R3EK0YJECBDB0R","5.0 out of 5 stars","Great dog treats","Reviewed in Canada on October 12, 2020","https://www.amazon.com/gp/help/customer/display.html/ref=cm_cr_dp_d_rvw_avp?nodeId=G75XTB7MBMBTXP6W","Verified Purchase","My dog loves this product! Would definitely recommend!","","","","Report","","","","","https://images-na.ssl-images-amazon.com/images/G/01/x-locale/common/grey-pixel.gif"
"","","<img src=""https://images-na.ssl-images-amazon.com/images/S/amazon-avatars-global/1d2a2478-b55b-43c3-af5b-b7f2fbc3102e._CR0,0,500,500_SX48_.jpg""/>","J","https://www.amazon.com/hz/reviews-render/report-review?ie=UTF8&ref=cm_cr_getr_d_rvw_hlp&csrfT=hA4MYkms%2FAOeIIstf7U%2B01x9lN%2Bl0OZvmxFUCZBshAuCAAAAAGXT4RkAAAAB&reviewId=RG2BSNF9DZ7AM","5.0 out of 5 stars","Works for digestion","Reviewed in Canada on December 29, 2018","https://www.amazon.com/gp/help/customer/display.html/ref=cm_cr_dp_d_rvw_avp?nodeId=G75XTB7MBMBTXP6W","Verified Purchase","Keeps my baby boy pooping (he‚Äôs a cat but he loves these! Thank god. Nothing else worked. Lol)","One person found this helpful","","","Report","","","","","https://images-na.ssl-images-amazon.com/images/G/01/x-locale/common/grey-pixel.gif"
"","https://images-na.ssl-images-amazon.com/images/S/amazon-avatars-global/default._CR0,0,1024,1024_SX48_.png","<img src=""https://images-na.ssl-images-amazon.com/images/S/amazon-avatars-global/default._CR0,0,1024,1024_SX48_.png""/>","Allison Lindsay","https://www.amazon.com/hz/reviews-render/report-review?ie=UTF8&ref=cm_cr_getr_d_rvw_hlp&csrfT=hEy%2BUw8swjEpnSokCMwnKsi8QjapAUWfUxe4fKc50HoAAAAAAGXT4RsAAAAB&reviewId=R2ALM2UNMH8ODD","5.0 out of 5 stars","Nice product","Reviewed in Canada on November 15, 2019","https://www.amazon.com/gp/help/customer/display.html/ref=cm_cr_dp_d_rvw_avp?nodeId=G75XTB7MBMBTXP6W","Verified Purchase","Nice treat size for my small dog","","","","Report","","","","",""
"","https://images-na.ssl-images-amazon.com/images/S/amazon-avatars-global/default._CR0,0,1024,1024_SX48_.png","<img src=""https://images-na.ssl-images-amazon.com/images/S/amazon-avatars-global/default._CR0,0,1024,1024_SX48_.png""/>","Sandra Spaziani","https://www.amazon.com/hz/reviews-render/report-review?ie=UTF8&ref=cm_cr_getr_d_rvw_hlp&csrfT=hCQK04uynl3WRRtOeP%2BsviCwQD8QA64NpXaIzIuxXsMgAAAAAGXT4RsAAAAB&reviewId=R38JTWUVEA7WS7","5.0 out of 5 stars","Yummy treats","Reviewed in Canada on December 8, 2019","https://www.amazon.com/gp/help/customer/display.html/ref=cm_cr_dp_d_rvw_avp?nodeId=G75XTB7MBMBTXP6W","Verified Purchase","My dog love them","","","","Report","","","","",""
"","https://images-na.ssl-images-amazon.com/images/S/amazon-avatars-global/default._CR0,0,1024,1024_SX48_.png","<img src=""https://images-na.ssl-images-amazon.com/images/S/amazon-avatars-global/default._CR0,0,1024,1024_SX48_.png""/>","Client d'Amazon","https://www.amazon.com/hz/reviews-render/report-review?ie=UTF8&ref=cm_cr_getr_d_rvw_hlp&csrfT=hP99nM5aGwxaCBdmtgqx17MG7tx%2B4XBQgSjWAU8HQdwDAAAAAGXT4RsAAAAB&reviewId=RQN8I9SUSIHMA","5.0 out of 5 stars","Five Stars","Reviewed in Canada on March 28, 2018","https://www.amazon.com/gp/help/customer/display.html/ref=cm_cr_dp_d_rvw_avp?nodeId=G75XTB7MBMBTXP6W","Verified Purchase","Mon chien les adore!","","","","Report","","","","",""