"a-profile href","a-profile-avatar src","a-profile-avatar","a-profile-name","a-size-base href","a-icon-alt","a-size-base","a-size-base 2","a-link-normal href","a-size-mini","a-size-base 3","a-button-text href","cr-helpful-text","a-size-base 4","a-size-base href 2","a-size-base 5","review-comment-count","a-alert-heading","a-lazy-loaded src","a-size-base 6"
"https://www.amazon.com/gp/profile/amzn1.account.AHYANTWQJ6SKN5WWVHBAWXYZDOUQ/ref=cm_cr_arp_d_gw_btm?ie=UTF8","https://images-na.ssl-images-amazon.com/images/S/amazon-avatars-global/a4f64ba0-4217-49d1-923f-da242e447257._CR0,32.0,269,269_SX48_.jpg","<img src=""https://images-na.ssl-images-amazon.com/images/S/amazon-avatars-global/a4f64ba0-4217-49d1-923f-da242e447257._CR0,32.0,269,269_SX48_.jpg""/>","Tiffany","https://www.amazon.com/gp/customer-reviews/R1MQNM13Q8XH9D/ref=cm_cr_arp_d_rvw_ttl?ie=UTF8&ASIN=B01JONKI9Q","5.0 out of 5 stars","Dogs love them!","Reviewed in the United States on January 11, 2023","https://www.amazon.com/gp/help/customer/display.html/ref=cm_cr_dp_d_rvw_avp?nodeId=G75XTB7MBMBTXP6W","Verified Purchase","My dogs love these! My 15year old, 18lb dachshund can chew these with no problem. We can tell a difference with his breath, but we still need to brush his teeth. Our German Shepherd loves them as well. She has a sensitive tummy and we have not had any issues.","https://www.amazon.com/ap/signin?openid.return_to=https%3A%2F%2Fwww.amazon.com%2FGet-Naked-Grain-Dental-Sticks%2Fproduct-reviews%2FB01JONKI9Q%2Fref%3Dcm_cr_arp_d_vote_lft%3Fie%3DUTF8%26csrfT%3DhGbBwuAGGCmNVRXb2pJoFL0AjKDaBLOEBtTulj9zdqSKAAAAAGXT1HAAAAAB%26reviewId%3DR1MQNM13Q8XH9D&openid.identity=http%3A%2F%2Fspecs.openid.net%2Fauth%2F2.0%2Fidentifier_select&openid.assoc_handle=usflex&openid.mode=checkid_setup&marketPlaceId=ATVPDKIKX0DER&language=en&openid.claimed_id=http%3A%2F%2Fspecs.openid.net%2Fauth%2F2.0%2Fidentifier_select&openid.ns=http%3A%2F%2Fspecs.openid.net%2Fauth%2F2.0","Helpful","Report","https://www.amazon.com/hz/reviews-render/report-review?ie=UTF8&ref=cm_cr_arp_d_rvw_hlp&csrfT=hGbBwuAGGCmNVRXb2pJoFL0AjKDaBLOEBtTulj9zdqSKAAAAAGXT1HAAAAAB&reviewId=R1MQNM13Q8XH9D","Showing  comments","0","There was a problem loading comments right now. Please try again later.","",""
"https://www.amazon.com/gp/profile/amzn1.account.AGXZYESNQKVLU62M5N2J3GTHPNTQ/ref=cm_cr_arp_d_gw_btm?ie=UTF8","https://images-na.ssl-images-amazon.com/images/S/amazon-avatars-global/default._CR0,0,1024,1024_SX48_.png","<img src=""https://images-na.ssl-images-amazon.com/images/S/amazon-avatars-global/default._CR0,0,1024,1024_SX48_.png""/>","Shopaholic","https://www.amazon.com/gp/customer-reviews/RS0WAW1RCIKCT/ref=cm_cr_arp_d_rvw_ttl?ie=UTF8&ASIN=B01JONKI9Q","5.0 out of 5 stars","A pet favorite","Reviewed in the United States on June 30, 2017","https://www.amazon.com/gp/help/customer/display.html/ref=cm_cr_dp_d_rvw_avp?nodeId=G75XTB7MBMBTXP6W","Verified Purchase","My dog loves all of the Get Naked dog chews.  We had to stop giving her anything made of rawhide or bone years ago, because she would swallow the treat in large chunks.  We found this product years ago and they have helped to keep her teeth.  In fact, her regularly veterinarian has been very pleased by how nice her teeth looked.  She celebrated her 13th birthday this year, and it was the first time the vet has recommended that she have plaque removed from her teeth.  A good diet and these dog chews have really helped to keep her teeth in great shape.","https://www.amazon.com/ap/signin?openid.return_to=https%3A%2F%2Fwww.amazon.com%2FGet-Naked-Grain-Dental-Sticks%2Fproduct-reviews%2FB01JONKI9Q%2Fref%3Dcm_cr_arp_d_vote_lft%3Fie%3DUTF8%26csrfT%3DhEIddy7IO4oX4lwAGH%252FTztw6ZDnTNY1KU%252FsxVrM24F8XAAAAAGXT1HAAAAAB%26reviewId%3DRS0WAW1RCIKCT&openid.identity=http%3A%2F%2Fspecs.openid.net%2Fauth%2F2.0%2Fidentifier_select&openid.assoc_handle=usflex&openid.mode=checkid_setup&marketPlaceId=ATVPDKIKX0DER&language=en&openid.claimed_id=http%3A%2F%2Fspecs.openid.net%2Fauth%2F2.0%2Fidentifier_select&openid.ns=http%3A%2F%2Fspecs.openid.net%2Fauth%2F2.0","Helpful","Report","https://www.amazon.com/hz/reviews-render/report-review?ie=UTF8&ref=cm_cr_arp_d_rvw_hlp&csrfT=hEIddy7IO4oX4lwAGH%2FTztw6ZDnTNY1KU%2FsxVrM24F8XAAAAAGXT1HAAAAAB&reviewId=RS0WAW1RCIKCT","Showing  comments","0","There was a problem loading comments right now. Please try again later.","",""
"https://www.amazon.com/gp/profile/amzn1.account.AG5FGYTBMQ6TVJW4UN3CG6SZMQIA/ref=cm_cr_arp_d_gw_btm?ie=UTF8","","<img src=""https://images-na.ssl-images-amazon.com/images/S/amazon-avatars-global/default._CR0,0,1024,1024_SX48_.png""/>","Leila","https://www.amazon.com/gp/customer-reviews/R25BAYESKMHSDX/ref=cm_cr_arp_d_rvw_ttl?ie=UTF8&ASIN=B01JONKI9Q","5.0 out of 5 stars","My dog loves these.","Reviewed in the United States on May 18, 2022","https://www.amazon.com/gp/help/customer/display.html/ref=cm_cr_dp_d_rvw_avp?nodeId=G75XTB7MBMBTXP6W","Verified Purchase","These are healthy and they provide some helpful supplements- probiotics and digestive aids, skin and coat, antioxidants and joint health.","https://www.amazon.com/ap/signin?openid.return_to=https%3A%2F%2Fwww.amazon.com%2FGet-Naked-Grain-Dental-Sticks%2Fproduct-reviews%2FB01JONKI9Q%2Fref%3Dcm_cr_arp_d_vote_lft%3Fie%3DUTF8%26csrfT%3DhNPqwzh%252F3VXyU%252F3Juw2SZwBVCrjYL1vIDyFKdksHeIrwAAAAAGXT1HAAAAAB%26reviewId%3DR25BAYESKMHSDX&openid.identity=http%3A%2F%2Fspecs.openid.net%2Fauth%2F2.0%2Fidentifier_select&openid.assoc_handle=usflex&openid.mode=checkid_setup&marketPlaceId=ATVPDKIKX0DER&language=en&openid.claimed_id=http%3A%2F%2Fspecs.openid.net%2Fauth%2F2.0%2Fidentifier_select&openid.ns=http%3A%2F%2Fspecs.openid.net%2Fauth%2F2.0","Helpful","Report","https://www.amazon.com/hz/reviews-render/report-review?ie=UTF8&ref=cm_cr_arp_d_rvw_hlp&csrfT=hNPqwzh%2F3VXyU%2F3Juw2SZwBVCrjYL1vIDyFKdksHeIrwAAAAAGXT1HAAAAAB&reviewId=R25BAYESKMHSDX","Showing  comments","0","There was a problem loading comments right now. Please try again later.","https://images-na.ssl-images-amazon.com/images/G/01/x-locale/common/grey-pixel.gif",""
"https://www.amazon.com/gp/profile/amzn1.account.AHVQUO7VJMEYTAWNEQJZCB4FRGTA/ref=cm_cr_arp_d_gw_btm?ie=UTF8","","<img src=""https://images-na.ssl-images-amazon.com/images/S/amazon-avatars-global/default._CR0,0,1024,1024_SX48_.png""/>","Stick","https://www.amazon.com/gp/customer-reviews/R2DRTI0EYTBBKN/ref=cm_cr_arp_d_rvw_ttl?ie=UTF8&ASIN=B01JONKI9Q","5.0 out of 5 stars","My girlie has hair on her belly again.","Reviewed in the United States on January 6, 2020","https://www.amazon.com/gp/help/customer/display.html/ref=cm_cr_dp_d_rvw_avp?nodeId=G75XTB7MBMBTXP6W","Verified Purchase","I'm not sure what caused it but my little girlie lost pretty much all the hair on her belly.  I talked to the vet about it and he said sometimes it just happens.  I started giving her these treats every day and she has hair on her belly again.  It's not as thick as when she was younger but it's way better than it was.","https://www.amazon.com/ap/signin?openid.return_to=https%3A%2F%2Fwww.amazon.com%2FGet-Naked-Grain-Dental-Sticks%2Fproduct-reviews%2FB01JONKI9Q%2Fref%3Dcm_cr_arp_d_vote_lft%3Fie%3DUTF8%26csrfT%3DhN9KFicsn8SCHAZFWoShcgBtTlavU6EZvurc155Z%252FgyvAAAAAGXT1HAAAAAB%26reviewId%3DR2DRTI0EYTBBKN&openid.identity=http%3A%2F%2Fspecs.openid.net%2Fauth%2F2.0%2Fidentifier_select&openid.assoc_handle=usflex&openid.mode=checkid_setup&marketPlaceId=ATVPDKIKX0DER&language=en&openid.claimed_id=http%3A%2F%2Fspecs.openid.net%2Fauth%2F2.0%2Fidentifier_select&openid.ns=http%3A%2F%2Fspecs.openid.net%2Fauth%2F2.0","Helpful","Report","https://www.amazon.com/hz/reviews-render/report-review?ie=UTF8&ref=cm_cr_arp_d_rvw_hlp&csrfT=hN9KFicsn8SCHAZFWoShcgBtTlavU6EZvurc155Z%2FgyvAAAAAGXT1HAAAAAB&reviewId=R2DRTI0EYTBBKN","Showing  comments","0","There was a problem loading comments right now. Please try again later.","https://images-na.ssl-images-amazon.com/images/G/01/x-locale/common/grey-pixel.gif",""
"https://www.amazon.com/gp/profile/amzn1.account.AEWAV5MAHRSH6IXZDRSKTRBNROTA/ref=cm_cr_arp_d_gw_btm?ie=UTF8","","<img src=""https://images-na.ssl-images-amazon.com/images/S/amazon-avatars-global/default._CR0,0,1024,1024_SX48_.png""/>","Brittany W","https://www.amazon.com/gp/customer-reviews/R2408L6FU3UF55/ref=cm_cr_arp_d_rvw_ttl?ie=UTF8&ASIN=B01JONKI9Q","4.0 out of 5 stars","No complaints from my dog","Reviewed in the United States on July 16, 2023","https://www.amazon.com/gp/help/customer/display.html/ref=cm_cr_dp_d_rvw_avp?nodeId=G75XTB7MBMBTXP6W","Verified Purchase","My dog loves them but there are only 6 in the pack.","https://www.amazon.com/ap/signin?openid.return_to=https%3A%2F%2Fwww.amazon.com%2FGet-Naked-Grain-Dental-Sticks%2Fproduct-reviews%2FB01JONKI9Q%2Fref%3Dcm_cr_arp_d_vote_lft%3Fie%3DUTF8%26csrfT%3DhJeFYiztFffQQGAQ%252BcTQu6JdIIBnHXMSvNBBeYhD3MCnAAAAAGXT1HAAAAAB%26reviewId%3DR2408L6FU3UF55&openid.identity=http%3A%2F%2Fspecs.openid.net%2Fauth%2F2.0%2Fidentifier_select&openid.assoc_handle=usflex&openid.mode=checkid_setup&marketPlaceId=ATVPDKIKX0DER&language=en&openid.claimed_id=http%3A%2F%2Fspecs.openid.net%2Fauth%2F2.0%2Fidentifier_select&openid.ns=http%3A%2F%2Fspecs.openid.net%2Fauth%2F2.0","Helpful","Report","https://www.amazon.com/hz/reviews-render/report-review?ie=UTF8&ref=cm_cr_arp_d_rvw_hlp&csrfT=hJeFYiztFffQQGAQ%2BcTQu6JdIIBnHXMSvNBBeYhD3MCnAAAAAGXT1HAAAAAB&reviewId=R2408L6FU3UF55","Showing  comments","0","There was a problem loading comments right now. Please try again later.","https://images-na.ssl-images-amazon.com/images/G/01/x-locale/common/grey-pixel.gif",""
"https://www.amazon.com/gp/profile/amzn1.account.AES2FXEG6ELSVT2THCFKU4YYEIAQ/ref=cm_cr_arp_d_gw_btm?ie=UTF8","","<img src=""https://images-na.ssl-images-amazon.com/images/S/amazon-avatars-global/1802b9d4-d47d-4f61-b544-c1af36b7f492._CR0,0,200,200_SX48_.jpg""/>","Addy","https://www.amazon.com/gp/customer-reviews/R50OT4P3817GG/ref=cm_cr_arp_d_rvw_ttl?ie=UTF8&ASIN=B01JONKI9Q","5.0 out of 5 stars","Chew sticks that my dogs love.","Reviewed in the United States on August 19, 2017","https://www.amazon.com/gp/help/customer/display.html/ref=cm_cr_dp_d_rvw_avp?nodeId=G75XTB7MBMBTXP6W","Verified Purchase","I have two dogs who have the need to chew on a chew stick however they were getting sick to their stomaches often.  I tried these ""Get Naked"" in all different formula's ~ my furry babies love them and never ever get sick on them.Just be careful toured the size you need. I have small dogs so I need to order small.They have a large one for large dogs.These dog chews were a life saver for our dogs & for us ~ made in the USA.","https://www.amazon.com/ap/signin?openid.return_to=https%3A%2F%2Fwww.amazon.com%2FGet-Naked-Grain-Dental-Sticks%2Fproduct-reviews%2FB01JONKI9Q%2Fref%3Dcm_cr_arp_d_vote_lft%3Fie%3DUTF8%26csrfT%3DhEMhPJ9%252F2U0D3iGPG435rsvwvA92QFuSAtqXGa%252FZ53D3AAAAAGXT1HAAAAAB%26reviewId%3DR50OT4P3817GG&openid.identity=http%3A%2F%2Fspecs.openid.net%2Fauth%2F2.0%2Fidentifier_select&openid.assoc_handle=usflex&openid.mode=checkid_setup&marketPlaceId=ATVPDKIKX0DER&language=en&openid.claimed_id=http%3A%2F%2Fspecs.openid.net%2Fauth%2F2.0%2Fidentifier_select&openid.ns=http%3A%2F%2Fspecs.openid.net%2Fauth%2F2.0","Helpful","One person found this helpful","https://www.amazon.com/hz/reviews-render/report-review?ie=UTF8&ref=cm_cr_arp_d_rvw_hlp&csrfT=hEMhPJ9%2F2U0D3iGPG435rsvwvA92QFuSAtqXGa%2FZ53D3AAAAAGXT1HAAAAAB&reviewId=R50OT4P3817GG","Report","0","There was a problem loading comments right now. Please try again later.","https://images-na.ssl-images-amazon.com/images/G/01/x-locale/common/grey-pixel.gif","Showing  comments"
"https://www.amazon.com/gp/profile/amzn1.account.AE5MWS4YZXQE57QEAWHAIZ7SEC5A/ref=cm_cr_arp_d_gw_btm?ie=UTF8","","<img src=""https://images-na.ssl-images-amazon.com/images/S/amazon-avatars-global/5ab28b09-882b-4c56-8588-442f2f8cebb1._CR0,0,150,150_SX48_.jpg""/>","Amanda","https://www.amazon.com/gp/customer-reviews/R1HHOJCD2XMQ5B/ref=cm_cr_arp_d_rvw_ttl?ie=UTF8&ASIN=B01JONKI9Q","5.0 out of 5 stars","My dog's favorite.","Reviewed in the United States on January 2, 2019","https://www.amazon.com/gp/help/customer/display.html/ref=cm_cr_dp_d_rvw_avp?nodeId=G75XTB7MBMBTXP6W","Verified Purchase","I don't know what it is, but nothing drives my dog crazy like the Get Naked chew sticks. I'm very picky about what I feed  him, so it's a win for both of us that he's so wild about them! I'm extra happy that I can get them for a fraction of the price they normally cost if I buy them in a brick and mortar pet store.","https://www.amazon.com/ap/signin?openid.return_to=https%3A%2F%2Fwww.amazon.com%2FGet-Naked-Grain-Dental-Sticks%2Fproduct-reviews%2FB01JONKI9Q%2Fref%3Dcm_cr_arp_d_vote_lft%3Fie%3DUTF8%26csrfT%3DhCyUpJfZfiBQWB0QdUW1UPWvczyRYJJx%252F35EN8b2rE9gAAAAAGXT1HAAAAAB%26reviewId%3DR1HHOJCD2XMQ5B&openid.identity=http%3A%2F%2Fspecs.openid.net%2Fauth%2F2.0%2Fidentifier_select&openid.assoc_handle=usflex&openid.mode=checkid_setup&marketPlaceId=ATVPDKIKX0DER&language=en&openid.claimed_id=http%3A%2F%2Fspecs.openid.net%2Fauth%2F2.0%2Fidentifier_select&openid.ns=http%3A%2F%2Fspecs.openid.net%2Fauth%2F2.0","Helpful","Report","https://www.amazon.com/hz/reviews-render/report-review?ie=UTF8&ref=cm_cr_arp_d_rvw_hlp&csrfT=hCyUpJfZfiBQWB0QdUW1UPWvczyRYJJx%2F35EN8b2rE9gAAAAAGXT1HAAAAAB&reviewId=R1HHOJCD2XMQ5B","Showing  comments","0","There was a problem loading comments right now. Please try again later.","https://images-na.ssl-images-amazon.com/images/G/01/x-locale/common/grey-pixel.gif",""
"https://www.amazon.com/gp/profile/amzn1.account.AHHFSHXXNY2AQAU6JJGV3RIR3HLQ/ref=cm_cr_arp_d_gw_btm?ie=UTF8","","<img src=""https://images-na.ssl-images-amazon.com/images/S/amazon-avatars-global/default._CR0,0,1024,1024_SX48_.png""/>","Frank T.","https://www.amazon.com/gp/customer-reviews/R29S98GZOMBPZU/ref=cm_cr_arp_d_rvw_ttl?ie=UTF8&ASIN=B01JONKI9Q","5.0 out of 5 stars","Little guy loves it","Reviewed in the United States on May 10, 2017","https://www.amazon.com/gp/help/customer/display.html/ref=cm_cr_dp_d_rvw_avp?nodeId=G75XTB7MBMBTXP6W","Verified Purchase","Our Shih-Tzu is crazy about these little bones.  Because he is small, we tear them in half and he's usually done with one in under 5 minutes.  We chose this because he at times was having a reddish, itchy colored skin that was bothering him.  Can't tell if it's these or the fish oil we've been adding to his food, but so far his skin has seemed way way better!  Great product.","https://www.amazon.com/ap/signin?openid.return_to=https%3A%2F%2Fwww.amazon.com%2FGet-Naked-Grain-Dental-Sticks%2Fproduct-reviews%2FB01JONKI9Q%2Fref%3Dcm_cr_arp_d_vote_lft%3Fie%3DUTF8%26csrfT%3DhJ%252Fd0aR0zM1jIVY69ohAPW80ns53S2wb6pldwa6TS3Y0AAAAAGXT1HAAAAAB%26reviewId%3DR29S98GZOMBPZU&openid.identity=http%3A%2F%2Fspecs.openid.net%2Fauth%2F2.0%2Fidentifier_select&openid.assoc_handle=usflex&openid.mode=checkid_setup&marketPlaceId=ATVPDKIKX0DER&language=en&openid.claimed_id=http%3A%2F%2Fspecs.openid.net%2Fauth%2F2.0%2Fidentifier_select&openid.ns=http%3A%2F%2Fspecs.openid.net%2Fauth%2F2.0","Helpful","One person found this helpful","https://www.amazon.com/hz/reviews-render/report-review?ie=UTF8&ref=cm_cr_arp_d_rvw_hlp&csrfT=hJ%2Fd0aR0zM1jIVY69ohAPW80ns53S2wb6pldwa6TS3Y0AAAAAGXT1HAAAAAB&reviewId=R29S98GZOMBPZU","Report","0","There was a problem loading comments right now. Please try again later.","https://images-na.ssl-images-amazon.com/images/G/01/x-locale/common/grey-pixel.gif","Showing  comments"
"https://www.amazon.com/gp/profile/amzn1.account.AEG4NGR3S5RCJMF5PP52D5NQUIJA/ref=cm_cr_arp_d_gw_btm?ie=UTF8","","<img src=""https://images-na.ssl-images-amazon.com/images/S/amazon-avatars-global/default._CR0,0,1024,1024_SX48_.png""/>","Rachel","https://www.amazon.com/gp/customer-reviews/R22SHL7ICQP3EA/ref=cm_cr_arp_d_rvw_ttl?ie=UTF8&ASIN=B01JONKI9Q","3.0 out of 5 stars","Not good","Reviewed in the United States on August 10, 2023","https://www.amazon.com/gp/help/customer/display.html/ref=cm_cr_dp_d_rvw_avp?nodeId=G75XTB7MBMBTXP6W","Verified Purchase","My puppies got diarrhea from eating these","https://www.amazon.com/ap/signin?openid.return_to=https%3A%2F%2Fwww.amazon.com%2FGet-Naked-Grain-Dental-Sticks%2Fproduct-reviews%2FB01JONKI9Q%2Fref%3Dcm_cr_arp_d_vote_lft%3Fie%3DUTF8%26csrfT%3DhIRDZa6xoDCpncmlmcVFFA%252FtolEB7BmH4BQ5jQFm3nDFAAAAAGXT1HAAAAAB%26reviewId%3DR22SHL7ICQP3EA&openid.identity=http%3A%2F%2Fspecs.openid.net%2Fauth%2F2.0%2Fidentifier_select&openid.assoc_handle=usflex&openid.mode=checkid_setup&marketPlaceId=ATVPDKIKX0DER&language=en&openid.claimed_id=http%3A%2F%2Fspecs.openid.net%2Fauth%2F2.0%2Fidentifier_select&openid.ns=http%3A%2F%2Fspecs.openid.net%2Fauth%2F2.0","Helpful","Report","https://www.amazon.com/hz/reviews-render/report-review?ie=UTF8&ref=cm_cr_arp_d_rvw_hlp&csrfT=hIRDZa6xoDCpncmlmcVFFA%2FtolEB7BmH4BQ5jQFm3nDFAAAAAGXT1HAAAAAB&reviewId=R22SHL7ICQP3EA","Showing  comments","0","There was a problem loading comments right now. Please try again later.","https://images-na.ssl-images-amazon.com/images/G/01/x-locale/common/grey-pixel.gif",""
"https://www.amazon.com/gp/profile/amzn1.account.AHZGUA3QMCQUI44YHGT53KZYBCCQ/ref=cm_cr_arp_d_gw_btm?ie=UTF8","","<img src=""https://images-na.ssl-images-amazon.com/images/S/amazon-avatars-global/c90f461b-e15d-471f-8990-a26a064780ec._CR0,0,351,351_SX48_.jpg""/>","Cali","https://www.amazon.com/gp/customer-reviews/R2G2RAMRESW1AS/ref=cm_cr_arp_d_rvw_ttl?ie=UTF8&ASIN=B01JONKI9Q","4.0 out of 5 stars","It's ok","Reviewed in the United States on December 17, 2022","https://www.amazon.com/gp/help/customer/display.html/ref=cm_cr_dp_d_rvw_avp?nodeId=G75XTB7MBMBTXP6W","Verified Purchase","We got weight management treats and this..but this have less calories than the weight management ones !!?","https://www.amazon.com/ap/signin?openid.return_to=https%3A%2F%2Fwww.amazon.com%2FGet-Naked-Grain-Dental-Sticks%2Fproduct-reviews%2FB01JONKI9Q%2Fref%3Dcm_cr_arp_d_vote_lft%3Fie%3DUTF8%26csrfT%3DhAY03E3EhdFqsVNK2wZ3YSCSIqr%252BzxuwizYRoD4%252BMRQQAAAAAGXT1HAAAAAB%26reviewId%3DR2G2RAMRESW1AS&openid.identity=http%3A%2F%2Fspecs.openid.net%2Fauth%2F2.0%2Fidentifier_select&openid.assoc_handle=usflex&openid.mode=checkid_setup&marketPlaceId=ATVPDKIKX0DER&language=en&openid.claimed_id=http%3A%2F%2Fspecs.openid.net%2Fauth%2F2.0%2Fidentifier_select&openid.ns=http%3A%2F%2Fspecs.openid.net%2Fauth%2F2.0","Helpful","One person found this helpful","https://www.amazon.com/hz/reviews-render/report-review?ie=UTF8&ref=cm_cr_arp_d_rvw_hlp&csrfT=hAY03E3EhdFqsVNK2wZ3YSCSIqr%2BzxuwizYRoD4%2BMRQQAAAAAGXT1HAAAAAB&reviewId=R2G2RAMRESW1AS","Report","0","There was a problem loading comments right now. Please try again later.","https://images-na.ssl-images-amazon.com/images/G/01/x-locale/common/grey-pixel.gif","Showing  comments"
"https://www.amazon.com/gp/profile/amzn1.account.AGTCQUPAKHEYJMAT5UOULTKT3CDQ/ref=cm_cr_getr_d_gw_btm?ie=UTF8","https://images-na.ssl-images-amazon.com/images/S/amazon-avatars-global/default._CR0,0,1024,1024_SX48_.png","<img src=""https://images-na.ssl-images-amazon.com/images/S/amazon-avatars-global/default._CR0,0,1024,1024_SX48_.png""/>","Amazon Customer","https://www.amazon.com/gp/customer-reviews/R2BU5Z7GLNIX7U/ref=cm_cr_getr_d_rvw_ttl?ie=UTF8&ASIN=B01JONKI9Q","1.0 out of 5 stars","New thickness not such a good deal","Reviewed in the United States on January 21, 2024","https://www.amazon.com/gp/help/customer/display.html/ref=cm_cr_dp_d_rvw_avp?nodeId=G75XTB7MBMBTXP6W","Verified Purchase","The manufacturer has thickened the thickness of the sticks and maybe either the new size or sticks that were not fresh were impossible to break, cut, or saw so that my small- medium sized dogs could chew through them. I’d like to order more if they could send me the fresher and smaller sticks. Impenetrable!","https://www.amazon.com/ap/signin?openid.return_to=https%3A%2F%2Fwww.amazon.com%2FGet-Naked-Grain-Dental-Sticks%2Fproduct-reviews%2FB01JONKI9Q%2Fref%3Dcm_cr_getr_d_vote_lft%3Fie%3DUTF8%26pageSize%3D10%26csrfT%3DhIlkhxP50GnNI94JDJLGG3pGuyPC2s3P%252Bt7LW4qOeJgwAAAAAGXT1IUAAAAB%26reviewId%3DR2BU5Z7GLNIX7U&openid.identity=http%3A%2F%2Fspecs.openid.net%2Fauth%2F2.0%2Fidentifier_select&openid.assoc_handle=usflex&openid.mode=checkid_setup&marketPlaceId=ATVPDKIKX0DER&language=en&openid.claimed_id=http%3A%2F%2Fspecs.openid.net%2Fauth%2F2.0%2Fidentifier_select&openid.ns=http%3A%2F%2Fspecs.openid.net%2Fauth%2F2.0","Helpful","Report","https://www.amazon.com/hz/reviews-render/report-review?ie=UTF8&ref=cm_cr_getr_d_rvw_hlp&csrfT=hIlkhxP50GnNI94JDJLGG3pGuyPC2s3P%2Bt7LW4qOeJgwAAAAAGXT1IUAAAAB&reviewId=R2BU5Z7GLNIX7U","Showing  comments","0","There was a problem loading comments right now. Please try again later.","",""
"https://www.amazon.com/gp/profile/amzn1.account.AEJBGDJKWTZC7GJPYOSK4MHG6DCQ/ref=cm_cr_getr_d_gw_btm?ie=UTF8","https://images-na.ssl-images-amazon.com/images/S/amazon-avatars-global/default._CR0,0,1024,1024_SX48_.png","<img src=""https://images-na.ssl-images-amazon.com/images/S/amazon-avatars-global/default._CR0,0,1024,1024_SX48_.png""/>","Clare Therieau","https://www.amazon.com/gp/customer-reviews/RW4PB1HKQ6B8R/ref=cm_cr_getr_d_rvw_ttl?ie=UTF8&ASIN=B01JONKI9Q","3.0 out of 5 stars","You only get 6??","Reviewed in the United States on July 21, 2022","https://www.amazon.com/gp/help/customer/display.html/ref=cm_cr_dp_d_rvw_avp?nodeId=G75XTB7MBMBTXP6W","Verified Purchase","Ok really, how stingy can u be, what do I give him 1 a week, there are only 6 in package.","https://www.amazon.com/ap/signin?openid.return_to=https%3A%2F%2Fwww.amazon.com%2FGet-Naked-Grain-Dental-Sticks%2Fproduct-reviews%2FB01JONKI9Q%2Fref%3Dcm_cr_getr_d_vote_lft%3Fie%3DUTF8%26pageSize%3D10%26csrfT%3DhDTB12137IlxdtR0%252BGA4LgXI5jn7D9silDF2v0Irj6cHAAAAAGXT1IUAAAAB%26reviewId%3DRW4PB1HKQ6B8R&openid.identity=http%3A%2F%2Fspecs.openid.net%2Fauth%2F2.0%2Fidentifier_select&openid.assoc_handle=usflex&openid.mode=checkid_setup&marketPlaceId=ATVPDKIKX0DER&language=en&openid.claimed_id=http%3A%2F%2Fspecs.openid.net%2Fauth%2F2.0%2Fidentifier_select&openid.ns=http%3A%2F%2Fspecs.openid.net%2Fauth%2F2.0","Helpful","Report","https://www.amazon.com/hz/reviews-render/report-review?ie=UTF8&ref=cm_cr_getr_d_rvw_hlp&csrfT=hDTB12137IlxdtR0%2BGA4LgXI5jn7D9silDF2v0Irj6cHAAAAAGXT1IUAAAAB&reviewId=RW4PB1HKQ6B8R","Showing  comments","0","There was a problem loading comments right now. Please try again later.","",""
"https://www.amazon.com/gp/profile/amzn1.account.AGCU2RX7DWSP4QLNPLI2Q4TMQL2Q/ref=cm_cr_getr_d_gw_btm?ie=UTF8","https://images-na.ssl-images-amazon.com/images/S/amazon-avatars-global/default._CR0,0,1024,1024_SX48_.png","<img src=""https://images-na.ssl-images-amazon.com/images/S/amazon-avatars-global/default._CR0,0,1024,1024_SX48_.png""/>","dinkyy3","https://www.amazon.com/gp/customer-reviews/R1ULBPK0SP825Y/ref=cm_cr_getr_d_rvw_ttl?ie=UTF8&ASIN=B01JONKI9Q","4.0 out of 5 stars","Doggos love 'em!","Reviewed in the United States on September 19, 2018","https://www.amazon.com/gp/help/customer/display.html/ref=cm_cr_dp_d_rvw_avp?nodeId=G75XTB7MBMBTXP6W","Verified Purchase","My dogs LOVE these. The only downside is that there is only 6 in a pack. I haven't noticed any improvement in their skin or coats (my beagle has very dry skin). May consider buying these again since they loved them so much.","https://www.amazon.com/ap/signin?openid.return_to=https%3A%2F%2Fwww.amazon.com%2FGet-Naked-Grain-Dental-Sticks%2Fproduct-reviews%2FB01JONKI9Q%2Fref%3Dcm_cr_getr_d_vote_lft%3Fie%3DUTF8%26pageSize%3D10%26csrfT%3DhPwig%252BkB%252BziAbZepAYZjNgRFYT88eH8IpOHxbdxv6eu1AAAAAGXT1IUAAAAB%26reviewId%3DR1ULBPK0SP825Y&openid.identity=http%3A%2F%2Fspecs.openid.net%2Fauth%2F2.0%2Fidentifier_select&openid.assoc_handle=usflex&openid.mode=checkid_setup&marketPlaceId=ATVPDKIKX0DER&language=en&openid.claimed_id=http%3A%2F%2Fspecs.openid.net%2Fauth%2F2.0%2Fidentifier_select&openid.ns=http%3A%2F%2Fspecs.openid.net%2Fauth%2F2.0","Helpful","Report","https://www.amazon.com/hz/reviews-render/report-review?ie=UTF8&ref=cm_cr_getr_d_rvw_hlp&csrfT=hPwig%2BkB%2BziAbZepAYZjNgRFYT88eH8IpOHxbdxv6eu1AAAAAGXT1IUAAAAB&reviewId=R1ULBPK0SP825Y","Showing  comments","0","There was a problem loading comments right now. Please try again later.","",""
"https://www.amazon.com/gp/profile/amzn1.account.AHJRKHTKLGXCDY5YJTBKIDYDEOJQ/ref=cm_cr_getr_d_gw_btm?ie=UTF8","https://images-na.ssl-images-amazon.com/images/S/amazon-avatars-global/c4b28556-b552-4e2c-9a31-1abecc957420._CR0,0,476,476_SX48_.jpg","<img src=""https://images-na.ssl-images-amazon.com/images/S/amazon-avatars-global/c4b28556-b552-4e2c-9a31-1abecc957420._CR0,0,476,476_SX48_.jpg""/>","Michelle Louise","https://www.amazon.com/gp/customer-reviews/R2OFCE5LWN27IL/ref=cm_cr_getr_d_rvw_ttl?ie=UTF8&ASIN=B01JONKI9Q","4.0 out of 5 stars","Okay but not for dogs with sensitive stomachs","Reviewed in the United States on December 1, 2018","https://www.amazon.com/gp/help/customer/display.html/ref=cm_cr_dp_d_rvw_avp?nodeId=G75XTB7MBMBTXP6W","Verified Purchase","My dogs liked these, but the dog I bought these for got horrible gas.  He's already got allergies to other treats so I'll just give this to the other dog.","https://www.amazon.com/ap/signin?openid.return_to=https%3A%2F%2Fwww.amazon.com%2FGet-Naked-Grain-Dental-Sticks%2Fproduct-reviews%2FB01JONKI9Q%2Fref%3Dcm_cr_getr_d_vote_lft%3Fie%3DUTF8%26pageSize%3D10%26csrfT%3DhCzTpCm82jdNYkNuY5IBMBlQx%252BeG%252B05KFjilmv2fSx49AAAAAGXT1IUAAAAB%26reviewId%3DR2OFCE5LWN27IL&openid.identity=http%3A%2F%2Fspecs.openid.net%2Fauth%2F2.0%2Fidentifier_select&openid.assoc_handle=usflex&openid.mode=checkid_setup&marketPlaceId=ATVPDKIKX0DER&language=en&openid.claimed_id=http%3A%2F%2Fspecs.openid.net%2Fauth%2F2.0%2Fidentifier_select&openid.ns=http%3A%2F%2Fspecs.openid.net%2Fauth%2F2.0","Helpful","Report","https://www.amazon.com/hz/reviews-render/report-review?ie=UTF8&ref=cm_cr_getr_d_rvw_hlp&csrfT=hCzTpCm82jdNYkNuY5IBMBlQx%2BeG%2B05KFjilmv2fSx49AAAAAGXT1IUAAAAB&reviewId=R2OFCE5LWN27IL","Showing  comments","0","There was a problem loading comments right now. Please try again later.","",""
"https://www.amazon.com/gp/profile/amzn1.account.AHNELXP734TGV7R52A6KC5EVX3AA/ref=cm_cr_getr_d_gw_btm?ie=UTF8","https://images-na.ssl-images-amazon.com/images/S/amazon-avatars/default._CR0,0,1024,1024_SX48_.png","<img src=""https://images-na.ssl-images-amazon.com/images/S/amazon-avatars/default._CR0,0,1024,1024_SX48_.png""/>","SUSAN M.","https://www.amazon.com/gp/customer-reviews/R2K8FCG0SMNXQC/ref=cm_cr_getr_d_rvw_ttl?ie=UTF8&ASIN=B01JONKI9Q","4.0 out of 5 stars","Buying more and will write back if/when I see her coat get better.","Reviewed in the United States on December 26, 2017","https://www.amazon.com/gp/help/customer/display.html/ref=cm_cr_dp_d_rvw_avp?nodeId=G75XTB7MBMBTXP6W","Verified Purchase","My picky (new, shelter) dog likes these but too early to tell if  actually doing anything to improve her coat which is thin and sheds a lot. Buying more and will write back if/when I see her coat get better.","https://www.amazon.com/ap/signin?openid.return_to=https%3A%2F%2Fwww.amazon.com%2FGet-Naked-Grain-Dental-Sticks%2Fproduct-reviews%2FB01JONKI9Q%2Fref%3Dcm_cr_getr_d_vote_lft%3Fie%3DUTF8%26pageSize%3D10%26csrfT%3DhHQ67LXiHWuzl23fCYQsffhnv8DSlcJ%252BNzUBkvHlc7H8AAAAAGXT1IUAAAAB%26reviewId%3DR2K8FCG0SMNXQC&openid.identity=http%3A%2F%2Fspecs.openid.net%2Fauth%2F2.0%2Fidentifier_select&openid.assoc_handle=usflex&openid.mode=checkid_setup&marketPlaceId=ATVPDKIKX0DER&language=en&openid.claimed_id=http%3A%2F%2Fspecs.openid.net%2Fauth%2F2.0%2Fidentifier_select&openid.ns=http%3A%2F%2Fspecs.openid.net%2Fauth%2F2.0","Helpful","One person found this helpful","https://www.amazon.com/hz/reviews-render/report-review?ie=UTF8&ref=cm_cr_getr_d_rvw_hlp&csrfT=hHQ67LXiHWuzl23fCYQsffhnv8DSlcJ%2BNzUBkvHlc7H8AAAAAGXT1IUAAAAB&reviewId=R2K8FCG0SMNXQC","Report","0","There was a problem loading comments right now. Please try again later.","","Showing  comments"
"https://www.amazon.com/gp/profile/amzn1.account.AF7UGDXXKH7UXVW26QOIHKGEHABQ/ref=cm_cr_getr_d_gw_btm?ie=UTF8","https://images-na.ssl-images-amazon.com/images/S/amazon-avatars-global/dd655bf2-a2f6-44e0-95bd-f4616df6b65a._CR0,0,375,375_SX48_.jpg","<img src=""https://images-na.ssl-images-amazon.com/images/S/amazon-avatars-global/dd655bf2-a2f6-44e0-95bd-f4616df6b65a._CR0,0,375,375_SX48_.jpg""/>","DZKimmi","https://www.amazon.com/gp/customer-reviews/R2E8Q0JDE9W8W4/ref=cm_cr_getr_d_rvw_ttl?ie=UTF8&ASIN=B01JONKI9Q","5.0 out of 5 stars","My dog loves these treats","Reviewed in the United States on December 1, 2017","https://www.amazon.com/gp/help/customer/display.html/ref=cm_cr_dp_d_rvw_avp?nodeId=G75XTB7MBMBTXP6W","Verified Purchase","My dog loves these Get Naked Grain free treats.  They smell good and she enjoys chewing them. She is a black lab and has a gorgeous coat - I am not sure if these have anything to do with it, but I figure it cant hurt.","https://www.amazon.com/ap/signin?openid.return_to=https%3A%2F%2Fwww.amazon.com%2FGet-Naked-Grain-Dental-Sticks%2Fproduct-reviews%2FB01JONKI9Q%2Fref%3Dcm_cr_getr_d_vote_lft%3Fie%3DUTF8%26pageSize%3D10%26csrfT%3DhJT4QpxCyG9qy1RJjSSSI%252BzVFiRQlQIU9xEtJvwvppUxAAAAAGXT1IUAAAAB%26reviewId%3DR2E8Q0JDE9W8W4&openid.identity=http%3A%2F%2Fspecs.openid.net%2Fauth%2F2.0%2Fidentifier_select&openid.assoc_handle=usflex&openid.mode=checkid_setup&marketPlaceId=ATVPDKIKX0DER&language=en&openid.claimed_id=http%3A%2F%2Fspecs.openid.net%2Fauth%2F2.0%2Fidentifier_select&openid.ns=http%3A%2F%2Fspecs.openid.net%2Fauth%2F2.0","Helpful","One person found this helpful","https://www.amazon.com/hz/reviews-render/report-review?ie=UTF8&ref=cm_cr_getr_d_rvw_hlp&csrfT=hJT4QpxCyG9qy1RJjSSSI%2BzVFiRQlQIU9xEtJvwvppUxAAAAAGXT1IUAAAAB&reviewId=R2E8Q0JDE9W8W4","Report","0","There was a problem loading comments right now. Please try again later.","","Showing  comments"
"https://www.amazon.com/gp/profile/amzn1.account.AH27UWEPITL4BVFQ344RZMPNAHHA/ref=cm_cr_getr_d_gw_btm?ie=UTF8","","<img src=""https://images-na.ssl-images-amazon.com/images/S/amazon-avatars-global/1b3ba3d1-03b3-4049-99f9-c6d74c8f61f4._CR62,0,375,375_SX48_.jpg""/>","Mike K","https://www.amazon.com/gp/customer-reviews/R3J7AGDIE40OA5/ref=cm_cr_getr_d_rvw_ttl?ie=UTF8&ASIN=B01JONKI9Q","5.0 out of 5 stars","All the varieties are good. We have been re-ordering this product for years.","Reviewed in the United States on January 17, 2018","https://www.amazon.com/gp/help/customer/display.html/ref=cm_cr_dp_d_rvw_avp?nodeId=G75XTB7MBMBTXP6W","Verified Purchase","My bichon frisé loves this stuff.  It comes in a variety of flavors, all of which are a winner as far as my canine balance concerned. We can using this for at least two years, and are very happy with it.","https://www.amazon.com/ap/signin?openid.return_to=https%3A%2F%2Fwww.amazon.com%2FGet-Naked-Grain-Dental-Sticks%2Fproduct-reviews%2FB01JONKI9Q%2Fref%3Dcm_cr_getr_d_vote_lft%3Fie%3DUTF8%26pageSize%3D10%26csrfT%3DhDpAa%252FrAL%252B%252Boiv2sKbVY01FVtG8qdbbv8TZzpU%252BDQ3WHAAAAAGXT1IUAAAAB%26reviewId%3DR3J7AGDIE40OA5&openid.identity=http%3A%2F%2Fspecs.openid.net%2Fauth%2F2.0%2Fidentifier_select&openid.assoc_handle=usflex&openid.mode=checkid_setup&marketPlaceId=ATVPDKIKX0DER&language=en&openid.claimed_id=http%3A%2F%2Fspecs.openid.net%2Fauth%2F2.0%2Fidentifier_select&openid.ns=http%3A%2F%2Fspecs.openid.net%2Fauth%2F2.0","Helpful","Report","https://www.amazon.com/hz/reviews-render/report-review?ie=UTF8&ref=cm_cr_getr_d_rvw_hlp&csrfT=hDpAa%2FrAL%2B%2Boiv2sKbVY01FVtG8qdbbv8TZzpU%2BDQ3WHAAAAAGXT1IUAAAAB&reviewId=R3J7AGDIE40OA5","Showing  comments","0","There was a problem loading comments right now. Please try again later.","https://images-na.ssl-images-amazon.com/images/G/01/x-locale/common/grey-pixel.gif",""
"https://www.amazon.com/gp/profile/amzn1.account.AGVWFH4KQ225AFVEQNVUSCBPAGLQ/ref=cm_cr_getr_d_gw_btm?ie=UTF8","","<img src=""https://images-na.ssl-images-amazon.com/images/S/amazon-avatars-global/default._CR0,0,1024,1024_SX48_.png""/>","FL Fran","https://www.amazon.com/gp/customer-reviews/R2HR4O8X1UOPXG/ref=cm_cr_getr_d_rvw_ttl?ie=UTF8&ASIN=B01JONKI9Q","5.0 out of 5 stars","My dog loves them!","Reviewed in the United States on November 8, 2020","https://www.amazon.com/gp/help/customer/display.html/ref=cm_cr_dp_d_rvw_avp?nodeId=G75XTB7MBMBTXP6W","Verified Purchase","My dog loves these can’t get enough. They are good for him and helps with weight loss.","https://www.amazon.com/ap/signin?openid.return_to=https%3A%2F%2Fwww.amazon.com%2FGet-Naked-Grain-Dental-Sticks%2Fproduct-reviews%2FB01JONKI9Q%2Fref%3Dcm_cr_getr_d_vote_lft%3Fie%3DUTF8%26pageSize%3D10%26csrfT%3DhE0LpOvDSf%252FXEeuVAjgN5hMqwSpN3oNHG1RaB%252BEb%252Bt6qAAAAAGXT1IUAAAAB%26reviewId%3DR2HR4O8X1UOPXG&openid.identity=http%3A%2F%2Fspecs.openid.net%2Fauth%2F2.0%2Fidentifier_select&openid.assoc_handle=usflex&openid.mode=checkid_setup&marketPlaceId=ATVPDKIKX0DER&language=en&openid.claimed_id=http%3A%2F%2Fspecs.openid.net%2Fauth%2F2.0%2Fidentifier_select&openid.ns=http%3A%2F%2Fspecs.openid.net%2Fauth%2F2.0","Helpful","Report","https://www.amazon.com/hz/reviews-render/report-review?ie=UTF8&ref=cm_cr_getr_d_rvw_hlp&csrfT=hE0LpOvDSf%2FXEeuVAjgN5hMqwSpN3oNHG1RaB%2BEb%2Bt6qAAAAAGXT1IUAAAAB&reviewId=R2HR4O8X1UOPXG","Showing  comments","0","There was a problem loading comments right now. Please try again later.","https://images-na.ssl-images-amazon.com/images/G/01/x-locale/common/grey-pixel.gif",""
"https://www.amazon.com/gp/profile/amzn1.account.AELXV45XY4MG2WZL6ZLKWDIMZI3Q/ref=cm_cr_getr_d_gw_btm?ie=UTF8","","<img src=""https://images-na.ssl-images-amazon.com/images/S/amazon-avatars-global/default._CR0,0,1024,1024_SX48_.png""/>","Haylee","https://www.amazon.com/gp/customer-reviews/R30GKG53FMN2VT/ref=cm_cr_getr_d_rvw_ttl?ie=UTF8&ASIN=B01JONKI9Q","3.0 out of 5 stars","Dogs love these and good ingredients","Reviewed in the United States on September 7, 2017","https://www.amazon.com/gp/help/customer/display.html/ref=cm_cr_dp_d_rvw_avp?nodeId=G75XTB7MBMBTXP6W","Verified Purchase","Dogs love these and good ingredients, except for potato. Rather have brown rice, better for their bodies, even if it is a grain, diet trends are not scientifically based. Potatoes are fine for dogs in moderation but just not as good for them as other things!","https://www.amazon.com/ap/signin?openid.return_to=https%3A%2F%2Fwww.amazon.com%2FGet-Naked-Grain-Dental-Sticks%2Fproduct-reviews%2FB01JONKI9Q%2Fref%3Dcm_cr_getr_d_vote_lft%3Fie%3DUTF8%26pageSize%3D10%26csrfT%3DhAR2wnEsx3qTo5nqU8veGU7MfxNYuoDnUCnXD9M5BHbfAAAAAGXT1IUAAAAB%26reviewId%3DR30GKG53FMN2VT&openid.identity=http%3A%2F%2Fspecs.openid.net%2Fauth%2F2.0%2Fidentifier_select&openid.assoc_handle=usflex&openid.mode=checkid_setup&marketPlaceId=ATVPDKIKX0DER&language=en&openid.claimed_id=http%3A%2F%2Fspecs.openid.net%2Fauth%2F2.0%2Fidentifier_select&openid.ns=http%3A%2F%2Fspecs.openid.net%2Fauth%2F2.0","Helpful","One person found this helpful","https://www.amazon.com/hz/reviews-render/report-review?ie=UTF8&ref=cm_cr_getr_d_rvw_hlp&csrfT=hAR2wnEsx3qTo5nqU8veGU7MfxNYuoDnUCnXD9M5BHbfAAAAAGXT1IUAAAAB&reviewId=R30GKG53FMN2VT","Report","0","There was a problem loading comments right now. Please try again later.","https://images-na.ssl-images-amazon.com/images/G/01/x-locale/common/grey-pixel.gif","Showing  comments"
"https://www.amazon.com/gp/profile/amzn1.account.AEQNC7KTUVP3HBSF6BID4ANJM64Q/ref=cm_cr_getr_d_gw_btm?ie=UTF8","","<img src=""https://images-na.ssl-images-amazon.com/images/S/amazon-avatars-global/default._CR0,0,1024,1024_SX48_.png""/>","Claire Fernando","https://www.amazon.com/gp/customer-reviews/R7O8ZMM5RSTFJ/ref=cm_cr_getr_d_rvw_ttl?ie=UTF8&ASIN=B01JONKI9Q","5.0 out of 5 stars","My dog loves them and since they’re small they’re great for training","Reviewed in the United States on June 8, 2018","https://www.amazon.com/gp/help/customer/display.html/ref=cm_cr_dp_d_rvw_avp?nodeId=G75XTB7MBMBTXP6W","Verified Purchase","My dog loves them and since they’re small they’re great for training! I would also break them in half to make the most of them for “puppy push ups”.","https://www.amazon.com/ap/signin?openid.return_to=https%3A%2F%2Fwww.amazon.com%2FGet-Naked-Grain-Dental-Sticks%2Fproduct-reviews%2FB01JONKI9Q%2Fref%3Dcm_cr_getr_d_vote_lft%3Fie%3DUTF8%26pageSize%3D10%26csrfT%3DhD%252F9QcZ1yCGuq%252FWE9o8g%252Ff8Y3VDP7pw6Q7HJ3T7SKNF7AAAAAGXT1IUAAAAB%26reviewId%3DR7O8ZMM5RSTFJ&openid.identity=http%3A%2F%2Fspecs.openid.net%2Fauth%2F2.0%2Fidentifier_select&openid.assoc_handle=usflex&openid.mode=checkid_setup&marketPlaceId=ATVPDKIKX0DER&language=en&openid.claimed_id=http%3A%2F%2Fspecs.openid.net%2Fauth%2F2.0%2Fidentifier_select&openid.ns=http%3A%2F%2Fspecs.openid.net%2Fauth%2F2.0","Helpful","Report","https://www.amazon.com/hz/reviews-render/report-review?ie=UTF8&ref=cm_cr_getr_d_rvw_hlp&csrfT=hD%2F9QcZ1yCGuq%2FWE9o8g%2Ff8Y3VDP7pw6Q7HJ3T7SKNF7AAAAAGXT1IUAAAAB&reviewId=R7O8ZMM5RSTFJ","Showing  comments","0","There was a problem loading comments right now. Please try again later.","https://images-na.ssl-images-amazon.com/images/G/01/x-locale/common/grey-pixel.gif",""
"https://www.amazon.com/gp/profile/amzn1.account.AEXUF2YZX5B6TLQO62MEDTXRH5MQ/ref=cm_cr_getr_d_gw_btm?ie=UTF8","https://images-na.ssl-images-amazon.com/images/S/amazon-avatars-global/default._CR0,0,1024,1024_SX48_.png","<img src=""https://images-na.ssl-images-amazon.com/images/S/amazon-avatars-global/default._CR0,0,1024,1024_SX48_.png""/>","Katy","https://www.amazon.com/gp/customer-reviews/R3TJNBKKESZWV/ref=cm_cr_getr_d_rvw_ttl?ie=UTF8&ASIN=B01JONKI9Q","5.0 out of 5 stars","It works!","Reviewed in the United States on January 13, 2019","https://www.amazon.com/gp/help/customer/display.html/ref=cm_cr_dp_d_rvw_avp?nodeId=G75XTB7MBMBTXP6W","Verified Purchase","Amazing, healthy treats that not only work but my dogs love them! Their fur is noticeably softer after a week of using these.","https://www.amazon.com/ap/signin?openid.return_to=https%3A%2F%2Fwww.amazon.com%2FGet-Naked-Grain-Dental-Sticks%2Fproduct-reviews%2FB01JONKI9Q%2Fref%3Dcm_cr_getr_d_vote_lft%3Fie%3DUTF8%26pageSize%3D10%26csrfT%3DhBn2HFamkSXLx3jdGmW8O36cEXj74oVSw1jaBwFJWjOyAAAAAGXT1IcAAAAB%26reviewId%3DR3TJNBKKESZWV&openid.identity=http%3A%2F%2Fspecs.openid.net%2Fauth%2F2.0%2Fidentifier_select&openid.assoc_handle=usflex&openid.mode=checkid_setup&marketPlaceId=ATVPDKIKX0DER&language=en&openid.claimed_id=http%3A%2F%2Fspecs.openid.net%2Fauth%2F2.0%2Fidentifier_select&openid.ns=http%3A%2F%2Fspecs.openid.net%2Fauth%2F2.0","Helpful","Report","https://www.amazon.com/hz/reviews-render/report-review?ie=UTF8&ref=cm_cr_getr_d_rvw_hlp&csrfT=hBn2HFamkSXLx3jdGmW8O36cEXj74oVSw1jaBwFJWjOyAAAAAGXT1IcAAAAB&reviewId=R3TJNBKKESZWV","Showing  comments","0","There was a problem loading comments right now. Please try again later.","",""
"https://www.amazon.com/gp/profile/amzn1.account.AF7AQ6IJHOZYWKK76GRYVZ2IEJ4Q/ref=cm_cr_getr_d_gw_btm?ie=UTF8","https://images-na.ssl-images-amazon.com/images/S/amazon-avatars-global/default._CR0,0,1024,1024_SX48_.png","<img src=""https://images-na.ssl-images-amazon.com/images/S/amazon-avatars-global/default._CR0,0,1024,1024_SX48_.png""/>","Diane L.","https://www.amazon.com/gp/customer-reviews/RWTIWA93GXOEX/ref=cm_cr_getr_d_rvw_ttl?ie=UTF8&ASIN=B01JONKI9Q","5.0 out of 5 stars","Very satisfied.","Reviewed in the United States on July 25, 2019","https://www.amazon.com/gp/help/customer/display.html/ref=cm_cr_dp_d_rvw_avp?nodeId=G75XTB7MBMBTXP6W","Verified Purchase","My pups both love these and my Yorkie's dry skin has gotten so much better.","https://www.amazon.com/ap/signin?openid.return_to=https%3A%2F%2Fwww.amazon.com%2FGet-Naked-Grain-Dental-Sticks%2Fproduct-reviews%2FB01JONKI9Q%2Fref%3Dcm_cr_getr_d_vote_lft%3Fie%3DUTF8%26pageSize%3D10%26csrfT%3DhCJrRavXcs6oS3spiRgK2ZD61aXDTSGzeM402jR4PbRUAAAAAGXT1IcAAAAB%26reviewId%3DRWTIWA93GXOEX&openid.identity=http%3A%2F%2Fspecs.openid.net%2Fauth%2F2.0%2Fidentifier_select&openid.assoc_handle=usflex&openid.mode=checkid_setup&marketPlaceId=ATVPDKIKX0DER&language=en&openid.claimed_id=http%3A%2F%2Fspecs.openid.net%2Fauth%2F2.0%2Fidentifier_select&openid.ns=http%3A%2F%2Fspecs.openid.net%2Fauth%2F2.0","Helpful","Report","https://www.amazon.com/hz/reviews-render/report-review?ie=UTF8&ref=cm_cr_getr_d_rvw_hlp&csrfT=hCJrRavXcs6oS3spiRgK2ZD61aXDTSGzeM402jR4PbRUAAAAAGXT1IcAAAAB&reviewId=RWTIWA93GXOEX","Showing  comments","0","There was a problem loading comments right now. Please try again later.","",""
"https://www.amazon.com/gp/profile/amzn1.account.AESCE3B72F2R3ZOOXTFC5RR7KBXA/ref=cm_cr_getr_d_gw_btm?ie=UTF8","https://images-na.ssl-images-amazon.com/images/S/amazon-avatars-global/default._CR0,0,1024,1024_SX48_.png","<img src=""https://images-na.ssl-images-amazon.com/images/S/amazon-avatars-global/default._CR0,0,1024,1024_SX48_.png""/>","Amazon Customer","https://www.amazon.com/gp/customer-reviews/R2RP7W8AM8AROI/ref=cm_cr_getr_d_rvw_ttl?ie=UTF8&ASIN=B01JONKI9Q","5.0 out of 5 stars","He is happy I am happy","Reviewed in the United States on June 20, 2017","https://www.amazon.com/gp/help/customer/display.html/ref=cm_cr_dp_d_rvw_avp?nodeId=G75XTB7MBMBTXP6W","Verified Purchase","Honestly, I haven't really seen any significant changes in my dog's coat or skin but he loves it! And haven't seen any negative effects either. He is happy I am happy.","https://www.amazon.com/ap/signin?openid.return_to=https%3A%2F%2Fwww.amazon.com%2FGet-Naked-Grain-Dental-Sticks%2Fproduct-reviews%2FB01JONKI9Q%2Fref%3Dcm_cr_getr_d_vote_lft%3Fie%3DUTF8%26pageSize%3D10%26csrfT%3DhNIlLaNOGCAWidxYPkLC41fvSevApnAxx0cml9FWa5AhAAAAAGXT1IcAAAAB%26reviewId%3DR2RP7W8AM8AROI&openid.identity=http%3A%2F%2Fspecs.openid.net%2Fauth%2F2.0%2Fidentifier_select&openid.assoc_handle=usflex&openid.mode=checkid_setup&marketPlaceId=ATVPDKIKX0DER&language=en&openid.claimed_id=http%3A%2F%2Fspecs.openid.net%2Fauth%2F2.0%2Fidentifier_select&openid.ns=http%3A%2F%2Fspecs.openid.net%2Fauth%2F2.0","Helpful","Report","https://www.amazon.com/hz/reviews-render/report-review?ie=UTF8&ref=cm_cr_getr_d_rvw_hlp&csrfT=hNIlLaNOGCAWidxYPkLC41fvSevApnAxx0cml9FWa5AhAAAAAGXT1IcAAAAB&reviewId=R2RP7W8AM8AROI","Showing  comments","0","There was a problem loading comments right now. Please try again later.","",""
"https://www.amazon.com/gp/profile/amzn1.account.AF42YJJXK4EIK72WBCB52U4PXF5A/ref=cm_cr_getr_d_gw_btm?ie=UTF8","https://images-na.ssl-images-amazon.com/images/S/amazon-avatars-global/fe18c8b4-09c7-4ef2-b00b-beeac0544350._CR0,0,433,433_SX48_.jpg","<img src=""https://images-na.ssl-images-amazon.com/images/S/amazon-avatars-global/fe18c8b4-09c7-4ef2-b00b-beeac0544350._CR0,0,433,433_SX48_.jpg""/>","sarcazm","https://www.amazon.com/gp/customer-reviews/RIQLO58VBNGZU/ref=cm_cr_getr_d_rvw_ttl?ie=UTF8&ASIN=B01JONKI9Q","1.0 out of 5 stars","Dog likes them but I am not a fan","Reviewed in the United States on July 14, 2019","https://www.amazon.com/gp/help/customer/display.html/ref=cm_cr_dp_d_rvw_avp?nodeId=G75XTB7MBMBTXP6W","Verified Purchase","Whenever he eats one of these treats he ends up constipated for the next 24 hours or so, which throws off not just his schedule but everyone else's as well.  I wonder if it might have to do with the seeds.  He doesn't behave like he has an upset stomach or anything but it definitely isn't worth extra-long walks where nothing happens, as well as being woken up in the middle of the night to go on extra walks to also have nothing happen.  Will not be buying these again.","https://www.amazon.com/ap/signin?openid.return_to=https%3A%2F%2Fwww.amazon.com%2FGet-Naked-Grain-Dental-Sticks%2Fproduct-reviews%2FB01JONKI9Q%2Fref%3Dcm_cr_getr_d_vote_lft%3Fie%3DUTF8%26pageSize%3D10%26csrfT%3DhEsJt0JmNxDJ%252Bqyhi9QP0rGtnEvRKtAhu%252Fuf9UKzzcCVAAAAAGXT1IcAAAAB%26reviewId%3DRIQLO58VBNGZU&openid.identity=http%3A%2F%2Fspecs.openid.net%2Fauth%2F2.0%2Fidentifier_select&openid.assoc_handle=usflex&openid.mode=checkid_setup&marketPlaceId=ATVPDKIKX0DER&language=en&openid.claimed_id=http%3A%2F%2Fspecs.openid.net%2Fauth%2F2.0%2Fidentifier_select&openid.ns=http%3A%2F%2Fspecs.openid.net%2Fauth%2F2.0","Helpful","Report","https://www.amazon.com/hz/reviews-render/report-review?ie=UTF8&ref=cm_cr_getr_d_rvw_hlp&csrfT=hEsJt0JmNxDJ%2Bqyhi9QP0rGtnEvRKtAhu%2Fuf9UKzzcCVAAAAAGXT1IcAAAAB&reviewId=RIQLO58VBNGZU","Showing  comments","0","There was a problem loading comments right now. Please try again later.","",""
"https://www.amazon.com/gp/profile/amzn1.account.AE3FMT5FP336GVHCKS57RM5OBXXQ/ref=cm_cr_getr_d_gw_btm?ie=UTF8","https://images-na.ssl-images-amazon.com/images/S/amazon-avatars-global/default._CR0,0,1024,1024_SX48_.png","<img src=""https://images-na.ssl-images-amazon.com/images/S/amazon-avatars-global/default._CR0,0,1024,1024_SX48_.png""/>","Danniel","https://www.amazon.com/gp/customer-reviews/R3475CUWS4F789/ref=cm_cr_getr_d_rvw_ttl?ie=UTF8&ASIN=B01JONKI9Q","5.0 out of 5 stars","Doggo treats","Reviewed in the United States on July 4, 2020","https://www.amazon.com/gp/help/customer/display.html/ref=cm_cr_dp_d_rvw_avp?nodeId=G75XTB7MBMBTXP6W","Verified Purchase","Dog likes em","https://www.amazon.com/ap/signin?openid.return_to=https%3A%2F%2Fwww.amazon.com%2FGet-Naked-Grain-Dental-Sticks%2Fproduct-reviews%2FB01JONKI9Q%2Fref%3Dcm_cr_getr_d_vote_lft%3Fie%3DUTF8%26pageSize%3D10%26csrfT%3DhB8ZTbxBFbqgFw3%252BgJktAtMZUOzAo5DOPYKb5Umtj5sEAAAAAGXT1IcAAAAB%26reviewId%3DR3475CUWS4F789&openid.identity=http%3A%2F%2Fspecs.openid.net%2Fauth%2F2.0%2Fidentifier_select&openid.assoc_handle=usflex&openid.mode=checkid_setup&marketPlaceId=ATVPDKIKX0DER&language=en&openid.claimed_id=http%3A%2F%2Fspecs.openid.net%2Fauth%2F2.0%2Fidentifier_select&openid.ns=http%3A%2F%2Fspecs.openid.net%2Fauth%2F2.0","Helpful","Report","https://www.amazon.com/hz/reviews-render/report-review?ie=UTF8&ref=cm_cr_getr_d_rvw_hlp&csrfT=hB8ZTbxBFbqgFw3%2BgJktAtMZUOzAo5DOPYKb5Umtj5sEAAAAAGXT1IcAAAAB&reviewId=R3475CUWS4F789","Showing  comments","0","There was a problem loading comments right now. Please try again later.","",""
"https://www.amazon.com/gp/profile/amzn1.account.AGVJMMQJKY3SAWBX3BYGYWOW467Q/ref=cm_cr_getr_d_gw_btm?ie=UTF8","https://images-na.ssl-images-amazon.com/images/S/amazon-avatars-global/default._CR0,0,1024,1024_SX48_.png","<img src=""https://images-na.ssl-images-amazon.com/images/S/amazon-avatars-global/default._CR0,0,1024,1024_SX48_.png""/>","Jon","https://www.amazon.com/gp/customer-reviews/R1DROY7VUQJULB/ref=cm_cr_getr_d_rvw_ttl?ie=UTF8&ASIN=B01JONKI9Q","1.0 out of 5 stars","Made both dogs sick","Reviewed in the United States on May 17, 2019","https://www.amazon.com/gp/help/customer/display.html/ref=cm_cr_dp_d_rvw_avp?nodeId=G75XTB7MBMBTXP6W","Verified Purchase","We have two golden retrievers.  We gave these to them, the first one got sick 9 times.  We weren't sure if it was these, so we tried a second day, our bigger one got sick again and our smaller one got sick 5 times.  We removed these from the diet and the dogs were 100% fine.  Both dogs rarely get sick, but our bigger one, has only got sick once in his life, and this was the worst. Won't purchase these or anything from this brand again.","https://www.amazon.com/ap/signin?openid.return_to=https%3A%2F%2Fwww.amazon.com%2FGet-Naked-Grain-Dental-Sticks%2Fproduct-reviews%2FB01JONKI9Q%2Fref%3Dcm_cr_getr_d_vote_lft%3Fie%3DUTF8%26pageSize%3D10%26csrfT%3DhEyiVXzCSvRrSbdmIsa0pe0Yqx4AnnpEm5EusfR1i19yAAAAAGXT1IcAAAAB%26reviewId%3DR1DROY7VUQJULB&openid.identity=http%3A%2F%2Fspecs.openid.net%2Fauth%2F2.0%2Fidentifier_select&openid.assoc_handle=usflex&openid.mode=checkid_setup&marketPlaceId=ATVPDKIKX0DER&language=en&openid.claimed_id=http%3A%2F%2Fspecs.openid.net%2Fauth%2F2.0%2Fidentifier_select&openid.ns=http%3A%2F%2Fspecs.openid.net%2Fauth%2F2.0","Helpful","Report","https://www.amazon.com/hz/reviews-render/report-review?ie=UTF8&ref=cm_cr_getr_d_rvw_hlp&csrfT=hEyiVXzCSvRrSbdmIsa0pe0Yqx4AnnpEm5EusfR1i19yAAAAAGXT1IcAAAAB&reviewId=R1DROY7VUQJULB","Showing  comments","0","There was a problem loading comments right now. Please try again later.","",""
"https://www.amazon.com/gp/profile/amzn1.account.AGOCAKNKZLJ4M22J6P5NQUHSDXRA/ref=cm_cr_getr_d_gw_btm?ie=UTF8","","<img src=""https://images-na.ssl-images-amazon.com/images/S/amazon-avatars/default._CR0,0,1024,1024_SX48_.png""/>","sandy","https://www.amazon.com/gp/customer-reviews/R3VK8XSTJRV6HU/ref=cm_cr_getr_d_rvw_ttl?ie=UTF8&ASIN=B01JONKI9Q","5.0 out of 5 stars","Five Stars","Reviewed in the United States on February 24, 2018","https://www.amazon.com/gp/help/customer/display.html/ref=cm_cr_dp_d_rvw_avp?nodeId=G75XTB7MBMBTXP6W","Verified Purchase","My dog loves these and they help keep her teeth clean.","https://www.amazon.com/ap/signin?openid.return_to=https%3A%2F%2Fwww.amazon.com%2FGet-Naked-Grain-Dental-Sticks%2Fproduct-reviews%2FB01JONKI9Q%2Fref%3Dcm_cr_getr_d_vote_lft%3Fie%3DUTF8%26pageSize%3D10%26csrfT%3DhFl1BPnOJWlFWlSZ%252BKZfhutuv4e3E47ru2QHhYLw1Q%252F%252FAAAAAGXT1IcAAAAB%26reviewId%3DR3VK8XSTJRV6HU&openid.identity=http%3A%2F%2Fspecs.openid.net%2Fauth%2F2.0%2Fidentifier_select&openid.assoc_handle=usflex&openid.mode=checkid_setup&marketPlaceId=ATVPDKIKX0DER&language=en&openid.claimed_id=http%3A%2F%2Fspecs.openid.net%2Fauth%2F2.0%2Fidentifier_select&openid.ns=http%3A%2F%2Fspecs.openid.net%2Fauth%2F2.0","Helpful","Report","https://www.amazon.com/hz/reviews-render/report-review?ie=UTF8&ref=cm_cr_getr_d_rvw_hlp&csrfT=hFl1BPnOJWlFWlSZ%2BKZfhutuv4e3E47ru2QHhYLw1Q%2F%2FAAAAAGXT1IcAAAAB&reviewId=R3VK8XSTJRV6HU","Showing  comments","0","There was a problem loading comments right now. Please try again later.","https://images-na.ssl-images-amazon.com/images/G/01/x-locale/common/grey-pixel.gif",""
"https://www.amazon.com/gp/profile/amzn1.account.AGJCJ5T6526DMHL3OBDLBWDLNKXQ/ref=cm_cr_getr_d_gw_btm?ie=UTF8","","<img src=""https://images-na.ssl-images-amazon.com/images/S/amazon-avatars-global/default._CR0,0,1024,1024_SX48_.png""/>","C. Salazar","https://www.amazon.com/gp/customer-reviews/R2TUPRS4SQSHQM/ref=cm_cr_getr_d_rvw_ttl?ie=UTF8&ASIN=B01JONKI9Q","5.0 out of 5 stars","Five Stars","Reviewed in the United States on July 28, 2018","https://www.amazon.com/gp/help/customer/display.html/ref=cm_cr_dp_d_rvw_avp?nodeId=G75XTB7MBMBTXP6W","Verified Purchase","Great Healthy Ingredient Pet Product @ Good Price!","https://www.amazon.com/ap/signin?openid.return_to=https%3A%2F%2Fwww.amazon.com%2FGet-Naked-Grain-Dental-Sticks%2Fproduct-reviews%2FB01JONKI9Q%2Fref%3Dcm_cr_getr_d_vote_lft%3Fie%3DUTF8%26pageSize%3D10%26csrfT%3DhImvYOO1Lqy56fXLAbyDaRhnrajgNlJha4CW1iXxQwqVAAAAAGXT1IcAAAAB%26reviewId%3DR2TUPRS4SQSHQM&openid.identity=http%3A%2F%2Fspecs.openid.net%2Fauth%2F2.0%2Fidentifier_select&openid.assoc_handle=usflex&openid.mode=checkid_setup&marketPlaceId=ATVPDKIKX0DER&language=en&openid.claimed_id=http%3A%2F%2Fspecs.openid.net%2Fauth%2F2.0%2Fidentifier_select&openid.ns=http%3A%2F%2Fspecs.openid.net%2Fauth%2F2.0","Helpful","Report","https://www.amazon.com/hz/reviews-render/report-review?ie=UTF8&ref=cm_cr_getr_d_rvw_hlp&csrfT=hImvYOO1Lqy56fXLAbyDaRhnrajgNlJha4CW1iXxQwqVAAAAAGXT1IcAAAAB&reviewId=R2TUPRS4SQSHQM","Showing  comments","0","There was a problem loading comments right now. Please try again later.","https://images-na.ssl-images-amazon.com/images/G/01/x-locale/common/grey-pixel.gif",""
"https://www.amazon.com/gp/profile/amzn1.account.AEEV7XNA7I7YSLTQRIBAZZJPTHRA/ref=cm_cr_getr_d_gw_btm?ie=UTF8","","<img src=""https://images-na.ssl-images-amazon.com/images/S/amazon-avatars-global/default._CR0,0,1024,1024_SX48_.png""/>","Amazon Customer","https://www.amazon.com/gp/customer-reviews/RYOG47RD9R0LX/ref=cm_cr_getr_d_rvw_ttl?ie=UTF8&ASIN=B01JONKI9Q","1.0 out of 5 stars","Not Sourced in US","Reviewed in the United States on November 6, 2021","https://www.amazon.com/gp/help/customer/display.html/ref=cm_cr_dp_d_rvw_avp?nodeId=G75XTB7MBMBTXP6W","Verified Purchase","My dogs like this product BUT it’s made with globally sourced products (likely China). I will not buy again. It’s deceiving with the US flag in the upper right corner. You have to read the fine print","https://www.amazon.com/ap/signin?openid.return_to=https%3A%2F%2Fwww.amazon.com%2FGet-Naked-Grain-Dental-Sticks%2Fproduct-reviews%2FB01JONKI9Q%2Fref%3Dcm_cr_getr_d_vote_lft%3Fie%3DUTF8%26pageSize%3D10%26csrfT%3DhEisjm8sIkMJYtFHb%252FXf%252FQcDhaOlS5uwc8uwB9clQPdLAAAAAGXT1IcAAAAB%26reviewId%3DRYOG47RD9R0LX&openid.identity=http%3A%2F%2Fspecs.openid.net%2Fauth%2F2.0%2Fidentifier_select&openid.assoc_handle=usflex&openid.mode=checkid_setup&marketPlaceId=ATVPDKIKX0DER&language=en&openid.claimed_id=http%3A%2F%2Fspecs.openid.net%2Fauth%2F2.0%2Fidentifier_select&openid.ns=http%3A%2F%2Fspecs.openid.net%2Fauth%2F2.0","Helpful","Report","https://www.amazon.com/hz/reviews-render/report-review?ie=UTF8&ref=cm_cr_getr_d_rvw_hlp&csrfT=hEisjm8sIkMJYtFHb%2FXf%2FQcDhaOlS5uwc8uwB9clQPdLAAAAAGXT1IcAAAAB&reviewId=RYOG47RD9R0LX","Showing  comments","0","There was a problem loading comments right now. Please try again later.","https://images-na.ssl-images-amazon.com/images/G/01/x-locale/common/grey-pixel.gif",""
"https://www.amazon.com/gp/profile/amzn1.account.AELRKNKXM63U6UVRX3GHNTTNQIUQ/ref=cm_cr_getr_d_gw_btm?ie=UTF8","","<img src=""https://images-na.ssl-images-amazon.com/images/S/amazon-avatars-global/default._CR0,0,1024,1024_SX48_.png""/>","Angelique","https://www.amazon.com/gp/customer-reviews/R1AGHGF7WU1W5Z/ref=cm_cr_getr_d_rvw_ttl?ie=UTF8&ASIN=B01JONKI9Q","5.0 out of 5 stars","I love the fact that they contain healthy ingredients too","Reviewed in the United States on July 17, 2017","https://www.amazon.com/gp/help/customer/display.html/ref=cm_cr_dp_d_rvw_avp?nodeId=G75XTB7MBMBTXP6W","Verified Purchase","My dog loves these!!! I love the fact that they contain healthy ingredients too!","https://www.amazon.com/ap/signin?openid.return_to=https%3A%2F%2Fwww.amazon.com%2FGet-Naked-Grain-Dental-Sticks%2Fproduct-reviews%2FB01JONKI9Q%2Fref%3Dcm_cr_getr_d_vote_lft%3Fie%3DUTF8%26pageSize%3D10%26csrfT%3DhMCXSBDB94bO%252Fh11ztg2lNV9VUVJvFPF7FqXJN3ZfdCSAAAAAGXT1IcAAAAB%26reviewId%3DR1AGHGF7WU1W5Z&openid.identity=http%3A%2F%2Fspecs.openid.net%2Fauth%2F2.0%2Fidentifier_select&openid.assoc_handle=usflex&openid.mode=checkid_setup&marketPlaceId=ATVPDKIKX0DER&language=en&openid.claimed_id=http%3A%2F%2Fspecs.openid.net%2Fauth%2F2.0%2Fidentifier_select&openid.ns=http%3A%2F%2Fspecs.openid.net%2Fauth%2F2.0","Helpful","Report","https://www.amazon.com/hz/reviews-render/report-review?ie=UTF8&ref=cm_cr_getr_d_rvw_hlp&csrfT=hMCXSBDB94bO%2Fh11ztg2lNV9VUVJvFPF7FqXJN3ZfdCSAAAAAGXT1IcAAAAB&reviewId=R1AGHGF7WU1W5Z","Showing  comments","0","There was a problem loading comments right now. Please try again later.","https://images-na.ssl-images-amazon.com/images/G/01/x-locale/common/grey-pixel.gif",""
"https://www.amazon.com/gp/profile/amzn1.account.AECD2SIXNF5RMIG3T6UVQ5TZ5HRA/ref=cm_cr_getr_d_gw_btm?ie=UTF8","https://images-na.ssl-images-amazon.com/images/S/amazon-avatars-global/default._CR0,0,1024,1024_SX48_.png","<img src=""https://images-na.ssl-images-amazon.com/images/S/amazon-avatars-global/default._CR0,0,1024,1024_SX48_.png""/>","MKCCWESTBROOK","https://www.amazon.com/gp/customer-reviews/R2BG8TZR6J3PBL/ref=cm_cr_getr_d_rvw_ttl?ie=UTF8&ASIN=B01JONKI9Q","5.0 out of 5 stars","Tasty?¿","Reviewed in the United States on August 11, 2018","https://www.amazon.com/gp/help/customer/display.html/ref=cm_cr_dp_d_rvw_avp?nodeId=G75XTB7MBMBTXP6W","Verified Purchase","Dogs really seemed to enjoy them.","https://www.amazon.com/ap/signin?openid.return_to=https%3A%2F%2Fwww.amazon.com%2FGet-Naked-Grain-Dental-Sticks%2Fproduct-reviews%2FB01JONKI9Q%2Fref%3Dcm_cr_getr_d_vote_lft%3Fie%3DUTF8%26pageSize%3D10%26csrfT%3DhI6hn2r8YWQBKG1a0k%252FWXkGzFTcOEf7qOipTvkKfCPlOAAAAAGXT1IkAAAAB%26reviewId%3DR2BG8TZR6J3PBL&openid.identity=http%3A%2F%2Fspecs.openid.net%2Fauth%2F2.0%2Fidentifier_select&openid.assoc_handle=usflex&openid.mode=checkid_setup&marketPlaceId=ATVPDKIKX0DER&language=en&openid.claimed_id=http%3A%2F%2Fspecs.openid.net%2Fauth%2F2.0%2Fidentifier_select&openid.ns=http%3A%2F%2Fspecs.openid.net%2Fauth%2F2.0","Helpful","Report","https://www.amazon.com/hz/reviews-render/report-review?ie=UTF8&ref=cm_cr_getr_d_rvw_hlp&csrfT=hI6hn2r8YWQBKG1a0k%2FWXkGzFTcOEf7qOipTvkKfCPlOAAAAAGXT1IkAAAAB&reviewId=R2BG8TZR6J3PBL","Showing  comments","0","There was a problem loading comments right now. Please try again later.","",""
"https://www.amazon.com/gp/profile/amzn1.account.AGN563LMHFDYXD6XGTVWLVGJLAHA/ref=cm_cr_getr_d_gw_btm?ie=UTF8","https://images-na.ssl-images-amazon.com/images/S/amazon-avatars/default._CR0,0,1024,1024_SX48_.png","<img src=""https://images-na.ssl-images-amazon.com/images/S/amazon-avatars/default._CR0,0,1024,1024_SX48_.png""/>","Pamela Vershbow","https://www.amazon.com/gp/customer-reviews/R2CCCLTYHF2OFB/ref=cm_cr_getr_d_rvw_ttl?ie=UTF8&ASIN=B01JONKI9Q","5.0 out of 5 stars","Five Stars","Reviewed in the United States on March 31, 2018","https://www.amazon.com/gp/help/customer/display.html/ref=cm_cr_dp_d_rvw_avp?nodeId=G75XTB7MBMBTXP6W","Verified Purchase","DOG LOVES THEM AND THEY ARE HEALTHY!","https://www.amazon.com/ap/signin?openid.return_to=https%3A%2F%2Fwww.amazon.com%2FGet-Naked-Grain-Dental-Sticks%2Fproduct-reviews%2FB01JONKI9Q%2Fref%3Dcm_cr_getr_d_vote_lft%3Fie%3DUTF8%26pageSize%3D10%26csrfT%3DhK7DTd3hVXL%252FWgSk5VUVHiZ59aL21kao4ufQJu15Xdq%252BAAAAAGXT1IkAAAAB%26reviewId%3DR2CCCLTYHF2OFB&openid.identity=http%3A%2F%2Fspecs.openid.net%2Fauth%2F2.0%2Fidentifier_select&openid.assoc_handle=usflex&openid.mode=checkid_setup&marketPlaceId=ATVPDKIKX0DER&language=en&openid.claimed_id=http%3A%2F%2Fspecs.openid.net%2Fauth%2F2.0%2Fidentifier_select&openid.ns=http%3A%2F%2Fspecs.openid.net%2Fauth%2F2.0","Helpful","Report","https://www.amazon.com/hz/reviews-render/report-review?ie=UTF8&ref=cm_cr_getr_d_rvw_hlp&csrfT=hK7DTd3hVXL%2FWgSk5VUVHiZ59aL21kao4ufQJu15Xdq%2BAAAAAGXT1IkAAAAB&reviewId=R2CCCLTYHF2OFB","Showing  comments","0","There was a problem loading comments right now. Please try again later.","",""
"https://www.amazon.com/gp/profile/amzn1.account.AF3UIS7VUBCC22FQ62IBNJDRHA6Q/ref=cm_cr_getr_d_gw_btm?ie=UTF8","https://images-na.ssl-images-amazon.com/images/S/amazon-avatars-global/default._CR0,0,1024,1024_SX48_.png","<img src=""https://images-na.ssl-images-amazon.com/images/S/amazon-avatars-global/default._CR0,0,1024,1024_SX48_.png""/>","laurie","https://www.amazon.com/gp/customer-reviews/R2DUZL4GFLHYI/ref=cm_cr_getr_d_rvw_ttl?ie=UTF8&ASIN=B01JONKI9Q","5.0 out of 5 stars","Good dog","Reviewed in the United States on March 23, 2017","https://www.amazon.com/gp/help/customer/display.html/ref=cm_cr_dp_d_rvw_avp?nodeId=G75XTB7MBMBTXP6W","Verified Purchase","Dogs LOVE it and I feel good giving it to them.","https://www.amazon.com/ap/signin?openid.return_to=https%3A%2F%2Fwww.amazon.com%2FGet-Naked-Grain-Dental-Sticks%2Fproduct-reviews%2FB01JONKI9Q%2Fref%3Dcm_cr_getr_d_vote_lft%3Fie%3DUTF8%26pageSize%3D10%26csrfT%3DhAhDoClD5dtHKSIDwhhz1Z7k%252B9Y1G9VvXnH23D%252BEECl0AAAAAGXT1IkAAAAB%26reviewId%3DR2DUZL4GFLHYI&openid.identity=http%3A%2F%2Fspecs.openid.net%2Fauth%2F2.0%2Fidentifier_select&openid.assoc_handle=usflex&openid.mode=checkid_setup&marketPlaceId=ATVPDKIKX0DER&language=en&openid.claimed_id=http%3A%2F%2Fspecs.openid.net%2Fauth%2F2.0%2Fidentifier_select&openid.ns=http%3A%2F%2Fspecs.openid.net%2Fauth%2F2.0","Helpful","Report","https://www.amazon.com/hz/reviews-render/report-review?ie=UTF8&ref=cm_cr_getr_d_rvw_hlp&csrfT=hAhDoClD5dtHKSIDwhhz1Z7k%2B9Y1G9VvXnH23D%2BEECl0AAAAAGXT1IkAAAAB&reviewId=R2DUZL4GFLHYI","Showing  comments","0","There was a problem loading comments right now. Please try again later.","",""
"https://www.amazon.com/gp/profile/amzn1.account.AEUHO4OVTG74XGB5QE2D2O2TE4DA/ref=cm_cr_getr_d_gw_btm?ie=UTF8","https://images-na.ssl-images-amazon.com/images/S/amazon-avatars-global/3673c318-a97e-44be-aa34-003c403397bd._CR21,0,1066,1066_SX48_.jpg","<img src=""https://images-na.ssl-images-amazon.com/images/S/amazon-avatars-global/3673c318-a97e-44be-aa34-003c403397bd._CR21,0,1066,1066_SX48_.jpg""/>","SouthernAmazoner","https://www.amazon.com/gp/customer-reviews/R2ZMUVR7NUW0AL/ref=cm_cr_getr_d_rvw_ttl?ie=UTF8&ASIN=B01JONKI9Q","5.0 out of 5 stars","Terrific","Reviewed in the United States on December 5, 2016","https://www.amazon.com/gp/help/customer/display.html/ref=cm_cr_dp_d_rvw_avp?nodeId=G75XTB7MBMBTXP6W","Verified Purchase","Excellent, grain free treat that's healthy.  My pup loves these.","https://www.amazon.com/ap/signin?openid.return_to=https%3A%2F%2Fwww.amazon.com%2FGet-Naked-Grain-Dental-Sticks%2Fproduct-reviews%2FB01JONKI9Q%2Fref%3Dcm_cr_getr_d_vote_lft%3Fie%3DUTF8%26pageSize%3D10%26csrfT%3DhAhaY57D8gU5%252F34hsUQRbbKeP8QRF35vo5c6ARarh2V0AAAAAGXT1IkAAAAB%26reviewId%3DR2ZMUVR7NUW0AL&openid.identity=http%3A%2F%2Fspecs.openid.net%2Fauth%2F2.0%2Fidentifier_select&openid.assoc_handle=usflex&openid.mode=checkid_setup&marketPlaceId=ATVPDKIKX0DER&language=en&openid.claimed_id=http%3A%2F%2Fspecs.openid.net%2Fauth%2F2.0%2Fidentifier_select&openid.ns=http%3A%2F%2Fspecs.openid.net%2Fauth%2F2.0","Helpful","Report","https://www.amazon.com/hz/reviews-render/report-review?ie=UTF8&ref=cm_cr_getr_d_rvw_hlp&csrfT=hAhaY57D8gU5%2F34hsUQRbbKeP8QRF35vo5c6ARarh2V0AAAAAGXT1IkAAAAB&reviewId=R2ZMUVR7NUW0AL","Showing  comments","0","There was a problem loading comments right now. Please try again later.","",""
"https://www.amazon.com/gp/profile/amzn1.account.AHH5EXCISPTGUGNVK6ARNSKRBM5Q/ref=cm_cr_getr_d_gw_btm?ie=UTF8","https://images-na.ssl-images-amazon.com/images/S/amazon-avatars-global/default._CR0,0,1024,1024_SX48_.png","<img src=""https://images-na.ssl-images-amazon.com/images/S/amazon-avatars-global/default._CR0,0,1024,1024_SX48_.png""/>","mollie d","https://www.amazon.com/gp/customer-reviews/R23DRPS1IW09XL/ref=cm_cr_getr_d_rvw_ttl?ie=UTF8&ASIN=B01JONKI9Q","5.0 out of 5 stars","exellent product!","Reviewed in the United States on October 8, 2017","https://www.amazon.com/gp/help/customer/display.html/ref=cm_cr_dp_d_rvw_avp?nodeId=G75XTB7MBMBTXP6W","Verified Purchase","Dogs love it- good stuff!!","https://www.amazon.com/ap/signin?openid.return_to=https%3A%2F%2Fwww.amazon.com%2FGet-Naked-Grain-Dental-Sticks%2Fproduct-reviews%2FB01JONKI9Q%2Fref%3Dcm_cr_getr_d_vote_lft%3Fie%3DUTF8%26pageSize%3D10%26csrfT%3DhDoXAIEGpJcITdX9r4lRQp7GfrfFoSQpI2Utt26ZrZh7AAAAAGXT1IkAAAAB%26reviewId%3DR23DRPS1IW09XL&openid.identity=http%3A%2F%2Fspecs.openid.net%2Fauth%2F2.0%2Fidentifier_select&openid.assoc_handle=usflex&openid.mode=checkid_setup&marketPlaceId=ATVPDKIKX0DER&language=en&openid.claimed_id=http%3A%2F%2Fspecs.openid.net%2Fauth%2F2.0%2Fidentifier_select&openid.ns=http%3A%2F%2Fspecs.openid.net%2Fauth%2F2.0","Helpful","Report","https://www.amazon.com/hz/reviews-render/report-review?ie=UTF8&ref=cm_cr_getr_d_rvw_hlp&csrfT=hDoXAIEGpJcITdX9r4lRQp7GfrfFoSQpI2Utt26ZrZh7AAAAAGXT1IkAAAAB&reviewId=R23DRPS1IW09XL","Showing  comments","0","There was a problem loading comments right now. Please try again later.","",""
"https://www.amazon.com/gp/profile/amzn1.account.AEJX4C53HYZUI6CUVTCFLH52EDCA/ref=cm_cr_getr_d_gw_btm?ie=UTF8","https://images-na.ssl-images-amazon.com/images/S/amazon-avatars-global/default._CR0,0,1024,1024_SX48_.png","<img src=""https://images-na.ssl-images-amazon.com/images/S/amazon-avatars-global/default._CR0,0,1024,1024_SX48_.png""/>","S. E. Anton","https://www.amazon.com/gp/customer-reviews/R3HSP0EJ2AKCG2/ref=cm_cr_getr_d_rvw_ttl?ie=UTF8&ASIN=B01JONKI9Q","5.0 out of 5 stars","Five Stars","Reviewed in the United States on October 18, 2017","https://www.amazon.com/gp/help/customer/display.html/ref=cm_cr_dp_d_rvw_avp?nodeId=G75XTB7MBMBTXP6W","Verified Purchase","My dog loves these.","https://www.amazon.com/ap/signin?openid.return_to=https%3A%2F%2Fwww.amazon.com%2FGet-Naked-Grain-Dental-Sticks%2Fproduct-reviews%2FB01JONKI9Q%2Fref%3Dcm_cr_getr_d_vote_lft%3Fie%3DUTF8%26pageSize%3D10%26csrfT%3DhL%252Fy4IhcFDegP74NHZAblqkTYDfS4abjySx92adh6UdKAAAAAGXT1IkAAAAB%26reviewId%3DR3HSP0EJ2AKCG2&openid.identity=http%3A%2F%2Fspecs.openid.net%2Fauth%2F2.0%2Fidentifier_select&openid.assoc_handle=usflex&openid.mode=checkid_setup&marketPlaceId=ATVPDKIKX0DER&language=en&openid.claimed_id=http%3A%2F%2Fspecs.openid.net%2Fauth%2F2.0%2Fidentifier_select&openid.ns=http%3A%2F%2Fspecs.openid.net%2Fauth%2F2.0","Helpful","Report","https://www.amazon.com/hz/reviews-render/report-review?ie=UTF8&ref=cm_cr_getr_d_rvw_hlp&csrfT=hL%2Fy4IhcFDegP74NHZAblqkTYDfS4abjySx92adh6UdKAAAAAGXT1IkAAAAB&reviewId=R3HSP0EJ2AKCG2","Showing  comments","0","There was a problem loading comments right now. Please try again later.","",""
"https://www.amazon.com/gp/profile/amzn1.account.AHZVDCF522TSIO6KFMWDC2EKO62Q/ref=cm_cr_getr_d_gw_btm?ie=UTF8","","<img src=""https://images-na.ssl-images-amazon.com/images/S/amazon-avatars-global/default._CR0,0,1024,1024_SX48_.png""/>","inna","https://www.amazon.com/gp/customer-reviews/R1Z3O7WNS4LVH/ref=cm_cr_getr_d_rvw_ttl?ie=UTF8&ASIN=B01JONKI9Q","5.0 out of 5 stars","Five Stars","Reviewed in the United States on July 21, 2017","https://www.amazon.com/gp/help/customer/display.html/ref=cm_cr_dp_d_rvw_avp?nodeId=G75XTB7MBMBTXP6W","Verified Purchase","my dog really love it!","https://www.amazon.com/ap/signin?openid.return_to=https%3A%2F%2Fwww.amazon.com%2FGet-Naked-Grain-Dental-Sticks%2Fproduct-reviews%2FB01JONKI9Q%2Fref%3Dcm_cr_getr_d_vote_lft%3Fie%3DUTF8%26pageSize%3D10%26csrfT%3DhH901cs0r8F5NzVmJqFQCI0GdDzgJnM3N6kJ1wZOLBnNAAAAAGXT1IkAAAAB%26reviewId%3DR1Z3O7WNS4LVH&openid.identity=http%3A%2F%2Fspecs.openid.net%2Fauth%2F2.0%2Fidentifier_select&openid.assoc_handle=usflex&openid.mode=checkid_setup&marketPlaceId=ATVPDKIKX0DER&language=en&openid.claimed_id=http%3A%2F%2Fspecs.openid.net%2Fauth%2F2.0%2Fidentifier_select&openid.ns=http%3A%2F%2Fspecs.openid.net%2Fauth%2F2.0","Helpful","Report","https://www.amazon.com/hz/reviews-render/report-review?ie=UTF8&ref=cm_cr_getr_d_rvw_hlp&csrfT=hH901cs0r8F5NzVmJqFQCI0GdDzgJnM3N6kJ1wZOLBnNAAAAAGXT1IkAAAAB&reviewId=R1Z3O7WNS4LVH","Showing  comments","0","There was a problem loading comments right now. Please try again later.","https://images-na.ssl-images-amazon.com/images/G/01/x-locale/common/grey-pixel.gif",""
"https://www.amazon.com/gp/profile/amzn1.account.AETZS3GH64MYFMZMBIE5VTDH2CUA/ref=cm_cr_getr_d_gw_btm?ie=UTF8","","<img src=""https://images-na.ssl-images-amazon.com/images/S/amazon-avatars-global/default._CR0,0,1024,1024_SX48_.png""/>","Terra Prima","https://www.amazon.com/gp/customer-reviews/RTMUO4Q2ISQTR/ref=cm_cr_getr_d_rvw_ttl?ie=UTF8&ASIN=B01JONKI9Q","5.0 out of 5 stars","Great alternative to undigestible rawhides","Reviewed in the United States on April 11, 2017","https://www.amazon.com/gp/help/customer/display.html/ref=cm_cr_dp_d_rvw_avp?nodeId=G75XTB7MBMBTXP6W","Verified Purchase","My dogs love these","https://www.amazon.com/ap/signin?openid.return_to=https%3A%2F%2Fwww.amazon.com%2FGet-Naked-Grain-Dental-Sticks%2Fproduct-reviews%2FB01JONKI9Q%2Fref%3Dcm_cr_getr_d_vote_lft%3Fie%3DUTF8%26pageSize%3D10%26csrfT%3DhOUDUFfNy7o%252FY2rH8PAaskwPjnEoq%252FWALCGd4JWXJLLaAAAAAGXT1IkAAAAB%26reviewId%3DRTMUO4Q2ISQTR&openid.identity=http%3A%2F%2Fspecs.openid.net%2Fauth%2F2.0%2Fidentifier_select&openid.assoc_handle=usflex&openid.mode=checkid_setup&marketPlaceId=ATVPDKIKX0DER&language=en&openid.claimed_id=http%3A%2F%2Fspecs.openid.net%2Fauth%2F2.0%2Fidentifier_select&openid.ns=http%3A%2F%2Fspecs.openid.net%2Fauth%2F2.0","Helpful","Report","https://www.amazon.com/hz/reviews-render/report-review?ie=UTF8&ref=cm_cr_getr_d_rvw_hlp&csrfT=hOUDUFfNy7o%2FY2rH8PAaskwPjnEoq%2FWALCGd4JWXJLLaAAAAAGXT1IkAAAAB&reviewId=RTMUO4Q2ISQTR","Showing  comments","0","There was a problem loading comments right now. Please try again later.","https://images-na.ssl-images-amazon.com/images/G/01/x-locale/common/grey-pixel.gif",""
"https://www.amazon.com/gp/profile/amzn1.account.AEGHJAASO4MRBIA3INHNB3AKDZMA/ref=cm_cr_getr_d_gw_btm?ie=UTF8","","<img src=""https://images-na.ssl-images-amazon.com/images/S/amazon-avatars-global/4edf7b39-b3f8-4b99-8c10-8169e438eaf2._CR516,0,3096,3096_SX48_.jpg""/>","Treasureit","https://www.amazon.com/gp/customer-reviews/RL5R5W90L02CI/ref=cm_cr_getr_d_rvw_ttl?ie=UTF8&ASIN=B01JONKI9Q","5.0 out of 5 stars","Westie loves them.","Reviewed in the United States on April 30, 2017","https://www.amazon.com/gp/help/customer/display.html/ref=cm_cr_dp_d_rvw_avp?nodeId=G75XTB7MBMBTXP6W","Verified Purchase","Westie loves them.","https://www.amazon.com/ap/signin?openid.return_to=https%3A%2F%2Fwww.amazon.com%2FGet-Naked-Grain-Dental-Sticks%2Fproduct-reviews%2FB01JONKI9Q%2Fref%3Dcm_cr_getr_d_vote_lft%3Fie%3DUTF8%26pageSize%3D10%26csrfT%3DhCxbajmdCTIuQuUQ8VO8mFyzuMISqichMQvRR5Pu69lWAAAAAGXT1IkAAAAB%26reviewId%3DRL5R5W90L02CI&openid.identity=http%3A%2F%2Fspecs.openid.net%2Fauth%2F2.0%2Fidentifier_select&openid.assoc_handle=usflex&openid.mode=checkid_setup&marketPlaceId=ATVPDKIKX0DER&language=en&openid.claimed_id=http%3A%2F%2Fspecs.openid.net%2Fauth%2F2.0%2Fidentifier_select&openid.ns=http%3A%2F%2Fspecs.openid.net%2Fauth%2F2.0","Helpful","Report","https://www.amazon.com/hz/reviews-render/report-review?ie=UTF8&ref=cm_cr_getr_d_rvw_hlp&csrfT=hCxbajmdCTIuQuUQ8VO8mFyzuMISqichMQvRR5Pu69lWAAAAAGXT1IkAAAAB&reviewId=RL5R5W90L02CI","Showing  comments","0","There was a problem loading comments right now. Please try again later.","https://images-na.ssl-images-amazon.com/images/G/01/x-locale/common/grey-pixel.gif",""
"https://www.amazon.com/gp/profile/amzn1.account.AEHJ63EJSSVHKKDLZOK6R4IUYKVQ/ref=cm_cr_getr_d_gw_btm?ie=UTF8","","<img src=""https://images-na.ssl-images-amazon.com/images/S/amazon-avatars-global/default._CR0,0,1024,1024_SX48_.png""/>","Amazon Customer","https://www.amazon.com/gp/customer-reviews/RRH20AZ3YB7JN/ref=cm_cr_getr_d_rvw_ttl?ie=UTF8&ASIN=B01JONKI9Q","5.0 out of 5 stars","Five Stars","Reviewed in the United States on January 5, 2017","https://www.amazon.com/gp/help/customer/display.html/ref=cm_cr_dp_d_rvw_avp?nodeId=G75XTB7MBMBTXP6W","Verified Purchase","Very good","https://www.amazon.com/ap/signin?openid.return_to=https%3A%2F%2Fwww.amazon.com%2FGet-Naked-Grain-Dental-Sticks%2Fproduct-reviews%2FB01JONKI9Q%2Fref%3Dcm_cr_getr_d_vote_lft%3Fie%3DUTF8%26pageSize%3D10%26csrfT%3DhOdC7AJWDquDK8jdQr4U6sINKlTlbS8YRIcUd8zdmLgDAAAAAGXT1IkAAAAB%26reviewId%3DRRH20AZ3YB7JN&openid.identity=http%3A%2F%2Fspecs.openid.net%2Fauth%2F2.0%2Fidentifier_select&openid.assoc_handle=usflex&openid.mode=checkid_setup&marketPlaceId=ATVPDKIKX0DER&language=en&openid.claimed_id=http%3A%2F%2Fspecs.openid.net%2Fauth%2F2.0%2Fidentifier_select&openid.ns=http%3A%2F%2Fspecs.openid.net%2Fauth%2F2.0","Helpful","Report","https://www.amazon.com/hz/reviews-render/report-review?ie=UTF8&ref=cm_cr_getr_d_rvw_hlp&csrfT=hOdC7AJWDquDK8jdQr4U6sINKlTlbS8YRIcUd8zdmLgDAAAAAGXT1IkAAAAB&reviewId=RRH20AZ3YB7JN","Showing  comments","0","There was a problem loading comments right now. Please try again later.","https://images-na.ssl-images-amazon.com/images/G/01/x-locale/common/grey-pixel.gif",""
"https://www.amazon.com/gp/profile/amzn1.account.AFN73C6AATWAKMEFXL23WWJEXZMQ/ref=cm_cr_getr_d_gw_btm?ie=UTF8","https://images-na.ssl-images-amazon.com/images/S/amazon-avatars-global/default._CR0,0,1024,1024_SX48_.png","<img src=""https://images-na.ssl-images-amazon.com/images/S/amazon-avatars-global/default._CR0,0,1024,1024_SX48_.png""/>","loveterriers","https://www.amazon.com/gp/customer-reviews/R2QMUQFGJW4X5Z/ref=cm_cr_getr_d_rvw_ttl?ie=UTF8&ASIN=B01JONKI9Q","5.0 out of 5 stars","My terrier LOVES This Product!","Reviewed in the United States on December 16, 2022","","","Great for pups with sensitive gut!","https://www.amazon.com/ap/signin?openid.return_to=https%3A%2F%2Fwww.amazon.com%2FGet-Naked-Grain-Dental-Sticks%2Fproduct-reviews%2FB01JONKI9Q%2Fref%3Dcm_cr_getr_d_vote_lft%3Fie%3DUTF8%26pageSize%3D10%26csrfT%3DhLnwR9MRzZuldLFtamL9Hh201cFY7Pme2pSrsj0CCH5jAAAAAGXT1IsAAAAB%26reviewId%3DR2QMUQFGJW4X5Z&openid.identity=http%3A%2F%2Fspecs.openid.net%2Fauth%2F2.0%2Fidentifier_select&openid.assoc_handle=usflex&openid.mode=checkid_setup&marketPlaceId=ATVPDKIKX0DER&language=en&openid.claimed_id=http%3A%2F%2Fspecs.openid.net%2Fauth%2F2.0%2Fidentifier_select&openid.ns=http%3A%2F%2Fspecs.openid.net%2Fauth%2F2.0","Helpful","Report","https://www.amazon.com/hz/reviews-render/report-review?ie=UTF8&ref=cm_cr_getr_d_rvw_hlp&csrfT=hLnwR9MRzZuldLFtamL9Hh201cFY7Pme2pSrsj0CCH5jAAAAAGXT1IsAAAAB&reviewId=R2QMUQFGJW4X5Z","Showing  comments","0","There was a problem loading comments right now. Please try again later.","",""
"https://www.amazon.com/gp/profile/amzn1.account.AHT4S6MHHXFE54IYAS7DMYUDM54A/ref=cm_cr_getr_d_gw_btm?ie=UTF8","https://images-na.ssl-images-amazon.com/images/S/amazon-avatars-global/default._CR0,0,1024,1024_SX48_.png","<img src=""https://images-na.ssl-images-amazon.com/images/S/amazon-avatars-global/default._CR0,0,1024,1024_SX48_.png""/>","Ari K","https://www.amazon.com/gp/customer-reviews/R24P49RT3103CC/ref=cm_cr_getr_d_rvw_ttl?ie=UTF8&ASIN=B01JONKI9Q","5.0 out of 5 stars","Didn't last long","Reviewed in the United States on December 18, 2018","","","This is a fair price for what you get. The dog liked them. He's a power chewer so it lasted less than 5 minutes. Didn't give him gas or anything weird like that. probably would repurchase. I like that they are made in America i do not trust food from China. They have poor quality control and regulations. So i only buy treats and toys from the USA","https://www.amazon.com/ap/signin?openid.return_to=https%3A%2F%2Fwww.amazon.com%2FGet-Naked-Grain-Dental-Sticks%2Fproduct-reviews%2FB01JONKI9Q%2Fref%3Dcm_cr_getr_d_vote_lft%3Fie%3DUTF8%26pageSize%3D10%26csrfT%3DhI%252BjQiKq%252Bygashf8XrE0YTud7JQJyLbkHxXQ0qaTBlycAAAAAGXT1IsAAAAB%26reviewId%3DR24P49RT3103CC&openid.identity=http%3A%2F%2Fspecs.openid.net%2Fauth%2F2.0%2Fidentifier_select&openid.assoc_handle=usflex&openid.mode=checkid_setup&marketPlaceId=ATVPDKIKX0DER&language=en&openid.claimed_id=http%3A%2F%2Fspecs.openid.net%2Fauth%2F2.0%2Fidentifier_select&openid.ns=http%3A%2F%2Fspecs.openid.net%2Fauth%2F2.0","Helpful","Report","https://www.amazon.com/hz/reviews-render/report-review?ie=UTF8&ref=cm_cr_getr_d_rvw_hlp&csrfT=hI%2BjQiKq%2Bygashf8XrE0YTud7JQJyLbkHxXQ0qaTBlycAAAAAGXT1IsAAAAB&reviewId=R24P49RT3103CC","Showing  comments","0","There was a problem loading comments right now. Please try again later.","",""
"https://www.amazon.com/gp/profile/amzn1.account.AH2GSKFP5Q4754Z2GWNH2GFPZMKA/ref=cm_cr_getr_d_gw_btm?ie=UTF8","https://images-na.ssl-images-amazon.com/images/S/amazon-avatars-global/default._CR0,0,1024,1024_SX48_.png","<img src=""https://images-na.ssl-images-amazon.com/images/S/amazon-avatars-global/default._CR0,0,1024,1024_SX48_.png""/>","2dogsandacrochethook","https://www.amazon.com/gp/customer-reviews/R3RSX0MT2QLO4U/ref=cm_cr_getr_d_rvw_ttl?ie=UTF8&ASIN=B01JONKI9Q","5.0 out of 5 stars","Healthy and tasty.","Reviewed in the United States on July 24, 2017","","","Good ingredients and even my picky dog likes them!","https://www.amazon.com/ap/signin?openid.return_to=https%3A%2F%2Fwww.amazon.com%2FGet-Naked-Grain-Dental-Sticks%2Fproduct-reviews%2FB01JONKI9Q%2Fref%3Dcm_cr_getr_d_vote_lft%3Fie%3DUTF8%26pageSize%3D10%26csrfT%3DhPLLODstPRwXZkgV71ixHBeFT%252Fb88xv4xDsCxT80KbSoAAAAAGXT1IsAAAAB%26reviewId%3DR3RSX0MT2QLO4U&openid.identity=http%3A%2F%2Fspecs.openid.net%2Fauth%2F2.0%2Fidentifier_select&openid.assoc_handle=usflex&openid.mode=checkid_setup&marketPlaceId=ATVPDKIKX0DER&language=en&openid.claimed_id=http%3A%2F%2Fspecs.openid.net%2Fauth%2F2.0%2Fidentifier_select&openid.ns=http%3A%2F%2Fspecs.openid.net%2Fauth%2F2.0","Helpful","Report","https://www.amazon.com/hz/reviews-render/report-review?ie=UTF8&ref=cm_cr_getr_d_rvw_hlp&csrfT=hPLLODstPRwXZkgV71ixHBeFT%2Fb88xv4xDsCxT80KbSoAAAAAGXT1IsAAAAB&reviewId=R3RSX0MT2QLO4U","Showing  comments","0","There was a problem loading comments right now. Please try again later.","",""
"https://www.amazon.com/gp/profile/amzn1.account.AEHKESZXMVWVBNHATJZFXR7W5G2Q/ref=cm_cr_getr_d_gw_btm?ie=UTF8","https://images-na.ssl-images-amazon.com/images/S/amazon-avatars-global/faa784d7-d063-447b-9901-dfec8d96e18e._CR0,0,496,496_SX48_.jpg","<img src=""https://images-na.ssl-images-amazon.com/images/S/amazon-avatars-global/faa784d7-d063-447b-9901-dfec8d96e18e._CR0,0,496,496_SX48_.jpg""/>","Lisa Anne","https://www.amazon.com/gp/customer-reviews/R34KL5G4YN8VBS/ref=cm_cr_getr_d_rvw_ttl?ie=UTF8&ASIN=B01JONKI9Q","5.0 out of 5 stars","My dogs love these!","Reviewed in the United States on August 10, 2021","https://www.amazon.com/gp/help/customer/display.html/ref=cm_cr_dp_d_rvw_avp?nodeId=G75XTB7MBMBTXP6W","Verified Purchase","My three dogs love these and they are easily digestible and now super hard.","https://www.amazon.com/ap/signin?openid.return_to=https%3A%2F%2Fwww.amazon.com%2FGet-Naked-Grain-Dental-Sticks%2Fproduct-reviews%2FB01JONKI9Q%2Fref%3Dcm_cr_getr_d_vote_lft%3Fie%3DUTF8%26pageSize%3D10%26csrfT%3DhLw9OColPI00UnduxrmJF8WvEifNbzlMyfSmEUSBgjXBAAAAAGXT1IsAAAAB%26reviewId%3DR34KL5G4YN8VBS&openid.identity=http%3A%2F%2Fspecs.openid.net%2Fauth%2F2.0%2Fidentifier_select&openid.assoc_handle=usflex&openid.mode=checkid_setup&marketPlaceId=ATVPDKIKX0DER&language=en&openid.claimed_id=http%3A%2F%2Fspecs.openid.net%2Fauth%2F2.0%2Fidentifier_select&openid.ns=http%3A%2F%2Fspecs.openid.net%2Fauth%2F2.0","Helpful","Report","https://www.amazon.com/hz/reviews-render/report-review?ie=UTF8&ref=cm_cr_getr_d_rvw_hlp&csrfT=hLw9OColPI00UnduxrmJF8WvEifNbzlMyfSmEUSBgjXBAAAAAGXT1IsAAAAB&reviewId=R34KL5G4YN8VBS","Showing  comments","0","There was a problem loading comments right now. Please try again later.","",""
"https://www.amazon.com/gp/profile/amzn1.account.AFVESMWM5PKR3UZSMMFTG2QRZENA/ref=cm_cr_getr_d_gw_btm?ie=UTF8","https://images-na.ssl-images-amazon.com/images/S/amazon-avatars-global/default._CR0,0,1024,1024_SX48_.png","<img src=""https://images-na.ssl-images-amazon.com/images/S/amazon-avatars-global/default._CR0,0,1024,1024_SX48_.png""/>","Keesha1992","https://www.amazon.com/gp/customer-reviews/R3L8F5NR8303FS/ref=cm_cr_getr_d_rvw_ttl?ie=UTF8&ASIN=B01JONKI9Q","5.0 out of 5 stars","Great","Reviewed in the United States on November 1, 2022","https://www.amazon.com/gp/help/customer/display.html/ref=cm_cr_dp_d_rvw_avp?nodeId=G75XTB7MBMBTXP6W","Verified Purchase","My dog loves these","https://www.amazon.com/ap/signin?openid.return_to=https%3A%2F%2Fwww.amazon.com%2FGet-Naked-Grain-Dental-Sticks%2Fproduct-reviews%2FB01JONKI9Q%2Fref%3Dcm_cr_getr_d_vote_lft%3Fie%3DUTF8%26pageSize%3D10%26csrfT%3DhF7HGMPNCNIU4JmQAh6ekBXL1k6%252FUFkA%252F7xB%252BtBByYEWAAAAAGXT1IsAAAAB%26reviewId%3DR3L8F5NR8303FS&openid.identity=http%3A%2F%2Fspecs.openid.net%2Fauth%2F2.0%2Fidentifier_select&openid.assoc_handle=usflex&openid.mode=checkid_setup&marketPlaceId=ATVPDKIKX0DER&language=en&openid.claimed_id=http%3A%2F%2Fspecs.openid.net%2Fauth%2F2.0%2Fidentifier_select&openid.ns=http%3A%2F%2Fspecs.openid.net%2Fauth%2F2.0","Helpful","Report","https://www.amazon.com/hz/reviews-render/report-review?ie=UTF8&ref=cm_cr_getr_d_rvw_hlp&csrfT=hF7HGMPNCNIU4JmQAh6ekBXL1k6%2FUFkA%2F7xB%2BtBByYEWAAAAAGXT1IsAAAAB&reviewId=R3L8F5NR8303FS","Showing  comments","0","There was a problem loading comments right now. Please try again later.","",""
"https://www.amazon.com/gp/profile/amzn1.account.AH2A4JCKSKODL2PU6R64MYBTYQ5A/ref=cm_cr_getr_d_gw_btm?ie=UTF8","https://images-na.ssl-images-amazon.com/images/S/amazon-avatars-global/default._CR0,0,1024,1024_SX48_.png","<img src=""https://images-na.ssl-images-amazon.com/images/S/amazon-avatars-global/default._CR0,0,1024,1024_SX48_.png""/>","ATS","https://www.amazon.com/gp/customer-reviews/R3N98WDPH3KIXX/ref=cm_cr_getr_d_rvw_ttl?ie=UTF8&ASIN=B01JONKI9Q","5.0 out of 5 stars","Our dog loves these!","Reviewed in the United States on June 6, 2022","https://www.amazon.com/gp/help/customer/display.html/ref=cm_cr_dp_d_rvw_avp?nodeId=G75XTB7MBMBTXP6W","Verified Purchase","These seem satisfying, and our dog can't wait for this ""treat"".","https://www.amazon.com/ap/signin?openid.return_to=https%3A%2F%2Fwww.amazon.com%2FGet-Naked-Grain-Dental-Sticks%2Fproduct-reviews%2FB01JONKI9Q%2Fref%3Dcm_cr_getr_d_vote_lft%3Fie%3DUTF8%26pageSize%3D10%26csrfT%3DhKQwOs4Ag06eZwA5VkPxpIsAjmyltMEtqjXqWABbyn%252B0AAAAAGXT1IsAAAAB%26reviewId%3DR3N98WDPH3KIXX&openid.identity=http%3A%2F%2Fspecs.openid.net%2Fauth%2F2.0%2Fidentifier_select&openid.assoc_handle=usflex&openid.mode=checkid_setup&marketPlaceId=ATVPDKIKX0DER&language=en&openid.claimed_id=http%3A%2F%2Fspecs.openid.net%2Fauth%2F2.0%2Fidentifier_select&openid.ns=http%3A%2F%2Fspecs.openid.net%2Fauth%2F2.0","Helpful","Report","https://www.amazon.com/hz/reviews-render/report-review?ie=UTF8&ref=cm_cr_getr_d_rvw_hlp&csrfT=hKQwOs4Ag06eZwA5VkPxpIsAjmyltMEtqjXqWABbyn%2B0AAAAAGXT1IsAAAAB&reviewId=R3N98WDPH3KIXX","Showing  comments","0","There was a problem loading comments right now. Please try again later.","",""
"","","<img src=""https://images-na.ssl-images-amazon.com/images/S/amazon-avatars-global/default._CR0,0,1024,1024_SX48_.png""/>","Amazon Customer","https://www.amazon.com/hz/reviews-render/report-review?ie=UTF8&ref=cm_cr_getr_d_rvw_hlp&csrfT=hMURdjuV30L2t9bLl%2FuEbHx%2BizuTdsEaGzczl%2FHT9PFPAAAAAGXT1IsAAAAB&reviewId=R26UBYOM5MBONP","5.0 out of 5 stars","My dog loves the taste & they do help with his breath and plaque","Reviewed in Canada on April 11, 2019","https://www.amazon.com/gp/help/customer/display.html/ref=cm_cr_dp_d_rvw_avp?nodeId=G75XTB7MBMBTXP6W","Verified Purchase","I have been buying these from different stores so I knew my dog would love them. I had a really hard time finding a dental chew he would like so I was super happy that he likes these and even better I found them on Amazon cheaper :)Most other dental chews my dog spits out or wouldn’t even take but for some reason he loves these ones. He also likes the other formulas for joint care and weight management and they all seem to be the same flavour. If your dog doesn’t like mint flavoured dental chews or other ones give these a try. They really do help with my hound dog’s breath and he gets complements on his teeth :)","","","Report","","","","","https://images-na.ssl-images-amazon.com/images/G/01/x-locale/common/grey-pixel.gif",""
"","","<img src=""https://images-na.ssl-images-amazon.com/images/S/amazon-avatars-global/default._CR0,0,1024,1024_SX48_.png""/>","Debblydeb","https://www.amazon.com/hz/reviews-render/report-review?ie=UTF8&ref=cm_cr_getr_d_rvw_hlp&csrfT=hMyGCCp%2BcoWsvUANtqL4t3JlUMxFVBgHpn2v99byhOcoAAAAAGXT1IsAAAAB&reviewId=R16JY5KFIPHXH2","5.0 out of 5 stars","Great product","Reviewed in Canada on January 13, 2019","https://www.amazon.com/gp/help/customer/display.html/ref=cm_cr_dp_d_rvw_avp?nodeId=G75XTB7MBMBTXP6W","Verified Purchase","My dog loves these. Since finding out she has pancreatitis it was recommended to put her on a low fat, grain free diet. After checking the label on the dental bones that I had been giving her...I seen all the ingredients that are bad for any dog. On a mission to get her healthy and purchasing quality products into her diet...these being one of them and she loves, loves, lives them. I highly recommend these if you want a happy healthy dog.","","","Report","","2 people found this helpful","","","https://images-na.ssl-images-amazon.com/images/G/01/x-locale/common/grey-pixel.gif",""
"","","<img src=""https://images-na.ssl-images-amazon.com/images/S/amazon-avatars-global/default._CR0,0,1024,1024_SX48_.png""/>","Bookworm022","https://www.amazon.com/hz/reviews-render/report-review?ie=UTF8&ref=cm_cr_getr_d_rvw_hlp&csrfT=hO9REnK1p6KOM2jYWV83LZMmr70IUuA0Ju1X2EnmgB7cAAAAAGXT1IsAAAAB&reviewId=R36VAQQ9XAR0OT","5.0 out of 5 stars","Your dog will thank you","Reviewed in Canada on July 31, 2020","https://www.amazon.com/gp/help/customer/display.html/ref=cm_cr_dp_d_rvw_avp?nodeId=G75XTB7MBMBTXP6W","Verified Purchase","All the dogs I buy treats for (malamute 125, mutt 100, mutt 15, mutt 9 pounds) love these treats and the sizing of them and all love them and their different flavours!","","","Report","","","","","https://images-na.ssl-images-amazon.com/images/G/01/x-locale/common/grey-pixel.gif",""
"","","<img src=""https://images-na.ssl-images-amazon.com/images/S/amazon-avatars-global/6758a49b-d35a-4419-b678-4b09944bd94d._CR0,0,500,500_SX48_.jpg""/>","Katie Clarke","https://www.amazon.com/hz/reviews-render/report-review?ie=UTF8&ref=cm_cr_getr_d_rvw_hlp&csrfT=hNtMQXjH%2Fm4fRSMnBVSt%2Fbh%2Bvc2YSB%2Bm3DP9pEjt3T4eAAAAAGXT1IsAAAAB&reviewId=R201ANVUKCHOMZ","4.0 out of 5 stars","Dog likes them","Reviewed in Canada on June 26, 2022","https://www.amazon.com/gp/help/customer/display.html/ref=cm_cr_dp_d_rvw_avp?nodeId=G75XTB7MBMBTXP6W","Verified Purchase","My dog liked them but prefers dentasticks.","","","Report","","","","","https://images-na.ssl-images-amazon.com/images/G/01/x-locale/common/grey-pixel.gif",""
"","https://images-na.ssl-images-amazon.com/images/S/amazon-avatars-global/default._CR0,0,1024,1024_SX48_.png","<img src=""https://images-na.ssl-images-amazon.com/images/S/amazon-avatars-global/default._CR0,0,1024,1024_SX48_.png""/>","Colleen","https://www.amazon.com/hz/reviews-render/report-review?ie=UTF8&ref=cm_cr_getr_d_rvw_hlp&csrfT=hG3zayf7LzZPJN0wu%2FCJngrRdg4t5Argj9Kd6aQcj9czAAAAAGXT1I0AAAAB&reviewId=R27IMRS4G5LTE2","5.0 out of 5 stars","My dog loves these chew sticks","Reviewed in Canada on October 7, 2020","https://www.amazon.com/gp/help/customer/display.html/ref=cm_cr_dp_d_rvw_avp?nodeId=G75XTB7MBMBTXP6W","Verified Purchase","My dog loves these chew sticks and they contain great ingredients. I would recommend this product to other dog owners.","","","Report","","","","","",""
"","https://images-na.ssl-images-amazon.com/images/S/amazon-avatars-global/6a436766-6277-490c-8014-715ee6ce3f0b._CR0,0,377,377_SX48_.jpg","<img src=""https://images-na.ssl-images-amazon.com/images/S/amazon-avatars-global/6a436766-6277-490c-8014-715ee6ce3f0b._CR0,0,377,377_SX48_.jpg""/>","Meghin","https://www.amazon.com/hz/reviews-render/report-review?ie=UTF8&ref=cm_cr_getr_d_rvw_hlp&csrfT=hJhy9y%2F2buESJ66NJfKZK3mvjuIsEmfnjcJBqUezcFmRAAAAAGXT1I0AAAAB&reviewId=RJ5K1Z1S1M1NA","5.0 out of 5 stars","My Dog LOVES These","Reviewed in Canada on July 16, 2019","https://www.amazon.com/gp/help/customer/display.html/ref=cm_cr_dp_d_rvw_avp?nodeId=G75XTB7MBMBTXP6W","Verified Purchase","These are the best chews in my opinion. My dog loves them, they make his breath smell nice (not like the bullysticks, yuck what an odor), and they're great for cleaning his teeth. Great product!","","","Report","","","","","",""
"","https://images-na.ssl-images-amazon.com/images/S/amazon-avatars-global/default._CR0,0,1024,1024_SX48_.png","<img src=""https://images-na.ssl-images-amazon.com/images/S/amazon-avatars-global/default._CR0,0,1024,1024_SX48_.png""/>","Kelly","https://www.amazon.com/hz/reviews-render/report-review?ie=UTF8&ref=cm_cr_getr_d_rvw_hlp&csrfT=hDFp20XI47HWxSIKl6dIK%2BOCWqPnZc8T%2FqRTpenq211oAAAAAGXT1I0AAAAB&reviewId=RSK0TN1AEH9I3","5.0 out of 5 stars","Dog really likes them! They seem to be much ...","Reviewed in Canada on February 26, 2018","https://www.amazon.com/gp/help/customer/display.html/ref=cm_cr_dp_d_rvw_avp?nodeId=G75XTB7MBMBTXP6W","Verified Purchase","Dog really likes them! They seem to be much easier to digest and he hasnt had any upset stomach from them.","","","Report","","","","","",""
"","https://images-na.ssl-images-amazon.com/images/S/amazon-avatars-global/default._CR0,0,1024,1024_SX48_.png","<img src=""https://images-na.ssl-images-amazon.com/images/S/amazon-avatars-global/default._CR0,0,1024,1024_SX48_.png""/>","Celia","https://www.amazon.com/hz/reviews-render/report-review?ie=UTF8&ref=cm_cr_getr_d_rvw_hlp&csrfT=hLzC6X56YhQgEugn1Qbl%2FYL%2BDVVZH6uKbpzyX%2BHelTZsAAAAAGXT1I0AAAAB&reviewId=R1ZD69VS7IKYQ1","5.0 out of 5 stars","Takes a few minutes to finish but","Reviewed in Canada on October 14, 2018","https://www.amazon.com/gp/help/customer/display.html/ref=cm_cr_dp_d_rvw_avp?nodeId=G75XTB7MBMBTXP6W","Verified Purchase","My dog loved it and it made her breath smell fresh.","","","Report","","","","","",""
"","https://images-na.ssl-images-amazon.com/images/S/amazon-avatars-global/default._CR0,0,1024,1024_SX48_.png","<img src=""https://images-na.ssl-images-amazon.com/images/S/amazon-avatars-global/default._CR0,0,1024,1024_SX48_.png""/>","Terri","https://www.amazon.com/hz/reviews-render/report-review?ie=UTF8&ref=cm_cr_getr_d_rvw_hlp&csrfT=hEnwSn4IArQHfPJhDcbbEiFi%2B6sd1RylRQywN%2FjgDlGPAAAAAGXT1I0AAAAB&reviewId=R1IDFX31DMX6II","5.0 out of 5 stars","Great","Reviewed in Canada on February 27, 2019","https://www.amazon.com/gp/help/customer/display.html/ref=cm_cr_dp_d_rvw_avp?nodeId=G75XTB7MBMBTXP6W","Verified Purchase","my dogs get 1 or day","","","Report","","","","","",""
"","https://images-na.ssl-images-amazon.com/images/S/amazon-avatars-global/default._CR0,0,1024,1024_SX48_.png","<img src=""https://images-na.ssl-images-amazon.com/images/S/amazon-avatars-global/default._CR0,0,1024,1024_SX48_.png""/>","Jo-Anne M","https://www.amazon.com/hz/reviews-render/report-review?ie=UTF8&ref=cm_cr_getr_d_rvw_hlp&csrfT=hFAqQR5Y2K7QM2nxvhC6FWeX9nwQ5xPKHPwXZRUnk9oEAAAAAGXT1I0AAAAB&reviewId=R2ZK5A67XP22LY","5.0 out of 5 stars","Smudge approved!","Reviewed in Canada on October 11, 2018","https://www.amazon.com/gp/help/customer/display.html/ref=cm_cr_dp_d_rvw_avp?nodeId=G75XTB7MBMBTXP6W","Verified Purchase","Smudge loves these. Highly recommended.","","","Report","","","","","",""