"a-profile href","a-profile-avatar src","a-profile-avatar","a-profile-name","a-size-base href","a-icon-alt","a-size-base","a-size-base 2","a-link-normal href","a-size-mini","a-size-base 3","a-button-text href","a-size-base 4","a-size-base href 2","a-size-base 5","a-size-base 6","a-lazy-loaded src"
"https://www.amazon.com/gp/profile/amzn1.account.AEHUFRSPAH5U6FBXBVN4F2R6UMGQ/ref=cm_cr_arp_d_gw_btm?ie=UTF8","https://images-na.ssl-images-amazon.com/images/S/amazon-avatars-global/default._CR0,0,1024,1024_SX48_.png","<img src=""https://images-na.ssl-images-amazon.com/images/S/amazon-avatars-global/default._CR0,0,1024,1024_SX48_.png""/>","Avid Amazon Customer","https://www.amazon.com/gp/customer-reviews/RM6DONKP2ZAX5/ref=cm_cr_arp_d_rvw_ttl?ie=UTF8&ASIN=B08PQ7VYSV","5.0 out of 5 stars","Any puppy will love these if you can find a good price","Reviewed in the United States on December 16, 2023","https://www.amazon.com/gp/help/customer/display.html/ref=cm_cr_dp_d_rvw_avp?nodeId=G75XTB7MBMBTXP6W","Verified Purchase","Of course, any puppy will be delighted to chew away on these, but it's best to wait for a promotion because they don't last as long as one might have hoped, and they cost a pretty penny for each one dispensed.","https://www.amazon.com/ap/signin?openid.return_to=https%3A%2F%2Fwww.amazon.com%2FN-Bone-Puppy-Teething-Rings-Salmon%2Fproduct-reviews%2FB08PQ7VYSV%2Fref%3Dcm_cr_arp_d_vote_lft%3Fie%3DUTF8%26csrfT%3DhAG96Mb%252FFUexgV1%252Fl6oHlfk3PxfuicXcapLB5kQ4oNQOAAAAAGXT4H4AAAAB%26reviewId%3DRM6DONKP2ZAX5&openid.identity=http%3A%2F%2Fspecs.openid.net%2Fauth%2F2.0%2Fidentifier_select&openid.assoc_handle=usflex&openid.mode=checkid_setup&marketPlaceId=ATVPDKIKX0DER&language=en&openid.claimed_id=http%3A%2F%2Fspecs.openid.net%2Fauth%2F2.0%2Fidentifier_select&openid.ns=http%3A%2F%2Fspecs.openid.net%2Fauth%2F2.0","Report","https://www.amazon.com/hz/reviews-render/report-review?ie=UTF8&ref=cm_cr_arp_d_rvw_hlp&csrfT=hAG96Mb%2FFUexgV1%2Fl6oHlfk3PxfuicXcapLB5kQ4oNQOAAAAAGXT4H4AAAAB&reviewId=RM6DONKP2ZAX5","Showing  comments","",""
"https://www.amazon.com/gp/profile/amzn1.account.AF5SPN7O4CBXW5SYZSDU5DZTVXKQ/ref=cm_cr_arp_d_gw_btm?ie=UTF8","https://images-na.ssl-images-amazon.com/images/S/amazon-avatars-global/e91f87f3-2fce-4860-9f02-7289e97f175a._CR0,0,375,375_SX48_.jpg","<img src=""https://images-na.ssl-images-amazon.com/images/S/amazon-avatars-global/e91f87f3-2fce-4860-9f02-7289e97f175a._CR0,0,375,375_SX48_.jpg""/>","Aksunai","https://www.amazon.com/gp/customer-reviews/R2SG0UPSWUP2AL/ref=cm_cr_arp_d_rvw_ttl?ie=UTF8&ASIN=B08PQ7VYSV","5.0 out of 5 stars","Great for puppies","Reviewed in the United States on November 4, 2023","https://www.amazon.com/gp/help/customer/display.html/ref=cm_cr_dp_d_rvw_avp?nodeId=G75XTB7MBMBTXP6W","Verified Purchase","Give these to my grandpuppy once a day in the morning when it is time for her to go into her ""room"".It has helped with her chewing and teething so much","https://www.amazon.com/ap/signin?openid.return_to=https%3A%2F%2Fwww.amazon.com%2FN-Bone-Puppy-Teething-Rings-Salmon%2Fproduct-reviews%2FB08PQ7VYSV%2Fref%3Dcm_cr_arp_d_vote_lft%3Fie%3DUTF8%26csrfT%3DhMkQEtC3kZ8AqOeCZGPgNmDPc9054R%252B%252FLCco0Uz2nk0DAAAAAGXT4H4AAAAB%26reviewId%3DR2SG0UPSWUP2AL&openid.identity=http%3A%2F%2Fspecs.openid.net%2Fauth%2F2.0%2Fidentifier_select&openid.assoc_handle=usflex&openid.mode=checkid_setup&marketPlaceId=ATVPDKIKX0DER&language=en&openid.claimed_id=http%3A%2F%2Fspecs.openid.net%2Fauth%2F2.0%2Fidentifier_select&openid.ns=http%3A%2F%2Fspecs.openid.net%2Fauth%2F2.0","One person found this helpful","https://www.amazon.com/hz/reviews-render/report-review?ie=UTF8&ref=cm_cr_arp_d_rvw_hlp&csrfT=hMkQEtC3kZ8AqOeCZGPgNmDPc9054R%2B%2FLCco0Uz2nk0DAAAAAGXT4H4AAAAB&reviewId=R2SG0UPSWUP2AL","Report","Showing  comments",""
"https://www.amazon.com/gp/profile/amzn1.account.AF4ME633VXNHEK3IS5DDBPOUBWYQ/ref=cm_cr_arp_d_gw_btm?ie=UTF8","","<img src=""https://images-na.ssl-images-amazon.com/images/S/amazon-avatars-global/default._CR0,0,1024,1024_SX48_.png""/>","Linda Durrett","https://www.amazon.com/gp/customer-reviews/RGMLE396E3O08/ref=cm_cr_arp_d_rvw_ttl?ie=UTF8&ASIN=B08PQ7VYSV","5.0 out of 5 stars","It is good for teething puppies","Reviewed in the United States on November 14, 2023","https://www.amazon.com/gp/help/customer/display.html/ref=cm_cr_dp_d_rvw_avp?nodeId=G75XTB7MBMBTXP6W","Verified Purchase","I like it and my puppy loves them.","https://www.amazon.com/ap/signin?openid.return_to=https%3A%2F%2Fwww.amazon.com%2FN-Bone-Puppy-Teething-Rings-Salmon%2Fproduct-reviews%2FB08PQ7VYSV%2Fref%3Dcm_cr_arp_d_vote_lft%3Fie%3DUTF8%26csrfT%3DhLCr4N11CY1Xkx2ZPsgVS5uK%252FNYPv%252BpbOULNW5dRwiCIAAAAAGXT4H4AAAAB%26reviewId%3DRGMLE396E3O08&openid.identity=http%3A%2F%2Fspecs.openid.net%2Fauth%2F2.0%2Fidentifier_select&openid.assoc_handle=usflex&openid.mode=checkid_setup&marketPlaceId=ATVPDKIKX0DER&language=en&openid.claimed_id=http%3A%2F%2Fspecs.openid.net%2Fauth%2F2.0%2Fidentifier_select&openid.ns=http%3A%2F%2Fspecs.openid.net%2Fauth%2F2.0","Report","https://www.amazon.com/hz/reviews-render/report-review?ie=UTF8&ref=cm_cr_arp_d_rvw_hlp&csrfT=hLCr4N11CY1Xkx2ZPsgVS5uK%2FNYPv%2BpbOULNW5dRwiCIAAAAAGXT4H4AAAAB&reviewId=RGMLE396E3O08","Showing  comments","","https://images-na.ssl-images-amazon.com/images/G/01/x-locale/common/grey-pixel.gif"
"https://www.amazon.com/gp/profile/amzn1.account.AHQJOWJRN666CLZ7OOYGRFZOCFTQ/ref=cm_cr_arp_d_gw_btm?ie=UTF8","","<img src=""https://images-na.ssl-images-amazon.com/images/S/amazon-avatars-global/default._CR0,0,1024,1024_SX48_.png""/>","Myst3rious1","https://www.amazon.com/gp/customer-reviews/R3IM3JLJ7R348M/ref=cm_cr_arp_d_rvw_ttl?ie=UTF8&ASIN=B08PQ7VYSV","5.0 out of 5 stars","My puppy loves these","Reviewed in the United States on June 26, 2023","https://www.amazon.com/gp/help/customer/display.html/ref=cm_cr_dp_d_rvw_avp?nodeId=G75XTB7MBMBTXP6W","Verified Purchase","I have two 8-month old pit bulls.  These are great for teething.  They do last longer,  it maybe not for heightened aggression of pit bulls.  I think they‚Äôd work great for other large breed teething puppies.  It is a good product; but think there should be more than 6 for price paid.","https://www.amazon.com/ap/signin?openid.return_to=https%3A%2F%2Fwww.amazon.com%2FN-Bone-Puppy-Teething-Rings-Salmon%2Fproduct-reviews%2FB08PQ7VYSV%2Fref%3Dcm_cr_arp_d_vote_lft%3Fie%3DUTF8%26csrfT%3DhEJFpoCgXV5i8pSOLlhM5KcFbIc59AzDocl%252BYy0i3W29AAAAAGXT4H4AAAAB%26reviewId%3DR3IM3JLJ7R348M&openid.identity=http%3A%2F%2Fspecs.openid.net%2Fauth%2F2.0%2Fidentifier_select&openid.assoc_handle=usflex&openid.mode=checkid_setup&marketPlaceId=ATVPDKIKX0DER&language=en&openid.claimed_id=http%3A%2F%2Fspecs.openid.net%2Fauth%2F2.0%2Fidentifier_select&openid.ns=http%3A%2F%2Fspecs.openid.net%2Fauth%2F2.0","Report","https://www.amazon.com/hz/reviews-render/report-review?ie=UTF8&ref=cm_cr_arp_d_rvw_hlp&csrfT=hEJFpoCgXV5i8pSOLlhM5KcFbIc59AzDocl%2BYy0i3W29AAAAAGXT4H4AAAAB&reviewId=R3IM3JLJ7R348M","Showing  comments","","https://images-na.ssl-images-amazon.com/images/G/01/x-locale/common/grey-pixel.gif"
"https://www.amazon.com/gp/profile/amzn1.account.AF4YQ6K6EIRFLNWQAZO6I6R2254Q/ref=cm_cr_arp_d_gw_btm?ie=UTF8","","<img src=""https://images-na.ssl-images-amazon.com/images/S/amazon-avatars-global/default._CR0,0,1024,1024_SX48_.png""/>","Chris","https://www.amazon.com/gp/customer-reviews/R10VHZMWP8S0WK/ref=cm_cr_arp_d_rvw_ttl?ie=UTF8&ASIN=B08PQ7VYSV","4.0 out of 5 stars","My puppies absolutely loved these","Reviewed in the United States on May 15, 2023","https://www.amazon.com/gp/help/customer/display.html/ref=cm_cr_dp_d_rvw_avp?nodeId=G75XTB7MBMBTXP6W","Verified Purchase","My puppies loved these while teething. But they are pricey and I think it was hard on their stomach.","https://www.amazon.com/ap/signin?openid.return_to=https%3A%2F%2Fwww.amazon.com%2FN-Bone-Puppy-Teething-Rings-Salmon%2Fproduct-reviews%2FB08PQ7VYSV%2Fref%3Dcm_cr_arp_d_vote_lft%3Fie%3DUTF8%26csrfT%3DhL%252B3vcYDbtjevfzCsOuCLHqAXvw1vJ6Qt6uya9hVV2w6AAAAAGXT4H4AAAAB%26reviewId%3DR10VHZMWP8S0WK&openid.identity=http%3A%2F%2Fspecs.openid.net%2Fauth%2F2.0%2Fidentifier_select&openid.assoc_handle=usflex&openid.mode=checkid_setup&marketPlaceId=ATVPDKIKX0DER&language=en&openid.claimed_id=http%3A%2F%2Fspecs.openid.net%2Fauth%2F2.0%2Fidentifier_select&openid.ns=http%3A%2F%2Fspecs.openid.net%2Fauth%2F2.0","Report","https://www.amazon.com/hz/reviews-render/report-review?ie=UTF8&ref=cm_cr_arp_d_rvw_hlp&csrfT=hL%2B3vcYDbtjevfzCsOuCLHqAXvw1vJ6Qt6uya9hVV2w6AAAAAGXT4H4AAAAB&reviewId=R10VHZMWP8S0WK","Showing  comments","","https://images-na.ssl-images-amazon.com/images/G/01/x-locale/common/grey-pixel.gif"
"https://www.amazon.com/gp/profile/amzn1.account.AHV3ISWUE72UHLF4LX6YKE3HFG2Q/ref=cm_cr_arp_d_gw_btm?ie=UTF8","","<img src=""https://images-na.ssl-images-amazon.com/images/S/amazon-avatars-global/default._CR0,0,1024,1024_SX48_.png""/>","Veronica Koval","https://www.amazon.com/gp/customer-reviews/R16QN6LGJ89BWI/ref=cm_cr_arp_d_rvw_ttl?ie=UTF8&ASIN=B08PQ7VYSV","5.0 out of 5 stars","The best ! A must buy for any puppy","Reviewed in the United States on October 13, 2022","https://www.amazon.com/gp/help/customer/display.html/ref=cm_cr_dp_d_rvw_avp?nodeId=G75XTB7MBMBTXP6W","Verified Purchase","My 3 month old shepherd absolutely loves these. I give him one a day keeps him from chewing the furniture and busy for a good hour","https://www.amazon.com/ap/signin?openid.return_to=https%3A%2F%2Fwww.amazon.com%2FN-Bone-Puppy-Teething-Rings-Salmon%2Fproduct-reviews%2FB08PQ7VYSV%2Fref%3Dcm_cr_arp_d_vote_lft%3Fie%3DUTF8%26csrfT%3DhPSaDYFa8%252FswAr77LV1wKN7fOx%252BVyMgqnJ%252Bh5rVVhhgwAAAAAGXT4H4AAAAB%26reviewId%3DR16QN6LGJ89BWI&openid.identity=http%3A%2F%2Fspecs.openid.net%2Fauth%2F2.0%2Fidentifier_select&openid.assoc_handle=usflex&openid.mode=checkid_setup&marketPlaceId=ATVPDKIKX0DER&language=en&openid.claimed_id=http%3A%2F%2Fspecs.openid.net%2Fauth%2F2.0%2Fidentifier_select&openid.ns=http%3A%2F%2Fspecs.openid.net%2Fauth%2F2.0","2 people found this helpful","https://www.amazon.com/hz/reviews-render/report-review?ie=UTF8&ref=cm_cr_arp_d_rvw_hlp&csrfT=hPSaDYFa8%2FswAr77LV1wKN7fOx%2BVyMgqnJ%2Bh5rVVhhgwAAAAAGXT4H4AAAAB&reviewId=R16QN6LGJ89BWI","Report","Showing  comments","https://images-na.ssl-images-amazon.com/images/G/01/x-locale/common/grey-pixel.gif"
"https://www.amazon.com/gp/profile/amzn1.account.AGFOQJU5TXH27ZXOI3CCI7UTZZ3Q/ref=cm_cr_arp_d_gw_btm?ie=UTF8","","<img src=""https://images-na.ssl-images-amazon.com/images/S/amazon-avatars-global/default._CR0,0,1024,1024_SX48_.png""/>","Scarlett Estelle","https://www.amazon.com/gp/customer-reviews/R15622ZNNOPTF0/ref=cm_cr_arp_d_rvw_ttl?ie=UTF8&ASIN=B08PQ7VYSV","5.0 out of 5 stars","My pup loves these!","Reviewed in the United States on October 16, 2022","https://www.amazon.com/gp/help/customer/display.html/ref=cm_cr_dp_d_rvw_avp?nodeId=G75XTB7MBMBTXP6W","Verified Purchase","Great for teething puppy, but a tad pricey for only 5 to the bag","https://www.amazon.com/ap/signin?openid.return_to=https%3A%2F%2Fwww.amazon.com%2FN-Bone-Puppy-Teething-Rings-Salmon%2Fproduct-reviews%2FB08PQ7VYSV%2Fref%3Dcm_cr_arp_d_vote_lft%3Fie%3DUTF8%26csrfT%3DhC12sHvMGAYaQl15LM%252BuATgmtwDngQpnJX7RzryGTEAJAAAAAGXT4H4AAAAB%26reviewId%3DR15622ZNNOPTF0&openid.identity=http%3A%2F%2Fspecs.openid.net%2Fauth%2F2.0%2Fidentifier_select&openid.assoc_handle=usflex&openid.mode=checkid_setup&marketPlaceId=ATVPDKIKX0DER&language=en&openid.claimed_id=http%3A%2F%2Fspecs.openid.net%2Fauth%2F2.0%2Fidentifier_select&openid.ns=http%3A%2F%2Fspecs.openid.net%2Fauth%2F2.0","Report","https://www.amazon.com/hz/reviews-render/report-review?ie=UTF8&ref=cm_cr_arp_d_rvw_hlp&csrfT=hC12sHvMGAYaQl15LM%2BuATgmtwDngQpnJX7RzryGTEAJAAAAAGXT4H4AAAAB&reviewId=R15622ZNNOPTF0","Showing  comments","","https://images-na.ssl-images-amazon.com/images/G/01/x-locale/common/grey-pixel.gif"
"https://www.amazon.com/gp/profile/amzn1.account.AEHVJD5CJVRBEJAYJK3HUE3V4KGA/ref=cm_cr_arp_d_gw_btm?ie=UTF8","","<img src=""https://images-na.ssl-images-amazon.com/images/S/amazon-avatars-global/default._CR0,0,1024,1024_SX48_.png""/>","Lindsey","https://www.amazon.com/gp/customer-reviews/R11WC9VZ87H5CF/ref=cm_cr_arp_d_rvw_ttl?ie=UTF8&ASIN=B08PQ7VYSV","5.0 out of 5 stars","Perfect puppy treat","Reviewed in the United States on June 10, 2021","https://www.amazon.com/gp/help/customer/display.html/ref=cm_cr_dp_d_rvw_avp?nodeId=G75XTB7MBMBTXP6W","Verified Purchase","These are my puppy‚Äôs favorite teething treat. While my adult dog could chew these up In a minute, it kept my puppy (with puppy teeth) busy for quite a while. I highly recommend these for young puppies or light chewers.","https://www.amazon.com/ap/signin?openid.return_to=https%3A%2F%2Fwww.amazon.com%2FN-Bone-Puppy-Teething-Rings-Salmon%2Fproduct-reviews%2FB08PQ7VYSV%2Fref%3Dcm_cr_arp_d_vote_lft%3Fie%3DUTF8%26csrfT%3DhMAA%252FS7%252FywubScg8%252Ba%252Bx3fil7XNsn8gvHXIi0Ppu47S2AAAAAGXT4H4AAAAB%26reviewId%3DR11WC9VZ87H5CF&openid.identity=http%3A%2F%2Fspecs.openid.net%2Fauth%2F2.0%2Fidentifier_select&openid.assoc_handle=usflex&openid.mode=checkid_setup&marketPlaceId=ATVPDKIKX0DER&language=en&openid.claimed_id=http%3A%2F%2Fspecs.openid.net%2Fauth%2F2.0%2Fidentifier_select&openid.ns=http%3A%2F%2Fspecs.openid.net%2Fauth%2F2.0","2 people found this helpful","https://www.amazon.com/hz/reviews-render/report-review?ie=UTF8&ref=cm_cr_arp_d_rvw_hlp&csrfT=hMAA%2FS7%2FywubScg8%2Ba%2Bx3fil7XNsn8gvHXIi0Ppu47S2AAAAAGXT4H4AAAAB&reviewId=R11WC9VZ87H5CF","Report","Showing  comments","https://images-na.ssl-images-amazon.com/images/G/01/x-locale/common/grey-pixel.gif"
"https://www.amazon.com/gp/profile/amzn1.account.AFWN7LFXWDQZLV63E2JITNNFZ3ZQ/ref=cm_cr_arp_d_gw_btm?ie=UTF8","","<img src=""https://images-na.ssl-images-amazon.com/images/S/amazon-avatars-global/default._CR0,0,1024,1024_SX48_.png""/>","Vincent Graham","https://www.amazon.com/gp/customer-reviews/RLOC6VTXOPJJL/ref=cm_cr_arp_d_rvw_ttl?ie=UTF8&ASIN=B08PQ7VYSV","4.0 out of 5 stars","Stops from chewing other Important stuff","Reviewed in the United States on June 5, 2023","https://www.amazon.com/gp/help/customer/display.html/ref=cm_cr_dp_d_rvw_avp?nodeId=G75XTB7MBMBTXP6W","Verified Purchase","It keeps my two puppies from chewing my shoes.","https://www.amazon.com/ap/signin?openid.return_to=https%3A%2F%2Fwww.amazon.com%2FN-Bone-Puppy-Teething-Rings-Salmon%2Fproduct-reviews%2FB08PQ7VYSV%2Fref%3Dcm_cr_arp_d_vote_lft%3Fie%3DUTF8%26csrfT%3DhFodLPG2U%252BKC%252BtttcvYH4xYxzuC%252BL%252BFNwB05X7lXwmitAAAAAGXT4H4AAAAB%26reviewId%3DRLOC6VTXOPJJL&openid.identity=http%3A%2F%2Fspecs.openid.net%2Fauth%2F2.0%2Fidentifier_select&openid.assoc_handle=usflex&openid.mode=checkid_setup&marketPlaceId=ATVPDKIKX0DER&language=en&openid.claimed_id=http%3A%2F%2Fspecs.openid.net%2Fauth%2F2.0%2Fidentifier_select&openid.ns=http%3A%2F%2Fspecs.openid.net%2Fauth%2F2.0","One person found this helpful","https://www.amazon.com/hz/reviews-render/report-review?ie=UTF8&ref=cm_cr_arp_d_rvw_hlp&csrfT=hFodLPG2U%2BKC%2BtttcvYH4xYxzuC%2BL%2BFNwB05X7lXwmitAAAAAGXT4H4AAAAB&reviewId=RLOC6VTXOPJJL","Report","Showing  comments","https://images-na.ssl-images-amazon.com/images/G/01/x-locale/common/grey-pixel.gif"
"https://www.amazon.com/gp/profile/amzn1.account.AFSKHCQK2YLHER5OKFUVAT6TJZAQ/ref=cm_cr_arp_d_gw_btm?ie=UTF8","","<img src=""https://images-na.ssl-images-amazon.com/images/S/amazon-avatars-global/default._CR0,0,1024,1024_SX48_.png""/>","Linda M","https://www.amazon.com/gp/customer-reviews/R3MALM0X8CDENJ/ref=cm_cr_arp_d_rvw_ttl?ie=UTF8&ASIN=B08PQ7VYSV","3.0 out of 5 stars","Puppy did not like them","Reviewed in the United States on October 15, 2023","https://www.amazon.com/gp/help/customer/display.html/ref=cm_cr_dp_d_rvw_avp?nodeId=G75XTB7MBMBTXP6W","Verified Purchase","I am not sure why he did not like these","https://www.amazon.com/ap/signin?openid.return_to=https%3A%2F%2Fwww.amazon.com%2FN-Bone-Puppy-Teething-Rings-Salmon%2Fproduct-reviews%2FB08PQ7VYSV%2Fref%3Dcm_cr_arp_d_vote_lft%3Fie%3DUTF8%26csrfT%3DhHZ2xLaYsAOf0QmP21K9G3HrzwD2LE8ZM78n4zY5qkblAAAAAGXT4H4AAAAB%26reviewId%3DR3MALM0X8CDENJ&openid.identity=http%3A%2F%2Fspecs.openid.net%2Fauth%2F2.0%2Fidentifier_select&openid.assoc_handle=usflex&openid.mode=checkid_setup&marketPlaceId=ATVPDKIKX0DER&language=en&openid.claimed_id=http%3A%2F%2Fspecs.openid.net%2Fauth%2F2.0%2Fidentifier_select&openid.ns=http%3A%2F%2Fspecs.openid.net%2Fauth%2F2.0","Report","https://www.amazon.com/hz/reviews-render/report-review?ie=UTF8&ref=cm_cr_arp_d_rvw_hlp&csrfT=hHZ2xLaYsAOf0QmP21K9G3HrzwD2LE8ZM78n4zY5qkblAAAAAGXT4H4AAAAB&reviewId=R3MALM0X8CDENJ","Showing  comments","","https://images-na.ssl-images-amazon.com/images/G/01/x-locale/common/grey-pixel.gif"
"https://www.amazon.com/gp/profile/amzn1.account.AG2ZCZ2DDZANODRRYHUTNNZGRYSA/ref=cm_cr_getr_d_gw_btm?ie=UTF8","https://images-na.ssl-images-amazon.com/images/S/amazon-avatars-global/default._CR0,0,1024,1024_SX48_.png","<img src=""https://images-na.ssl-images-amazon.com/images/S/amazon-avatars-global/default._CR0,0,1024,1024_SX48_.png""/>","Aujalee Moore","https://www.amazon.com/gp/customer-reviews/R3OJTWGZRF7N74/ref=cm_cr_getr_d_rvw_ttl?ie=UTF8&ASIN=B08PQ7VYSV","2.0 out of 5 stars","Very small","Reviewed in the United States on January 12, 2024","https://www.amazon.com/gp/help/customer/display.html/ref=cm_cr_dp_d_rvw_avp?nodeId=G75XTB7MBMBTXP6W","Verified Purchase","Smaller than advertised when they arrived","https://www.amazon.com/ap/signin?openid.return_to=https%3A%2F%2Fwww.amazon.com%2FN-Bone-Puppy-Teething-Rings-Salmon%2Fproduct-reviews%2FB08PQ7VYSV%2Fref%3Dcm_cr_getr_d_vote_lft%3Fie%3DUTF8%26pageSize%3D10%26csrfT%3DhHk7RX%252BszANmdBscvXK87q6Qygdi3HJ%252FlLjamxOEJPyDAAAAAGXT4IcAAAAB%26reviewId%3DR3OJTWGZRF7N74&openid.identity=http%3A%2F%2Fspecs.openid.net%2Fauth%2F2.0%2Fidentifier_select&openid.assoc_handle=usflex&openid.mode=checkid_setup&marketPlaceId=ATVPDKIKX0DER&language=en&openid.claimed_id=http%3A%2F%2Fspecs.openid.net%2Fauth%2F2.0%2Fidentifier_select&openid.ns=http%3A%2F%2Fspecs.openid.net%2Fauth%2F2.0","Report","https://www.amazon.com/hz/reviews-render/report-review?ie=UTF8&ref=cm_cr_getr_d_rvw_hlp&csrfT=hHk7RX%2BszANmdBscvXK87q6Qygdi3HJ%2FlLjamxOEJPyDAAAAAGXT4IcAAAAB&reviewId=R3OJTWGZRF7N74","Showing  comments","",""
"https://www.amazon.com/gp/profile/amzn1.account.AFGQAXMK37T232BHQDBWTGKYRNRA/ref=cm_cr_getr_d_gw_btm?ie=UTF8","https://images-na.ssl-images-amazon.com/images/S/amazon-avatars-global/default._CR0,0,1024,1024_SX48_.png","<img src=""https://images-na.ssl-images-amazon.com/images/S/amazon-avatars-global/default._CR0,0,1024,1024_SX48_.png""/>","Geo","https://www.amazon.com/gp/customer-reviews/R1K39SP4W0L8TS/ref=cm_cr_getr_d_rvw_ttl?ie=UTF8&ASIN=B08PQ7VYSV","3.0 out of 5 stars","Choking hazard ? Please watch your pet","Reviewed in the United States on January 24, 2023","https://www.amazon.com/gp/help/customer/display.html/ref=cm_cr_dp_d_rvw_avp?nodeId=G75XTB7MBMBTXP6W","Verified Purchase","Second time my 48 lb & 4.5 month old lab somewhat chokes on these. The piece gets stuck or something and he gags to try to get it in or throw it out. Unfortunately I won‚Äôt be buying these anymore. They were so good too","https://www.amazon.com/ap/signin?openid.return_to=https%3A%2F%2Fwww.amazon.com%2FN-Bone-Puppy-Teething-Rings-Salmon%2Fproduct-reviews%2FB08PQ7VYSV%2Fref%3Dcm_cr_getr_d_vote_lft%3Fie%3DUTF8%26pageSize%3D10%26csrfT%3DhLuvF8zUBlkI6tJLkTKImYTRX3Gkrd0TUXj7jyTZfCTrAAAAAGXT4IcAAAAB%26reviewId%3DR1K39SP4W0L8TS&openid.identity=http%3A%2F%2Fspecs.openid.net%2Fauth%2F2.0%2Fidentifier_select&openid.assoc_handle=usflex&openid.mode=checkid_setup&marketPlaceId=ATVPDKIKX0DER&language=en&openid.claimed_id=http%3A%2F%2Fspecs.openid.net%2Fauth%2F2.0%2Fidentifier_select&openid.ns=http%3A%2F%2Fspecs.openid.net%2Fauth%2F2.0","3 people found this helpful","https://www.amazon.com/hz/reviews-render/report-review?ie=UTF8&ref=cm_cr_getr_d_rvw_hlp&csrfT=hLuvF8zUBlkI6tJLkTKImYTRX3Gkrd0TUXj7jyTZfCTrAAAAAGXT4IcAAAAB&reviewId=R1K39SP4W0L8TS","Report","Showing  comments",""
"https://www.amazon.com/gp/profile/amzn1.account.AFTPUTYQMLHWW65SY6H24ZZRVRDA/ref=cm_cr_getr_d_gw_btm?ie=UTF8","https://images-na.ssl-images-amazon.com/images/S/amazon-avatars-global/default._CR0,0,1024,1024_SX48_.png","<img src=""https://images-na.ssl-images-amazon.com/images/S/amazon-avatars-global/default._CR0,0,1024,1024_SX48_.png""/>","Kat","https://www.amazon.com/gp/customer-reviews/RLX1SF43KAXRB/ref=cm_cr_getr_d_rvw_ttl?ie=UTF8&ASIN=B08PQ7VYSV","2.0 out of 5 stars","These are great treats, but for teething the lasted less than a minute.","Reviewed in the United States on October 21, 2023","https://www.amazon.com/gp/help/customer/display.html/ref=cm_cr_dp_d_rvw_avp?nodeId=G75XTB7MBMBTXP6W","Verified Purchase","These are great treats, but for teething the lasted less than a minute.","https://www.amazon.com/ap/signin?openid.return_to=https%3A%2F%2Fwww.amazon.com%2FN-Bone-Puppy-Teething-Rings-Salmon%2Fproduct-reviews%2FB08PQ7VYSV%2Fref%3Dcm_cr_getr_d_vote_lft%3Fie%3DUTF8%26pageSize%3D10%26csrfT%3DhOftm59700T8MqpB6kQI8eYD9KuPgKn8xyJjV8UUCg6RAAAAAGXT4IcAAAAB%26reviewId%3DRLX1SF43KAXRB&openid.identity=http%3A%2F%2Fspecs.openid.net%2Fauth%2F2.0%2Fidentifier_select&openid.assoc_handle=usflex&openid.mode=checkid_setup&marketPlaceId=ATVPDKIKX0DER&language=en&openid.claimed_id=http%3A%2F%2Fspecs.openid.net%2Fauth%2F2.0%2Fidentifier_select&openid.ns=http%3A%2F%2Fspecs.openid.net%2Fauth%2F2.0","Report","https://www.amazon.com/hz/reviews-render/report-review?ie=UTF8&ref=cm_cr_getr_d_rvw_hlp&csrfT=hOftm59700T8MqpB6kQI8eYD9KuPgKn8xyJjV8UUCg6RAAAAAGXT4IcAAAAB&reviewId=RLX1SF43KAXRB","Showing  comments","",""
"https://www.amazon.com/gp/profile/amzn1.account.AGAPVBU5QY7SEPRWQEILP5MDQ6AA/ref=cm_cr_getr_d_gw_btm?ie=UTF8","https://images-na.ssl-images-amazon.com/images/S/amazon-avatars-global/default._CR0,0,1024,1024_SX48_.png","<img src=""https://images-na.ssl-images-amazon.com/images/S/amazon-avatars-global/default._CR0,0,1024,1024_SX48_.png""/>","Niki","https://www.amazon.com/gp/customer-reviews/R31BEOW85UFP9J/ref=cm_cr_getr_d_rvw_ttl?ie=UTF8&ASIN=B08PQ7VYSV","2.0 out of 5 stars","Puppy Love","Reviewed in the United States on April 30, 2023","https://www.amazon.com/gp/help/customer/display.html/ref=cm_cr_dp_d_rvw_avp?nodeId=G75XTB7MBMBTXP6W","Verified Purchase","Our puppy is an aggressive chewer and we are always looking for some kind of chew treats that are as they say longer lasting unfortunately I was just a bit disappointed in these as they didn‚Äôt last as long as I hoped for the amount vs cost there aren‚Äôt as many as one would hope, However our pup definitely likes the flavor","https://www.amazon.com/ap/signin?openid.return_to=https%3A%2F%2Fwww.amazon.com%2FN-Bone-Puppy-Teething-Rings-Salmon%2Fproduct-reviews%2FB08PQ7VYSV%2Fref%3Dcm_cr_getr_d_vote_lft%3Fie%3DUTF8%26pageSize%3D10%26csrfT%3DhL%252FNGA1jfcNnfu1rkC24LDJ2ne1gIC7pmD1F6IVABwimAAAAAGXT4IcAAAAB%26reviewId%3DR31BEOW85UFP9J&openid.identity=http%3A%2F%2Fspecs.openid.net%2Fauth%2F2.0%2Fidentifier_select&openid.assoc_handle=usflex&openid.mode=checkid_setup&marketPlaceId=ATVPDKIKX0DER&language=en&openid.claimed_id=http%3A%2F%2Fspecs.openid.net%2Fauth%2F2.0%2Fidentifier_select&openid.ns=http%3A%2F%2Fspecs.openid.net%2Fauth%2F2.0","Report","https://www.amazon.com/hz/reviews-render/report-review?ie=UTF8&ref=cm_cr_getr_d_rvw_hlp&csrfT=hL%2FNGA1jfcNnfu1rkC24LDJ2ne1gIC7pmD1F6IVABwimAAAAAGXT4IcAAAAB&reviewId=R31BEOW85UFP9J","Showing  comments","",""
"https://www.amazon.com/gp/profile/amzn1.account.AHDAANYW533DBZGTK7FKH3NHLMBQ/ref=cm_cr_getr_d_gw_btm?ie=UTF8","https://images-na.ssl-images-amazon.com/images/S/amazon-avatars-global/default._CR0,0,1024,1024_SX48_.png","<img src=""https://images-na.ssl-images-amazon.com/images/S/amazon-avatars-global/default._CR0,0,1024,1024_SX48_.png""/>","nanc","https://www.amazon.com/gp/customer-reviews/RHHUPEAG827JH/ref=cm_cr_getr_d_rvw_ttl?ie=UTF8&ASIN=B08PQ7VYSV","4.0 out of 5 stars","teething ring","Reviewed in the United States on January 4, 2022","https://www.amazon.com/gp/help/customer/display.html/ref=cm_cr_dp_d_rvw_avp?nodeId=G75XTB7MBMBTXP6W","Verified Purchase","They are a good product mylab puppy just devoured it fast","https://www.amazon.com/ap/signin?openid.return_to=https%3A%2F%2Fwww.amazon.com%2FN-Bone-Puppy-Teething-Rings-Salmon%2Fproduct-reviews%2FB08PQ7VYSV%2Fref%3Dcm_cr_getr_d_vote_lft%3Fie%3DUTF8%26pageSize%3D10%26csrfT%3DhDI7L49XJcm06sDVw1ee2iL3%252FBaJmy3Ncfes5xyl2LkVAAAAAGXT4IcAAAAB%26reviewId%3DRHHUPEAG827JH&openid.identity=http%3A%2F%2Fspecs.openid.net%2Fauth%2F2.0%2Fidentifier_select&openid.assoc_handle=usflex&openid.mode=checkid_setup&marketPlaceId=ATVPDKIKX0DER&language=en&openid.claimed_id=http%3A%2F%2Fspecs.openid.net%2Fauth%2F2.0%2Fidentifier_select&openid.ns=http%3A%2F%2Fspecs.openid.net%2Fauth%2F2.0","Report","https://www.amazon.com/hz/reviews-render/report-review?ie=UTF8&ref=cm_cr_getr_d_rvw_hlp&csrfT=hDI7L49XJcm06sDVw1ee2iL3%2FBaJmy3Ncfes5xyl2LkVAAAAAGXT4IcAAAAB&reviewId=RHHUPEAG827JH","Showing  comments","",""
"https://www.amazon.com/gp/profile/amzn1.account.AFQE6X3NU5LK3CMT3MU2WMNTBJMQ/ref=cm_cr_getr_d_gw_btm?ie=UTF8","https://images-na.ssl-images-amazon.com/images/S/amazon-avatars-global/default._CR0,0,1024,1024_SX48_.png","<img src=""https://images-na.ssl-images-amazon.com/images/S/amazon-avatars-global/default._CR0,0,1024,1024_SX48_.png""/>","Amazon Customer","https://www.amazon.com/gp/customer-reviews/R3H1J3EFI31ZQX/ref=cm_cr_getr_d_rvw_ttl?ie=UTF8&ASIN=B08PQ7VYSV","3.0 out of 5 stars","Good Teething Ring for Smaller Dogs","Reviewed in the United States on September 8, 2021","https://www.amazon.com/gp/help/customer/display.html/ref=cm_cr_dp_d_rvw_avp?nodeId=G75XTB7MBMBTXP6W","Verified Purchase","Way too easy and quick to chew for a german shepherd mix puppy at 3 months of age.  It only took him 10 minutes to finish.","https://www.amazon.com/ap/signin?openid.return_to=https%3A%2F%2Fwww.amazon.com%2FN-Bone-Puppy-Teething-Rings-Salmon%2Fproduct-reviews%2FB08PQ7VYSV%2Fref%3Dcm_cr_getr_d_vote_lft%3Fie%3DUTF8%26pageSize%3D10%26csrfT%3DhGEMK9quk0awfmJOfkQ0kJIr6GoKCBQe01ikkBg9AqjiAAAAAGXT4IcAAAAB%26reviewId%3DR3H1J3EFI31ZQX&openid.identity=http%3A%2F%2Fspecs.openid.net%2Fauth%2F2.0%2Fidentifier_select&openid.assoc_handle=usflex&openid.mode=checkid_setup&marketPlaceId=ATVPDKIKX0DER&language=en&openid.claimed_id=http%3A%2F%2Fspecs.openid.net%2Fauth%2F2.0%2Fidentifier_select&openid.ns=http%3A%2F%2Fspecs.openid.net%2Fauth%2F2.0","Report","https://www.amazon.com/hz/reviews-render/report-review?ie=UTF8&ref=cm_cr_getr_d_rvw_hlp&csrfT=hGEMK9quk0awfmJOfkQ0kJIr6GoKCBQe01ikkBg9AqjiAAAAAGXT4IcAAAAB&reviewId=R3H1J3EFI31ZQX","Showing  comments","",""
"https://www.amazon.com/gp/profile/amzn1.account.AGRDFT2SBXNYNOZFMI7XY6FHCF4Q/ref=cm_cr_getr_d_gw_btm?ie=UTF8","","<img src=""https://images-na.ssl-images-amazon.com/images/S/amazon-avatars-global/default._CR0,0,1024,1024_SX48_.png""/>","CR","https://www.amazon.com/gp/customer-reviews/RI57P75RLWFNI/ref=cm_cr_getr_d_rvw_ttl?ie=UTF8&ASIN=B08PQ7VYSV","1.0 out of 5 stars","Shocking hazard","Reviewed in the United States on September 4, 2023","https://www.amazon.com/gp/help/customer/display.html/ref=cm_cr_dp_d_rvw_avp?nodeId=G75XTB7MBMBTXP6W","Verified Purchase","I prefer to not give this to my puppy. Thank God he was supervised, he almost shocked. Please be careful, it was a scary experience.","https://www.amazon.com/ap/signin?openid.return_to=https%3A%2F%2Fwww.amazon.com%2FN-Bone-Puppy-Teething-Rings-Salmon%2Fproduct-reviews%2FB08PQ7VYSV%2Fref%3Dcm_cr_getr_d_vote_lft%3Fie%3DUTF8%26pageSize%3D10%26csrfT%3DhIAef8Q5lvdygxYMscY2RWvqMVolafZH3ZOMgdxJp0fEAAAAAGXT4IcAAAAB%26reviewId%3DRI57P75RLWFNI&openid.identity=http%3A%2F%2Fspecs.openid.net%2Fauth%2F2.0%2Fidentifier_select&openid.assoc_handle=usflex&openid.mode=checkid_setup&marketPlaceId=ATVPDKIKX0DER&language=en&openid.claimed_id=http%3A%2F%2Fspecs.openid.net%2Fauth%2F2.0%2Fidentifier_select&openid.ns=http%3A%2F%2Fspecs.openid.net%2Fauth%2F2.0","Report","https://www.amazon.com/hz/reviews-render/report-review?ie=UTF8&ref=cm_cr_getr_d_rvw_hlp&csrfT=hIAef8Q5lvdygxYMscY2RWvqMVolafZH3ZOMgdxJp0fEAAAAAGXT4IcAAAAB&reviewId=RI57P75RLWFNI","Showing  comments","","https://images-na.ssl-images-amazon.com/images/G/01/x-locale/common/grey-pixel.gif"
"https://www.amazon.com/gp/profile/amzn1.account.AFJHTDWQ3VQGBKZGTQRIW2ZKN7DQ/ref=cm_cr_getr_d_gw_btm?ie=UTF8","","<img src=""https://images-na.ssl-images-amazon.com/images/S/amazon-avatars-global/default._CR0,0,1024,1024_SX48_.png""/>","Martha C. Rodriguez","https://www.amazon.com/gp/customer-reviews/RBV3JKKGDFVVF/ref=cm_cr_getr_d_rvw_ttl?ie=UTF8&ASIN=B08PQ7VYSV","5.0 out of 5 stars","Good","Reviewed in the United States on June 13, 2021","https://www.amazon.com/gp/help/customer/display.html/ref=cm_cr_dp_d_rvw_avp?nodeId=G75XTB7MBMBTXP6W","Verified Purchase","My dog loves it. Have bought it many times","https://www.amazon.com/ap/signin?openid.return_to=https%3A%2F%2Fwww.amazon.com%2FN-Bone-Puppy-Teething-Rings-Salmon%2Fproduct-reviews%2FB08PQ7VYSV%2Fref%3Dcm_cr_getr_d_vote_lft%3Fie%3DUTF8%26pageSize%3D10%26csrfT%3DhCTiUeGPtu8RqOS%252BhBB57sX8nYLWV%252FZl5OUSBkY4ubDpAAAAAGXT4IcAAAAB%26reviewId%3DRBV3JKKGDFVVF&openid.identity=http%3A%2F%2Fspecs.openid.net%2Fauth%2F2.0%2Fidentifier_select&openid.assoc_handle=usflex&openid.mode=checkid_setup&marketPlaceId=ATVPDKIKX0DER&language=en&openid.claimed_id=http%3A%2F%2Fspecs.openid.net%2Fauth%2F2.0%2Fidentifier_select&openid.ns=http%3A%2F%2Fspecs.openid.net%2Fauth%2F2.0","One person found this helpful","https://www.amazon.com/hz/reviews-render/report-review?ie=UTF8&ref=cm_cr_getr_d_rvw_hlp&csrfT=hCTiUeGPtu8RqOS%2BhBB57sX8nYLWV%2FZl5OUSBkY4ubDpAAAAAGXT4IcAAAAB&reviewId=RBV3JKKGDFVVF","Report","Showing  comments","https://images-na.ssl-images-amazon.com/images/G/01/x-locale/common/grey-pixel.gif"
"https://www.amazon.com/gp/profile/amzn1.account.AFM6WQTXVJ3K4RZBNIH7J5BGSAPA/ref=cm_cr_getr_d_gw_btm?ie=UTF8","","<img src=""https://images-na.ssl-images-amazon.com/images/S/amazon-avatars-global/default._CR0,0,1024,1024_SX48_.png""/>","Marsha blake","https://www.amazon.com/gp/customer-reviews/R3LX7PYJWQ983Y/ref=cm_cr_getr_d_rvw_ttl?ie=UTF8&ASIN=B08PQ7VYSV","1.0 out of 5 stars","Horrible it crumbles","Reviewed in the United States on August 17, 2022","https://www.amazon.com/gp/help/customer/display.html/ref=cm_cr_dp_d_rvw_avp?nodeId=G75XTB7MBMBTXP6W","Verified Purchase","It crumbles I just have little yorkie  puppy","https://www.amazon.com/ap/signin?openid.return_to=https%3A%2F%2Fwww.amazon.com%2FN-Bone-Puppy-Teething-Rings-Salmon%2Fproduct-reviews%2FB08PQ7VYSV%2Fref%3Dcm_cr_getr_d_vote_lft%3Fie%3DUTF8%26pageSize%3D10%26csrfT%3DhEpUOvP1Y4TULpxRbub6RukBZuVvusPotSSerjRRaRqPAAAAAGXT4IcAAAAB%26reviewId%3DR3LX7PYJWQ983Y&openid.identity=http%3A%2F%2Fspecs.openid.net%2Fauth%2F2.0%2Fidentifier_select&openid.assoc_handle=usflex&openid.mode=checkid_setup&marketPlaceId=ATVPDKIKX0DER&language=en&openid.claimed_id=http%3A%2F%2Fspecs.openid.net%2Fauth%2F2.0%2Fidentifier_select&openid.ns=http%3A%2F%2Fspecs.openid.net%2Fauth%2F2.0","One person found this helpful","https://www.amazon.com/hz/reviews-render/report-review?ie=UTF8&ref=cm_cr_getr_d_rvw_hlp&csrfT=hEpUOvP1Y4TULpxRbub6RukBZuVvusPotSSerjRRaRqPAAAAAGXT4IcAAAAB&reviewId=R3LX7PYJWQ983Y","Report","Showing  comments","https://images-na.ssl-images-amazon.com/images/G/01/x-locale/common/grey-pixel.gif"
"https://www.amazon.com/gp/profile/amzn1.account.AGW3O4L7KZQZEHSUWBGZPO6UG4OA/ref=cm_cr_getr_d_gw_btm?ie=UTF8","","<img src=""https://images-na.ssl-images-amazon.com/images/S/amazon-avatars-global/default._CR0,0,1024,1024_SX48_.png""/>","Trusting Consumer","https://www.amazon.com/gp/customer-reviews/RIKEPB7D1S056/ref=cm_cr_getr_d_rvw_ttl?ie=UTF8&ASIN=B08PQ7VYSV","1.0 out of 5 stars","Says for puppies but too big for my puppy","Reviewed in the United States on December 5, 2021","https://www.amazon.com/gp/help/customer/display.html/ref=cm_cr_dp_d_rvw_avp?nodeId=G75XTB7MBMBTXP6W","Verified Purchase","Wanted my puppy to have biting options but size was too difficult for her. She is a 5 poundMorkie","https://www.amazon.com/ap/signin?openid.return_to=https%3A%2F%2Fwww.amazon.com%2FN-Bone-Puppy-Teething-Rings-Salmon%2Fproduct-reviews%2FB08PQ7VYSV%2Fref%3Dcm_cr_getr_d_vote_lft%3Fie%3DUTF8%26pageSize%3D10%26csrfT%3DhPIsoW%252Bw82eWX0Vx75c11Ruuzj7e6znQS16ijdeWznaWAAAAAGXT4IcAAAAB%26reviewId%3DRIKEPB7D1S056&openid.identity=http%3A%2F%2Fspecs.openid.net%2Fauth%2F2.0%2Fidentifier_select&openid.assoc_handle=usflex&openid.mode=checkid_setup&marketPlaceId=ATVPDKIKX0DER&language=en&openid.claimed_id=http%3A%2F%2Fspecs.openid.net%2Fauth%2F2.0%2Fidentifier_select&openid.ns=http%3A%2F%2Fspecs.openid.net%2Fauth%2F2.0","Report","https://www.amazon.com/hz/reviews-render/report-review?ie=UTF8&ref=cm_cr_getr_d_rvw_hlp&csrfT=hPIsoW%2Bw82eWX0Vx75c11Ruuzj7e6znQS16ijdeWznaWAAAAAGXT4IcAAAAB&reviewId=RIKEPB7D1S056","Showing  comments","","https://images-na.ssl-images-amazon.com/images/G/01/x-locale/common/grey-pixel.gif"
"https://www.amazon.com/gp/profile/amzn1.account.AEUBXO57LNTEWNBGOJUZZ2FMXL7A/ref=cm_cr_getr_d_gw_btm?ie=UTF8","https://images-na.ssl-images-amazon.com/images/S/amazon-avatars-global/default._CR0,0,1024,1024_SX48_.png","<img src=""https://images-na.ssl-images-amazon.com/images/S/amazon-avatars-global/default._CR0,0,1024,1024_SX48_.png""/>","rhonda williams","https://www.amazon.com/gp/customer-reviews/R403TQMIO71JF/ref=cm_cr_getr_d_rvw_ttl?ie=UTF8&ASIN=B08PQ7VYSV","1.0 out of 5 stars","Eew","Reviewed in the United States on July 20, 2021","https://www.amazon.com/gp/help/customer/display.html/ref=cm_cr_dp_d_rvw_avp?nodeId=G75XTB7MBMBTXP6W","Verified Purchase","Disgusting!! These rings absolutely reek, so I'm giving them to my older pup to get rid of them!!","https://www.amazon.com/ap/signin?openid.return_to=https%3A%2F%2Fwww.amazon.com%2FN-Bone-Puppy-Teething-Rings-Salmon%2Fproduct-reviews%2FB08PQ7VYSV%2Fref%3Dcm_cr_getr_d_vote_lft%3Fie%3DUTF8%26pageSize%3D10%26csrfT%3DhJxAVEdIgR%252Bsk05V0b%252FiyV%252BBJdxroNM1VHWeN74srm8PAAAAAGXT4IkAAAAB%26reviewId%3DR403TQMIO71JF&openid.identity=http%3A%2F%2Fspecs.openid.net%2Fauth%2F2.0%2Fidentifier_select&openid.assoc_handle=usflex&openid.mode=checkid_setup&marketPlaceId=ATVPDKIKX0DER&language=en&openid.claimed_id=http%3A%2F%2Fspecs.openid.net%2Fauth%2F2.0%2Fidentifier_select&openid.ns=http%3A%2F%2Fspecs.openid.net%2Fauth%2F2.0","Report","https://www.amazon.com/hz/reviews-render/report-review?ie=UTF8&ref=cm_cr_getr_d_rvw_hlp&csrfT=hJxAVEdIgR%2Bsk05V0b%2FiyV%2BBJdxroNM1VHWeN74srm8PAAAAAGXT4IkAAAAB&reviewId=R403TQMIO71JF","Showing  comments","",""
"https://www.amazon.com/gp/profile/amzn1.account.AEEHTFRL4XCIIXHFV4OH25TBXFIA/ref=cm_cr_getr_d_gw_btm?ie=UTF8","https://images-na.ssl-images-amazon.com/images/S/amazon-avatars-global/default._CR0,0,1024,1024_SX48_.png","<img src=""https://images-na.ssl-images-amazon.com/images/S/amazon-avatars-global/default._CR0,0,1024,1024_SX48_.png""/>","Anderson789","https://www.amazon.com/gp/customer-reviews/R19PYNRUQ28WC/ref=cm_cr_getr_d_rvw_ttl?ie=UTF8&ASIN=B08PQ7VYSV","1.0 out of 5 stars","Choking Hazard","Reviewed in the United States on January 12, 2024","","","Always have to toss them after my 7lb puppy (mini golden doodle) breaks the ring after a few mins after chewing. Then she breaks off pieces. The pieces are hard and can cause choking. Beware and at the very least, don‚Äôt leave your dog alone with these.","https://www.amazon.com/ap/signin?openid.return_to=https%3A%2F%2Fwww.amazon.com%2FN-Bone-Puppy-Teething-Rings-Salmon%2Fproduct-reviews%2FB08PQ7VYSV%2Fref%3Dcm_cr_getr_d_vote_lft%3Fie%3DUTF8%26pageSize%3D10%26csrfT%3DhNn3UghU2RBFehNnMF2PLfUIw3za0wZ2dqzwJPxCV7rbAAAAAGXT4IkAAAAB%26reviewId%3DR19PYNRUQ28WC&openid.identity=http%3A%2F%2Fspecs.openid.net%2Fauth%2F2.0%2Fidentifier_select&openid.assoc_handle=usflex&openid.mode=checkid_setup&marketPlaceId=ATVPDKIKX0DER&language=en&openid.claimed_id=http%3A%2F%2Fspecs.openid.net%2Fauth%2F2.0%2Fidentifier_select&openid.ns=http%3A%2F%2Fspecs.openid.net%2Fauth%2F2.0","Report","https://www.amazon.com/hz/reviews-render/report-review?ie=UTF8&ref=cm_cr_getr_d_rvw_hlp&csrfT=hNn3UghU2RBFehNnMF2PLfUIw3za0wZ2dqzwJPxCV7rbAAAAAGXT4IkAAAAB&reviewId=R19PYNRUQ28WC","Showing  comments","",""
"https://www.amazon.com/gp/profile/amzn1.account.AE3TSN25AWLX3O7IL424BLPTEHRQ/ref=cm_cr_getr_d_gw_btm?ie=UTF8","https://images-na.ssl-images-amazon.com/images/S/amazon-avatars-global/default._CR0,0,1024,1024_SX48_.png","<img src=""https://images-na.ssl-images-amazon.com/images/S/amazon-avatars-global/default._CR0,0,1024,1024_SX48_.png""/>","Diane B","https://www.amazon.com/gp/customer-reviews/R3U72F7U9ANUCN/ref=cm_cr_getr_d_rvw_ttl?ie=UTF8&ASIN=B08PQ7VYSV","1.0 out of 5 stars","Please read","Reviewed in the United States on April 18, 2023","","","Warning ‚ö†Ô∏è My 5 month old Golden Retriever is 45 lbs & a really strong chewer. These rings have a great flavor he liked. Please don‚Äôt ever leave your young pup or adult dog unsupervised because big pieces break off or just don‚Äôt give because the pup cannot chew them. I had to stop them all together because even when supervised there‚Äôs a risk of choking. I have tried calling the company but no response.","https://www.amazon.com/ap/signin?openid.return_to=https%3A%2F%2Fwww.amazon.com%2FN-Bone-Puppy-Teething-Rings-Salmon%2Fproduct-reviews%2FB08PQ7VYSV%2Fref%3Dcm_cr_getr_d_vote_lft%3Fie%3DUTF8%26pageSize%3D10%26csrfT%3DhN15dWeR94UPmEYuLzBz2sDyqXOgEKBj1xhe0FtEaXYRAAAAAGXT4IkAAAAB%26reviewId%3DR3U72F7U9ANUCN&openid.identity=http%3A%2F%2Fspecs.openid.net%2Fauth%2F2.0%2Fidentifier_select&openid.assoc_handle=usflex&openid.mode=checkid_setup&marketPlaceId=ATVPDKIKX0DER&language=en&openid.claimed_id=http%3A%2F%2Fspecs.openid.net%2Fauth%2F2.0%2Fidentifier_select&openid.ns=http%3A%2F%2Fspecs.openid.net%2Fauth%2F2.0","Report","https://www.amazon.com/hz/reviews-render/report-review?ie=UTF8&ref=cm_cr_getr_d_rvw_hlp&csrfT=hN15dWeR94UPmEYuLzBz2sDyqXOgEKBj1xhe0FtEaXYRAAAAAGXT4IkAAAAB&reviewId=R3U72F7U9ANUCN","Showing  comments","",""
"https://www.amazon.com/gp/profile/amzn1.account.AGWOSG7BUBAXOIHVBR65MBF2XF4A/ref=cm_cr_getr_d_gw_btm?ie=UTF8","https://images-na.ssl-images-amazon.com/images/S/amazon-avatars-global/default._CR0,0,1024,1024_SX48_.png","<img src=""https://images-na.ssl-images-amazon.com/images/S/amazon-avatars-global/default._CR0,0,1024,1024_SX48_.png""/>","Mal","https://www.amazon.com/gp/customer-reviews/RZFQ10KZJ9HES/ref=cm_cr_getr_d_rvw_ttl?ie=UTF8&ASIN=B08PQ7VYSV","1.0 out of 5 stars","My dog and Neibors won‚Äôt even touch them","Reviewed in the United States on November 28, 2022","","","I do not recommend these at all. My puppy refuses to even grab it with his mouth. My Neibors dog who loves chewing bones and rings won‚Äôt touch it and won‚Äôt even put in his mouth to move out of the way. They smell terrible and are very hard (my puppy couldn‚Äôt even chew if he wanted to)","https://www.amazon.com/ap/signin?openid.return_to=https%3A%2F%2Fwww.amazon.com%2FN-Bone-Puppy-Teething-Rings-Salmon%2Fproduct-reviews%2FB08PQ7VYSV%2Fref%3Dcm_cr_getr_d_vote_lft%3Fie%3DUTF8%26pageSize%3D10%26csrfT%3DhIC4sEBdGG8NShy%252BWHKSFnq3kWF9KpN4r8eT%252FAioMp44AAAAAGXT4IkAAAAB%26reviewId%3DRZFQ10KZJ9HES&openid.identity=http%3A%2F%2Fspecs.openid.net%2Fauth%2F2.0%2Fidentifier_select&openid.assoc_handle=usflex&openid.mode=checkid_setup&marketPlaceId=ATVPDKIKX0DER&language=en&openid.claimed_id=http%3A%2F%2Fspecs.openid.net%2Fauth%2F2.0%2Fidentifier_select&openid.ns=http%3A%2F%2Fspecs.openid.net%2Fauth%2F2.0","Report","https://www.amazon.com/hz/reviews-render/report-review?ie=UTF8&ref=cm_cr_getr_d_rvw_hlp&csrfT=hIC4sEBdGG8NShy%2BWHKSFnq3kWF9KpN4r8eT%2FAioMp44AAAAAGXT4IkAAAAB&reviewId=RZFQ10KZJ9HES","Showing  comments","",""
"https://www.amazon.com/gp/profile/amzn1.account.AHXOSTJNAN66FTLAAVNEOGMK6AXA/ref=cm_cr_getr_d_gw_btm?ie=UTF8","https://images-na.ssl-images-amazon.com/images/S/amazon-avatars-global/default._CR0,0,1024,1024_SX48_.png","<img src=""https://images-na.ssl-images-amazon.com/images/S/amazon-avatars-global/default._CR0,0,1024,1024_SX48_.png""/>","Maggie Mae","https://www.amazon.com/gp/customer-reviews/R3C6QWZAKX5VWU/ref=cm_cr_getr_d_rvw_ttl?ie=UTF8&ASIN=B08PQ7VYSV","5.0 out of 5 stars","Great purpose treat for dog","Reviewed in the United States on May 6, 2022","https://www.amazon.com/gp/help/customer/display.html/ref=cm_cr_dp_d_rvw_avp?nodeId=G75XTB7MBMBTXP6W","Verified Purchase","My doggie is not picky. She loves these.üôÉ","https://www.amazon.com/ap/signin?openid.return_to=https%3A%2F%2Fwww.amazon.com%2FN-Bone-Puppy-Teething-Rings-Salmon%2Fproduct-reviews%2FB08PQ7VYSV%2Fref%3Dcm_cr_getr_d_vote_lft%3Fie%3DUTF8%26pageSize%3D10%26csrfT%3DhMBt%252FpUp%252BgN0vdGK4an3gyMt5R7vjsH32H0slP%252F2FcR1AAAAAGXT4IkAAAAB%26reviewId%3DR3C6QWZAKX5VWU&openid.identity=http%3A%2F%2Fspecs.openid.net%2Fauth%2F2.0%2Fidentifier_select&openid.assoc_handle=usflex&openid.mode=checkid_setup&marketPlaceId=ATVPDKIKX0DER&language=en&openid.claimed_id=http%3A%2F%2Fspecs.openid.net%2Fauth%2F2.0%2Fidentifier_select&openid.ns=http%3A%2F%2Fspecs.openid.net%2Fauth%2F2.0","Report","https://www.amazon.com/hz/reviews-render/report-review?ie=UTF8&ref=cm_cr_getr_d_rvw_hlp&csrfT=hMBt%2FpUp%2BgN0vdGK4an3gyMt5R7vjsH32H0slP%2F2FcR1AAAAAGXT4IkAAAAB&reviewId=R3C6QWZAKX5VWU","Showing  comments","",""
"https://www.amazon.com/gp/profile/amzn1.account.AFNLYQQTPSKQ6ZXAFFW7QB32EK5A/ref=cm_cr_getr_d_gw_btm?ie=UTF8","https://images-na.ssl-images-amazon.com/images/S/amazon-avatars-global/default._CR0,0,1024,1024_SX48_.png","<img src=""https://images-na.ssl-images-amazon.com/images/S/amazon-avatars-global/default._CR0,0,1024,1024_SX48_.png""/>","Amaya Acevedo","https://www.amazon.com/gp/customer-reviews/R2K7WF1Y6PI9WS/ref=cm_cr_getr_d_rvw_ttl?ie=UTF8&ASIN=B08PQ7VYSV","5.0 out of 5 stars","Love","Reviewed in the United States on April 8, 2023","https://www.amazon.com/gp/help/customer/display.html/ref=cm_cr_dp_d_rvw_avp?nodeId=G75XTB7MBMBTXP6W","Verified Purchase","I bought this for my puppy but my other two loved it so much I had to buy another bag for them. Kept them busy for awhile","https://www.amazon.com/ap/signin?openid.return_to=https%3A%2F%2Fwww.amazon.com%2FN-Bone-Puppy-Teething-Rings-Salmon%2Fproduct-reviews%2FB08PQ7VYSV%2Fref%3Dcm_cr_getr_d_vote_lft%3Fie%3DUTF8%26pageSize%3D10%26csrfT%3DhBgDjS4zwSh2mAfMy3POvjF7Rflw7%252BKcpyypUfpn1YiOAAAAAGXT4IkAAAAB%26reviewId%3DR2K7WF1Y6PI9WS&openid.identity=http%3A%2F%2Fspecs.openid.net%2Fauth%2F2.0%2Fidentifier_select&openid.assoc_handle=usflex&openid.mode=checkid_setup&marketPlaceId=ATVPDKIKX0DER&language=en&openid.claimed_id=http%3A%2F%2Fspecs.openid.net%2Fauth%2F2.0%2Fidentifier_select&openid.ns=http%3A%2F%2Fspecs.openid.net%2Fauth%2F2.0","Report","https://www.amazon.com/hz/reviews-render/report-review?ie=UTF8&ref=cm_cr_getr_d_rvw_hlp&csrfT=hBgDjS4zwSh2mAfMy3POvjF7Rflw7%2BKcpyypUfpn1YiOAAAAAGXT4IkAAAAB&reviewId=R2K7WF1Y6PI9WS","Showing  comments","",""
"https://www.amazon.com/gp/profile/amzn1.account.AH26IGBFWLPBWVUO3P672EWW5MYQ/ref=cm_cr_getr_d_gw_btm?ie=UTF8","","<img src=""https://images-na.ssl-images-amazon.com/images/S/amazon-avatars-global/default._CR0,0,1024,1024_SX48_.png""/>","Alexis Whitehorn","https://www.amazon.com/gp/customer-reviews/R2YKFT32B0SKTZ/ref=cm_cr_getr_d_rvw_ttl?ie=UTF8&ASIN=B08PQ7VYSV","5.0 out of 5 stars","These are great","Reviewed in the United States on January 26, 2023","https://www.amazon.com/gp/help/customer/display.html/ref=cm_cr_dp_d_rvw_avp?nodeId=G75XTB7MBMBTXP6W","Verified Purchase","My puppy loves these! Although I got the salmon rings and they kind of smell like pee. It was a little confusing but they‚Äôre still great! Would recommend.","https://www.amazon.com/ap/signin?openid.return_to=https%3A%2F%2Fwww.amazon.com%2FN-Bone-Puppy-Teething-Rings-Salmon%2Fproduct-reviews%2FB08PQ7VYSV%2Fref%3Dcm_cr_getr_d_vote_lft%3Fie%3DUTF8%26pageSize%3D10%26csrfT%3DhJkahE2El1puY4fIJOFJ5nxc1wWR7QNj7m%252FIPU3KnWcqAAAAAGXT4IkAAAAB%26reviewId%3DR2YKFT32B0SKTZ&openid.identity=http%3A%2F%2Fspecs.openid.net%2Fauth%2F2.0%2Fidentifier_select&openid.assoc_handle=usflex&openid.mode=checkid_setup&marketPlaceId=ATVPDKIKX0DER&language=en&openid.claimed_id=http%3A%2F%2Fspecs.openid.net%2Fauth%2F2.0%2Fidentifier_select&openid.ns=http%3A%2F%2Fspecs.openid.net%2Fauth%2F2.0","Report","https://www.amazon.com/hz/reviews-render/report-review?ie=UTF8&ref=cm_cr_getr_d_rvw_hlp&csrfT=hJkahE2El1puY4fIJOFJ5nxc1wWR7QNj7m%2FIPU3KnWcqAAAAAGXT4IkAAAAB&reviewId=R2YKFT32B0SKTZ","Showing  comments","","https://images-na.ssl-images-amazon.com/images/G/01/x-locale/common/grey-pixel.gif"