"a-profile href","a-profile-avatar","a-profile-name","a-size-base href","a-icon-alt","a-size-base","a-size-base 2","a-link-normal href","a-size-mini","a-size-base 3","a-size-base 4","a-size-base 5","a-size-base 6","a-button-text href","a-size-base href 2","a-lazy-loaded src"
"https://www.amazon.com/gp/profile/amzn1.account.AEXBCAL5IDLVE5HGA7R6GEZOOWOA/ref=cm_cr_arp_d_gw_btm?ie=UTF8","<img src=""https://images-na.ssl-images-amazon.com/images/S/amazon-avatars-global/default._CR0,0,1024,1024_SX48_.png""/>","Ashley Harris","https://www.amazon.com/gp/customer-reviews/R2R4G8VCJGKZ6H/ref=cm_cr_arp_d_rvw_ttl?ie=UTF8&ASIN=B08S6MQZVV","5.0 out of 5 stars","These are great!","Reviewed in the United States on October 23, 2022","https://www.amazon.com/gp/help/customer/display.html/ref=cm_cr_dp_d_rvw_avp?nodeId=G75XTB7MBMBTXP6W","Verified Purchase","I was looking for an affordable but healthy soft treat to give my little senior. He will not and cannot even try to eat a hard treat. These are just right! They arrived early, he loves the flavor, I love that they support his joints. They were all intact so no crumbs. Very soft texture so he was able to enjoy them with ease. I can't even move the bag without him getting excited. We will be purchasing these more often! Happy dog mom here!","These are great!","I was looking for an affordable but healthy soft treat to give my little senior. He will not and cannot even try to eat a hard treat. These are just right! They arrived early, he loves the flavor, I love that they support his joints. They were all intact so no crumbs. Very soft texture so he was able to enjoy them with ease. I can't even move the bag without him getting excited. We will be purchasing these more often! Happy dog mom here!","4 people found this helpful","https://www.amazon.com/ap/signin?openid.return_to=https%3A%2F%2Fwww.amazon.com%2FGet-Naked-Biteables-Senior-Health%2Fproduct-reviews%2FB08S6MQZVV%2Fref%3Dcm_cr_arp_d_vote_lft%3Fie%3DUTF8%26csrfT%3DhNWsRLo78%252BAvHL4j2FxeWkpdK5jj4XR9dMCqASjbprjPAAAAAGXT4mgAAAAB%26reviewId%3DR2R4G8VCJGKZ6H&openid.identity=http%3A%2F%2Fspecs.openid.net%2Fauth%2F2.0%2Fidentifier_select&openid.assoc_handle=usflex&openid.mode=checkid_setup&marketPlaceId=ATVPDKIKX0DER&language=en&openid.claimed_id=http%3A%2F%2Fspecs.openid.net%2Fauth%2F2.0%2Fidentifier_select&openid.ns=http%3A%2F%2Fspecs.openid.net%2Fauth%2F2.0","https://www.amazon.com/hz/reviews-render/report-review?ie=UTF8&ref=cm_cr_arp_d_rvw_hlp&csrfT=hNWsRLo78%2BAvHL4j2FxeWkpdK5jj4XR9dMCqASjbprjPAAAAAGXT4mgAAAAB&reviewId=R2R4G8VCJGKZ6H",""
"https://www.amazon.com/gp/profile/amzn1.account.AGTAV6NXKKFFKEH7N7XAEF5OD2NQ/ref=cm_cr_arp_d_gw_btm?ie=UTF8","<img src=""https://images-na.ssl-images-amazon.com/images/S/amazon-avatars-global/default._CR0,0,1024,1024_SX48_.png""/>","Amy J. Russell","https://www.amazon.com/gp/customer-reviews/R3FQ1J2TI9252V/ref=cm_cr_arp_d_rvw_ttl?ie=UTF8&ASIN=B08S6MQZVV","5.0 out of 5 stars","she loves them","Reviewed in the United States on August 29, 2022","https://www.amazon.com/gp/help/customer/display.html/ref=cm_cr_dp_d_rvw_avp?nodeId=G75XTB7MBMBTXP6W","Verified Purchase","My senior girl Trixie loves these, she eats all her food when I crumble a few on top. Keeping calories on an aged dog is important and these are small, soft and tasty.","2 people found this helpful","Report","Showing  comments","https://www.amazon.com/ap/signin?openid.return_to=https%3A%2F%2Fwww.amazon.com%2FGet-Naked-Biteables-Senior-Health%2Fproduct-reviews%2FB08S6MQZVV%2Fref%3Dcm_cr_arp_d_vote_lft%3Fie%3DUTF8%26csrfT%3DhJet3MbWIOm8ApuMVqiqiI427uRWHUXy1B5e4ynuuFi5AAAAAGXT4mgAAAAB%26reviewId%3DR3FQ1J2TI9252V&openid.identity=http%3A%2F%2Fspecs.openid.net%2Fauth%2F2.0%2Fidentifier_select&openid.assoc_handle=usflex&openid.mode=checkid_setup&marketPlaceId=ATVPDKIKX0DER&language=en&openid.claimed_id=http%3A%2F%2Fspecs.openid.net%2Fauth%2F2.0%2Fidentifier_select&openid.ns=http%3A%2F%2Fspecs.openid.net%2Fauth%2F2.0","https://www.amazon.com/hz/reviews-render/report-review?ie=UTF8&ref=cm_cr_arp_d_rvw_hlp&csrfT=hJet3MbWIOm8ApuMVqiqiI427uRWHUXy1B5e4ynuuFi5AAAAAGXT4mgAAAAB&reviewId=R3FQ1J2TI9252V","https://images-na.ssl-images-amazon.com/images/G/01/x-locale/common/grey-pixel.gif"
"https://www.amazon.com/gp/profile/amzn1.account.AEUUVKMMIU5N4AUVKOM5LJTGFGTA/ref=cm_cr_arp_d_gw_btm?ie=UTF8","<img src=""https://images-na.ssl-images-amazon.com/images/S/amazon-avatars-global/default._CR0,0,1024,1024_SX48_.png""/>","Lynda Meacham","https://www.amazon.com/gp/customer-reviews/R1RPTXMJ6LW2FX/ref=cm_cr_arp_d_rvw_ttl?ie=UTF8&ASIN=B08S6MQZVV","5.0 out of 5 stars","Soft","Reviewed in the United States on February 2, 2023","https://www.amazon.com/gp/help/customer/display.html/ref=cm_cr_dp_d_rvw_avp?nodeId=G75XTB7MBMBTXP6W","Verified Purchase","My 15 year old dachshund has lost some teeth, Biteables are soft and easy to chew for him.","2 people found this helpful","Report","Showing  comments","https://www.amazon.com/ap/signin?openid.return_to=https%3A%2F%2Fwww.amazon.com%2FGet-Naked-Biteables-Senior-Health%2Fproduct-reviews%2FB08S6MQZVV%2Fref%3Dcm_cr_arp_d_vote_lft%3Fie%3DUTF8%26csrfT%3DhFeN%252Bv8WZX6erYf2enMp9JMolylOyeQ2fB%252B4cPx7q0HOAAAAAGXT4mgAAAAB%26reviewId%3DR1RPTXMJ6LW2FX&openid.identity=http%3A%2F%2Fspecs.openid.net%2Fauth%2F2.0%2Fidentifier_select&openid.assoc_handle=usflex&openid.mode=checkid_setup&marketPlaceId=ATVPDKIKX0DER&language=en&openid.claimed_id=http%3A%2F%2Fspecs.openid.net%2Fauth%2F2.0%2Fidentifier_select&openid.ns=http%3A%2F%2Fspecs.openid.net%2Fauth%2F2.0","https://www.amazon.com/hz/reviews-render/report-review?ie=UTF8&ref=cm_cr_arp_d_rvw_hlp&csrfT=hFeN%2Bv8WZX6erYf2enMp9JMolylOyeQ2fB%2B4cPx7q0HOAAAAAGXT4mgAAAAB&reviewId=R1RPTXMJ6LW2FX","https://images-na.ssl-images-amazon.com/images/G/01/x-locale/common/grey-pixel.gif"
"https://www.amazon.com/gp/profile/amzn1.account.AHO4UW2FAK6R75E5M45KS4UKNSZA/ref=cm_cr_arp_d_gw_btm?ie=UTF8","<img src=""https://images-na.ssl-images-amazon.com/images/S/amazon-avatars-global/default._CR0,0,1024,1024_SX48_.png""/>","Lizzie","https://www.amazon.com/gp/customer-reviews/RBYVQ1DKZR0WX/ref=cm_cr_arp_d_rvw_ttl?ie=UTF8&ASIN=B08S6MQZVV","3.0 out of 5 stars","Not that soft","Reviewed in the United States on November 15, 2022","https://www.amazon.com/gp/help/customer/display.html/ref=cm_cr_dp_d_rvw_avp?nodeId=G75XTB7MBMBTXP6W","Verified Purchase","My senior dog has missing teeth. I need to cut these into smaller chunks to use them so she can swallow them (whole!) She’s fine chewing on softer things but not these.","Report","Showing  comments","","https://www.amazon.com/ap/signin?openid.return_to=https%3A%2F%2Fwww.amazon.com%2FGet-Naked-Biteables-Senior-Health%2Fproduct-reviews%2FB08S6MQZVV%2Fref%3Dcm_cr_arp_d_vote_lft%3Fie%3DUTF8%26csrfT%3DhOHDrmGTDSqZQ0q1IDYWISudooBfwOYoyeErZ9NB227VAAAAAGXT4mgAAAAB%26reviewId%3DRBYVQ1DKZR0WX&openid.identity=http%3A%2F%2Fspecs.openid.net%2Fauth%2F2.0%2Fidentifier_select&openid.assoc_handle=usflex&openid.mode=checkid_setup&marketPlaceId=ATVPDKIKX0DER&language=en&openid.claimed_id=http%3A%2F%2Fspecs.openid.net%2Fauth%2F2.0%2Fidentifier_select&openid.ns=http%3A%2F%2Fspecs.openid.net%2Fauth%2F2.0","https://www.amazon.com/hz/reviews-render/report-review?ie=UTF8&ref=cm_cr_arp_d_rvw_hlp&csrfT=hOHDrmGTDSqZQ0q1IDYWISudooBfwOYoyeErZ9NB227VAAAAAGXT4mgAAAAB&reviewId=RBYVQ1DKZR0WX","https://images-na.ssl-images-amazon.com/images/G/01/x-locale/common/grey-pixel.gif"
"https://www.amazon.com/gp/profile/amzn1.account.AGNXOP4XOBHEOMVU2K77CS33FBHQ/ref=cm_cr_arp_d_gw_btm?ie=UTF8","<img src=""https://images-na.ssl-images-amazon.com/images/S/amazon-avatars-global/default._CR0,0,1024,1024_SX48_.png""/>","Augz","https://www.amazon.com/gp/customer-reviews/R35NWHIZ14S7VF/ref=cm_cr_arp_d_rvw_ttl?ie=UTF8&ASIN=B08S6MQZVV","5.0 out of 5 stars","My dog loves them","Reviewed in the United States on March 23, 2022","https://www.amazon.com/gp/help/customer/display.html/ref=cm_cr_dp_d_rvw_avp?nodeId=G75XTB7MBMBTXP6W","Verified Purchase","I bought these as treats for my senior dog. She has had all of her teeth removed, but she can eat these with ease. She loves them and the small size make them easy to hide in her snuffle mat.","3 people found this helpful","Report","Showing  comments","https://www.amazon.com/ap/signin?openid.return_to=https%3A%2F%2Fwww.amazon.com%2FGet-Naked-Biteables-Senior-Health%2Fproduct-reviews%2FB08S6MQZVV%2Fref%3Dcm_cr_arp_d_vote_lft%3Fie%3DUTF8%26csrfT%3DhE9sT%252ByRovJGb1WUqHbl1eT9sfTtncad1d4ctxORFQlmAAAAAGXT4mgAAAAB%26reviewId%3DR35NWHIZ14S7VF&openid.identity=http%3A%2F%2Fspecs.openid.net%2Fauth%2F2.0%2Fidentifier_select&openid.assoc_handle=usflex&openid.mode=checkid_setup&marketPlaceId=ATVPDKIKX0DER&language=en&openid.claimed_id=http%3A%2F%2Fspecs.openid.net%2Fauth%2F2.0%2Fidentifier_select&openid.ns=http%3A%2F%2Fspecs.openid.net%2Fauth%2F2.0","https://www.amazon.com/hz/reviews-render/report-review?ie=UTF8&ref=cm_cr_arp_d_rvw_hlp&csrfT=hE9sT%2ByRovJGb1WUqHbl1eT9sfTtncad1d4ctxORFQlmAAAAAGXT4mgAAAAB&reviewId=R35NWHIZ14S7VF","https://images-na.ssl-images-amazon.com/images/G/01/x-locale/common/grey-pixel.gif"
"https://www.amazon.com/gp/profile/amzn1.account.AEB2VCAQGS7EKOC7GRNEUQVWKXVA/ref=cm_cr_arp_d_gw_btm?ie=UTF8","<img src=""https://images-na.ssl-images-amazon.com/images/S/amazon-avatars-global/default._CR0,0,1024,1024_SX48_.png""/>","oakley2540","https://www.amazon.com/gp/customer-reviews/R18MNWXB5LHNTR/ref=cm_cr_arp_d_rvw_ttl?ie=UTF8&ASIN=B08S6MQZVV","5.0 out of 5 stars","My pups love them!","Reviewed in the United States on July 23, 2022","https://www.amazon.com/gp/help/customer/display.html/ref=cm_cr_dp_d_rvw_avp?nodeId=G75XTB7MBMBTXP6W","Verified Purchase","Both pups love these treats! I love that they are soft so that my 16 year old yorkie has no trouble eating them. I also love the fact that they are made in the USA!","2 people found this helpful","Report","Showing  comments","https://www.amazon.com/ap/signin?openid.return_to=https%3A%2F%2Fwww.amazon.com%2FGet-Naked-Biteables-Senior-Health%2Fproduct-reviews%2FB08S6MQZVV%2Fref%3Dcm_cr_arp_d_vote_lft%3Fie%3DUTF8%26csrfT%3DhPbTIyvoiYqyfhxef8XDPRJnzIYmb1JCYQRBL7abpL5fAAAAAGXT4mgAAAAB%26reviewId%3DR18MNWXB5LHNTR&openid.identity=http%3A%2F%2Fspecs.openid.net%2Fauth%2F2.0%2Fidentifier_select&openid.assoc_handle=usflex&openid.mode=checkid_setup&marketPlaceId=ATVPDKIKX0DER&language=en&openid.claimed_id=http%3A%2F%2Fspecs.openid.net%2Fauth%2F2.0%2Fidentifier_select&openid.ns=http%3A%2F%2Fspecs.openid.net%2Fauth%2F2.0","https://www.amazon.com/hz/reviews-render/report-review?ie=UTF8&ref=cm_cr_arp_d_rvw_hlp&csrfT=hPbTIyvoiYqyfhxef8XDPRJnzIYmb1JCYQRBL7abpL5fAAAAAGXT4mgAAAAB&reviewId=R18MNWXB5LHNTR","https://images-na.ssl-images-amazon.com/images/G/01/x-locale/common/grey-pixel.gif"
"https://www.amazon.com/gp/profile/amzn1.account.AEGCM7QUF7ZPJG6YC2WPBE3E5IHA/ref=cm_cr_arp_d_gw_btm?ie=UTF8","<img src=""https://images-na.ssl-images-amazon.com/images/S/amazon-avatars-global/default._CR0,0,1024,1024_SX48_.png""/>","Yellow Earrings","https://www.amazon.com/gp/customer-reviews/RRLVEKZHR1K3O/ref=cm_cr_arp_d_rvw_ttl?ie=UTF8&ASIN=B08S6MQZVV","4.0 out of 5 stars","She said they're yummy.","Reviewed in the United States on April 29, 2022","https://www.amazon.com/gp/help/customer/display.html/ref=cm_cr_dp_d_rvw_avp?nodeId=G75XTB7MBMBTXP6W","Verified Purchase","Our Morkie is spoiled when it comes to tteats. Since she had some teeth removed, she's not able to eat her favorites now, but she loves these. They're tiny and semi soft. Thanks for caring about our senior babies.","3 people found this helpful","Report","Showing  comments","https://www.amazon.com/ap/signin?openid.return_to=https%3A%2F%2Fwww.amazon.com%2FGet-Naked-Biteables-Senior-Health%2Fproduct-reviews%2FB08S6MQZVV%2Fref%3Dcm_cr_arp_d_vote_lft%3Fie%3DUTF8%26csrfT%3DhOhJGEBizLBZWmHfRC5TbCfbHLn79wTsvSXcBtv6kNLkAAAAAGXT4mgAAAAB%26reviewId%3DRRLVEKZHR1K3O&openid.identity=http%3A%2F%2Fspecs.openid.net%2Fauth%2F2.0%2Fidentifier_select&openid.assoc_handle=usflex&openid.mode=checkid_setup&marketPlaceId=ATVPDKIKX0DER&language=en&openid.claimed_id=http%3A%2F%2Fspecs.openid.net%2Fauth%2F2.0%2Fidentifier_select&openid.ns=http%3A%2F%2Fspecs.openid.net%2Fauth%2F2.0","https://www.amazon.com/hz/reviews-render/report-review?ie=UTF8&ref=cm_cr_arp_d_rvw_hlp&csrfT=hOhJGEBizLBZWmHfRC5TbCfbHLn79wTsvSXcBtv6kNLkAAAAAGXT4mgAAAAB&reviewId=RRLVEKZHR1K3O","https://images-na.ssl-images-amazon.com/images/G/01/x-locale/common/grey-pixel.gif"
"https://www.amazon.com/gp/profile/amzn1.account.AFYXZ3ZI5YAPBI7LI2IM6DK5PBRA/ref=cm_cr_arp_d_gw_btm?ie=UTF8","<img src=""https://images-na.ssl-images-amazon.com/images/S/amazon-avatars-global/5d9e6caf-cfcd-4897-a704-dd96589bdcda._CR0,79.0,843,843_SX48_.jpg""/>","Melissa","https://www.amazon.com/gp/customer-reviews/R1G4NTN5REWBF4/ref=cm_cr_arp_d_rvw_ttl?ie=UTF8&ASIN=B08S6MQZVV","5.0 out of 5 stars","Senior Dog Loves These","Reviewed in the United States on June 21, 2022","https://www.amazon.com/gp/help/customer/display.html/ref=cm_cr_dp_d_rvw_avp?nodeId=G75XTB7MBMBTXP6W","Verified Purchase","These treats are the only treats my dog really loves. She often turns her nose up at other brands/types I try to buy. She’s had all but 3 teeth removed and she eats these easily. I get these monthly for her and have only had 1 bag where I felt the treats were dry and lacked moisture, but she gobbled them down anyway. Feeding instructions do specifically state to only give between 8-10 a day.","2 people found this helpful","Report","Showing  comments","https://www.amazon.com/ap/signin?openid.return_to=https%3A%2F%2Fwww.amazon.com%2FGet-Naked-Biteables-Senior-Health%2Fproduct-reviews%2FB08S6MQZVV%2Fref%3Dcm_cr_arp_d_vote_lft%3Fie%3DUTF8%26csrfT%3DhMbgUMpsBS0ruQTK1ZkmUcv%252BFOHzIQkXqSWpvV9kVIB8AAAAAGXT4mgAAAAB%26reviewId%3DR1G4NTN5REWBF4&openid.identity=http%3A%2F%2Fspecs.openid.net%2Fauth%2F2.0%2Fidentifier_select&openid.assoc_handle=usflex&openid.mode=checkid_setup&marketPlaceId=ATVPDKIKX0DER&language=en&openid.claimed_id=http%3A%2F%2Fspecs.openid.net%2Fauth%2F2.0%2Fidentifier_select&openid.ns=http%3A%2F%2Fspecs.openid.net%2Fauth%2F2.0","https://www.amazon.com/hz/reviews-render/report-review?ie=UTF8&ref=cm_cr_arp_d_rvw_hlp&csrfT=hMbgUMpsBS0ruQTK1ZkmUcv%2BFOHzIQkXqSWpvV9kVIB8AAAAAGXT4mgAAAAB&reviewId=R1G4NTN5REWBF4","https://images-na.ssl-images-amazon.com/images/G/01/x-locale/common/grey-pixel.gif"
"https://www.amazon.com/gp/profile/amzn1.account.AG56FZBO27XZSDM7OOBJA2G7WMJQ/ref=cm_cr_arp_d_gw_btm?ie=UTF8","<img src=""https://images-na.ssl-images-amazon.com/images/S/amazon-avatars-global/default._CR0,0,1024,1024_SX48_.png""/>","MariaFaires,RD_PersonalTrainer","https://www.amazon.com/gp/customer-reviews/R2CWHTPJFLLKS2/ref=cm_cr_arp_d_rvw_ttl?ie=UTF8&ASIN=B08S6MQZVV","5.0 out of 5 stars","Good for senior dogs no teeth","Reviewed in the United States on October 7, 2022","https://www.amazon.com/gp/help/customer/display.html/ref=cm_cr_dp_d_rvw_avp?nodeId=G75XTB7MBMBTXP6W","Verified Purchase","I have a 6 pound senior dog who has very few teeth. She is at risk for choking since she sometimes swallows instead of chewing. These treats are perfect since they easily crumble. To lessen the risk of her choking even more, I give the treats a little squeeze to start the crumble process. I'm so glad I found this treat as a delicious option for her.","5 people found this helpful","Report","Showing  comments","https://www.amazon.com/ap/signin?openid.return_to=https%3A%2F%2Fwww.amazon.com%2FGet-Naked-Biteables-Senior-Health%2Fproduct-reviews%2FB08S6MQZVV%2Fref%3Dcm_cr_arp_d_vote_lft%3Fie%3DUTF8%26csrfT%3DhPf%252BBPNpH8YCJnoY7n7d7mVQxOlUQC5v0IIk4H7vP0xCAAAAAGXT4mgAAAAB%26reviewId%3DR2CWHTPJFLLKS2&openid.identity=http%3A%2F%2Fspecs.openid.net%2Fauth%2F2.0%2Fidentifier_select&openid.assoc_handle=usflex&openid.mode=checkid_setup&marketPlaceId=ATVPDKIKX0DER&language=en&openid.claimed_id=http%3A%2F%2Fspecs.openid.net%2Fauth%2F2.0%2Fidentifier_select&openid.ns=http%3A%2F%2Fspecs.openid.net%2Fauth%2F2.0","https://www.amazon.com/hz/reviews-render/report-review?ie=UTF8&ref=cm_cr_arp_d_rvw_hlp&csrfT=hPf%2BBPNpH8YCJnoY7n7d7mVQxOlUQC5v0IIk4H7vP0xCAAAAAGXT4mgAAAAB&reviewId=R2CWHTPJFLLKS2","https://images-na.ssl-images-amazon.com/images/G/01/x-locale/common/grey-pixel.gif"
"https://www.amazon.com/gp/profile/amzn1.account.AEJA73IK47EE5BXW56FEDYWNGHVQ/ref=cm_cr_arp_d_gw_btm?ie=UTF8","<img src=""https://images-na.ssl-images-amazon.com/images/S/amazon-avatars-global/default._CR0,0,1024,1024_SX48_.png""/>","PetesMom","https://www.amazon.com/gp/customer-reviews/R3IV20TS4C81ET/ref=cm_cr_arp_d_rvw_ttl?ie=UTF8&ASIN=B08S6MQZVV","5.0 out of 5 stars","For my sweet senior dog","Reviewed in the United States on December 24, 2021","https://www.amazon.com/gp/help/customer/display.html/ref=cm_cr_dp_d_rvw_avp?nodeId=G75XTB7MBMBTXP6W","Verified Purchase","My senior shitzhu mix has problems pooping so everything has to be soft.He is starting to lose some teeth but my boy is still happy, active and loves his treats. After trying many types that had to be made in the USA, organic or  as close as possible without chemicals,hormones,etc. Finally…jackpot! He loves them! Perfect for his teeth issues, keeps him regular as long as I don’t overdo it. I hope this can help others with these issues.","5 people found this helpful","Report","Showing  comments","https://www.amazon.com/ap/signin?openid.return_to=https%3A%2F%2Fwww.amazon.com%2FGet-Naked-Biteables-Senior-Health%2Fproduct-reviews%2FB08S6MQZVV%2Fref%3Dcm_cr_arp_d_vote_lft%3Fie%3DUTF8%26csrfT%3DhMGumqDweqwy6G%252FNrwynpxxlpLex%252FSx5dlnZe3rYxtweAAAAAGXT4mgAAAAB%26reviewId%3DR3IV20TS4C81ET&openid.identity=http%3A%2F%2Fspecs.openid.net%2Fauth%2F2.0%2Fidentifier_select&openid.assoc_handle=usflex&openid.mode=checkid_setup&marketPlaceId=ATVPDKIKX0DER&language=en&openid.claimed_id=http%3A%2F%2Fspecs.openid.net%2Fauth%2F2.0%2Fidentifier_select&openid.ns=http%3A%2F%2Fspecs.openid.net%2Fauth%2F2.0","https://www.amazon.com/hz/reviews-render/report-review?ie=UTF8&ref=cm_cr_arp_d_rvw_hlp&csrfT=hMGumqDweqwy6G%2FNrwynpxxlpLex%2FSx5dlnZe3rYxtweAAAAAGXT4mgAAAAB&reviewId=R3IV20TS4C81ET","https://images-na.ssl-images-amazon.com/images/G/01/x-locale/common/grey-pixel.gif"
"https://www.amazon.com/gp/profile/amzn1.account.AEW6BLSM63YZROS5ABD2GD6MEXQA/ref=cm_cr_getr_d_gw_btm?ie=UTF8","<img src=""https://images-na.ssl-images-amazon.com/images/S/amazon-avatars-global/default._CR0,0,1024,1024_SX48_.png""/>","Natalie P.","https://www.amazon.com/gp/customer-reviews/ROLPFX2EZTTR3/ref=cm_cr_getr_d_rvw_ttl?ie=UTF8&ASIN=B08S6MQZVV","5.0 out of 5 stars","Love this product","Reviewed in the United States on March 13, 2023","https://www.amazon.com/gp/help/customer/display.html/ref=cm_cr_dp_d_rvw_avp?nodeId=G75XTB7MBMBTXP6W","Verified Purchase","My dogs favorite treat","One person found this helpful","Report","Showing  comments","https://www.amazon.com/ap/signin?openid.return_to=https%3A%2F%2Fwww.amazon.com%2FGet-Naked-Biteables-Senior-Health%2Fproduct-reviews%2FB08S6MQZVV%2Fref%3Dcm_cr_getr_d_vote_lft%3Fie%3DUTF8%26pageSize%3D10%26csrfT%3DhCh6I6NMs2WHkv%252BaGD84kyYsxYHNvMSCPh4mhhwBE7BhAAAAAGXT4nAAAAAB%26reviewId%3DROLPFX2EZTTR3&openid.identity=http%3A%2F%2Fspecs.openid.net%2Fauth%2F2.0%2Fidentifier_select&openid.assoc_handle=usflex&openid.mode=checkid_setup&marketPlaceId=ATVPDKIKX0DER&language=en&openid.claimed_id=http%3A%2F%2Fspecs.openid.net%2Fauth%2F2.0%2Fidentifier_select&openid.ns=http%3A%2F%2Fspecs.openid.net%2Fauth%2F2.0","https://www.amazon.com/hz/reviews-render/report-review?ie=UTF8&ref=cm_cr_getr_d_rvw_hlp&csrfT=hCh6I6NMs2WHkv%2BaGD84kyYsxYHNvMSCPh4mhhwBE7BhAAAAAGXT4nAAAAAB&reviewId=ROLPFX2EZTTR3",""
"https://www.amazon.com/gp/profile/amzn1.account.AFFOS22FW76FBQRLI24DUPZY4EMA/ref=cm_cr_getr_d_gw_btm?ie=UTF8","<img src=""https://images-na.ssl-images-amazon.com/images/S/amazon-avatars-global/default._CR0,0,1024,1024_SX48_.png""/>","RP","https://www.amazon.com/gp/customer-reviews/R2H86RN641J8LQ/ref=cm_cr_getr_d_rvw_ttl?ie=UTF8&ASIN=B08S6MQZVV","3.0 out of 5 stars","This time 1/4 of bag crumbled....could not use.","Reviewed in the United States on August 20, 2022","https://www.amazon.com/gp/help/customer/display.html/ref=cm_cr_dp_d_rvw_avp?nodeId=G75XTB7MBMBTXP6W","Verified Purchase","My dog loves these but they are too expensive to waste 1/4 of the bag due to treats crumbling...will have to find a store I can purchase them at...not taking a chance.  Return window expired.","This time 1/4 of bag crumbled....could not use.","My dog loves these but they are too expensive to waste 1/4 of the bag due to treats crumbling...will have to find a store I can purchase them at...not taking a chance.  Return window expired.","2 people found this helpful","https://www.amazon.com/ap/signin?openid.return_to=https%3A%2F%2Fwww.amazon.com%2FGet-Naked-Biteables-Senior-Health%2Fproduct-reviews%2FB08S6MQZVV%2Fref%3Dcm_cr_getr_d_vote_lft%3Fie%3DUTF8%26pageSize%3D10%26csrfT%3DhOPCA%252Fff9JYqGz%252FDLXic12OZBfeJCUqPXNGzxsmHjuKmAAAAAGXT4nAAAAAB%26reviewId%3DR2H86RN641J8LQ&openid.identity=http%3A%2F%2Fspecs.openid.net%2Fauth%2F2.0%2Fidentifier_select&openid.assoc_handle=usflex&openid.mode=checkid_setup&marketPlaceId=ATVPDKIKX0DER&language=en&openid.claimed_id=http%3A%2F%2Fspecs.openid.net%2Fauth%2F2.0%2Fidentifier_select&openid.ns=http%3A%2F%2Fspecs.openid.net%2Fauth%2F2.0","https://www.amazon.com/hz/reviews-render/report-review?ie=UTF8&ref=cm_cr_getr_d_rvw_hlp&csrfT=hOPCA%2Fff9JYqGz%2FDLXic12OZBfeJCUqPXNGzxsmHjuKmAAAAAGXT4nAAAAAB&reviewId=R2H86RN641J8LQ",""
"https://www.amazon.com/gp/profile/amzn1.account.AGCBHKBHHZC4IV474LU3PDCT4PAQ/ref=cm_cr_getr_d_gw_btm?ie=UTF8","<img src=""https://images-na.ssl-images-amazon.com/images/S/amazon-avatars-global/default._CR0,0,1024,1024_SX48_.png""/>","Jeanna","https://www.amazon.com/gp/customer-reviews/R359FCEE5OLQDK/ref=cm_cr_getr_d_rvw_ttl?ie=UTF8&ASIN=B08S6MQZVV","5.0 out of 5 stars","Perfect for my little dog","Reviewed in the United States on May 11, 2022","https://www.amazon.com/gp/help/customer/display.html/ref=cm_cr_dp_d_rvw_avp?nodeId=G75XTB7MBMBTXP6W","Verified Purchase","These are small and soft. They are perfect for my little dog that only has five teeth left.","Report","Showing  comments","","https://www.amazon.com/ap/signin?openid.return_to=https%3A%2F%2Fwww.amazon.com%2FGet-Naked-Biteables-Senior-Health%2Fproduct-reviews%2FB08S6MQZVV%2Fref%3Dcm_cr_getr_d_vote_lft%3Fie%3DUTF8%26pageSize%3D10%26csrfT%3DhB9LGpEr8noC0VTBZPyhDpA7nqlqGmn3RR29Q3WgnYc7AAAAAGXT4nAAAAAB%26reviewId%3DR359FCEE5OLQDK&openid.identity=http%3A%2F%2Fspecs.openid.net%2Fauth%2F2.0%2Fidentifier_select&openid.assoc_handle=usflex&openid.mode=checkid_setup&marketPlaceId=ATVPDKIKX0DER&language=en&openid.claimed_id=http%3A%2F%2Fspecs.openid.net%2Fauth%2F2.0%2Fidentifier_select&openid.ns=http%3A%2F%2Fspecs.openid.net%2Fauth%2F2.0","https://www.amazon.com/hz/reviews-render/report-review?ie=UTF8&ref=cm_cr_getr_d_rvw_hlp&csrfT=hB9LGpEr8noC0VTBZPyhDpA7nqlqGmn3RR29Q3WgnYc7AAAAAGXT4nAAAAAB&reviewId=R359FCEE5OLQDK",""
"https://www.amazon.com/gp/profile/amzn1.account.AFC7FCI2G4NNTTD5R7TJTZN3JWJQ/ref=cm_cr_getr_d_gw_btm?ie=UTF8","<img src=""https://images-na.ssl-images-amazon.com/images/S/amazon-avatars-global/default._CR0,0,1024,1024_SX48_.png""/>","Mimi L. Culpepper","https://www.amazon.com/gp/customer-reviews/R1QYK2VBAGTI0U/ref=cm_cr_getr_d_rvw_ttl?ie=UTF8&ASIN=B08S6MQZVV","5.0 out of 5 stars","A winner","Reviewed in the United States on March 14, 2022","https://www.amazon.com/gp/help/customer/display.html/ref=cm_cr_dp_d_rvw_avp?nodeId=G75XTB7MBMBTXP6W","Verified Purchase","Perfect for my 11 and 12-year old doggies, Prince and Duke, especially as they’ve had recent dental work. They love these treats!","Report","Showing  comments","","https://www.amazon.com/ap/signin?openid.return_to=https%3A%2F%2Fwww.amazon.com%2FGet-Naked-Biteables-Senior-Health%2Fproduct-reviews%2FB08S6MQZVV%2Fref%3Dcm_cr_getr_d_vote_lft%3Fie%3DUTF8%26pageSize%3D10%26csrfT%3DhOS2wXU96Nh%252FRi4JC4DpBK2%252FcEs6IGu9WPUUrMW2zmEjAAAAAGXT4nAAAAAB%26reviewId%3DR1QYK2VBAGTI0U&openid.identity=http%3A%2F%2Fspecs.openid.net%2Fauth%2F2.0%2Fidentifier_select&openid.assoc_handle=usflex&openid.mode=checkid_setup&marketPlaceId=ATVPDKIKX0DER&language=en&openid.claimed_id=http%3A%2F%2Fspecs.openid.net%2Fauth%2F2.0%2Fidentifier_select&openid.ns=http%3A%2F%2Fspecs.openid.net%2Fauth%2F2.0","https://www.amazon.com/hz/reviews-render/report-review?ie=UTF8&ref=cm_cr_getr_d_rvw_hlp&csrfT=hOS2wXU96Nh%2FRi4JC4DpBK2%2FcEs6IGu9WPUUrMW2zmEjAAAAAGXT4nAAAAAB&reviewId=R1QYK2VBAGTI0U",""
"https://www.amazon.com/gp/profile/amzn1.account.AFN4FOCKVFXJDAE527IIE4XVH25Q/ref=cm_cr_getr_d_gw_btm?ie=UTF8","<img src=""https://images-na.ssl-images-amazon.com/images/S/amazon-avatars-global/default._CR0,0,1024,1024_SX48_.png""/>","Edda Mendez","https://www.amazon.com/gp/customer-reviews/R1Y3U31Q80HDLX/ref=cm_cr_getr_d_rvw_ttl?ie=UTF8&ASIN=B08S6MQZVV","5.0 out of 5 stars","My dog gets excited when he sees the bag","Reviewed in the United States on November 22, 2021","https://www.amazon.com/gp/help/customer/display.html/ref=cm_cr_dp_d_rvw_avp?nodeId=G75XTB7MBMBTXP6W","Verified Purchase","My dog loves them and they are actually good for him. I feel good about giving them to him.","One person found this helpful","Report","Showing  comments","https://www.amazon.com/ap/signin?openid.return_to=https%3A%2F%2Fwww.amazon.com%2FGet-Naked-Biteables-Senior-Health%2Fproduct-reviews%2FB08S6MQZVV%2Fref%3Dcm_cr_getr_d_vote_lft%3Fie%3DUTF8%26pageSize%3D10%26csrfT%3DhBbyDq2iYSE4WwchIE67DhNhoM33rKP5r2zzY72WYdsgAAAAAGXT4nAAAAAB%26reviewId%3DR1Y3U31Q80HDLX&openid.identity=http%3A%2F%2Fspecs.openid.net%2Fauth%2F2.0%2Fidentifier_select&openid.assoc_handle=usflex&openid.mode=checkid_setup&marketPlaceId=ATVPDKIKX0DER&language=en&openid.claimed_id=http%3A%2F%2Fspecs.openid.net%2Fauth%2F2.0%2Fidentifier_select&openid.ns=http%3A%2F%2Fspecs.openid.net%2Fauth%2F2.0","https://www.amazon.com/hz/reviews-render/report-review?ie=UTF8&ref=cm_cr_getr_d_rvw_hlp&csrfT=hBbyDq2iYSE4WwchIE67DhNhoM33rKP5r2zzY72WYdsgAAAAAGXT4nAAAAAB&reviewId=R1Y3U31Q80HDLX",""
"https://www.amazon.com/gp/profile/amzn1.account.AE5M2VY7UU63NETNMDSLMJWYYMAA/ref=cm_cr_getr_d_gw_btm?ie=UTF8","<img src=""https://images-na.ssl-images-amazon.com/images/S/amazon-avatars-global/default._CR0,0,1024,1024_SX48_.png""/>","Linda","https://www.amazon.com/gp/customer-reviews/R3HDCU2WSYRJ4B/ref=cm_cr_getr_d_rvw_ttl?ie=UTF8&ASIN=B08S6MQZVV","5.0 out of 5 stars","Senor dog treats","Reviewed in the United States on April 5, 2022","https://www.amazon.com/gp/help/customer/display.html/ref=cm_cr_dp_d_rvw_avp?nodeId=G75XTB7MBMBTXP6W","Verified Purchase","Perfect small chewable treat for my senior Dachshund!","Report","Showing  comments","","https://www.amazon.com/ap/signin?openid.return_to=https%3A%2F%2Fwww.amazon.com%2FGet-Naked-Biteables-Senior-Health%2Fproduct-reviews%2FB08S6MQZVV%2Fref%3Dcm_cr_getr_d_vote_lft%3Fie%3DUTF8%26pageSize%3D10%26csrfT%3DhLBre8fa%252Byk4SyfPmEtgyAb7kNn%252BuPf8s122knfaDzcQAAAAAGXT4nAAAAAB%26reviewId%3DR3HDCU2WSYRJ4B&openid.identity=http%3A%2F%2Fspecs.openid.net%2Fauth%2F2.0%2Fidentifier_select&openid.assoc_handle=usflex&openid.mode=checkid_setup&marketPlaceId=ATVPDKIKX0DER&language=en&openid.claimed_id=http%3A%2F%2Fspecs.openid.net%2Fauth%2F2.0%2Fidentifier_select&openid.ns=http%3A%2F%2Fspecs.openid.net%2Fauth%2F2.0","https://www.amazon.com/hz/reviews-render/report-review?ie=UTF8&ref=cm_cr_getr_d_rvw_hlp&csrfT=hLBre8fa%2Byk4SyfPmEtgyAb7kNn%2BuPf8s122knfaDzcQAAAAAGXT4nAAAAAB&reviewId=R3HDCU2WSYRJ4B","https://images-na.ssl-images-amazon.com/images/G/01/x-locale/common/grey-pixel.gif"
"https://www.amazon.com/gp/profile/amzn1.account.AHTWL4KHNHOHWAHONT27WJU25KNQ/ref=cm_cr_getr_d_gw_btm?ie=UTF8","<img src=""https://images-na.ssl-images-amazon.com/images/S/amazon-avatars-global/default._CR0,0,1024,1024_SX48_.png""/>","Ed Garren","https://www.amazon.com/gp/customer-reviews/R8QZQS10XQ0MI/ref=cm_cr_getr_d_rvw_ttl?ie=UTF8&ASIN=B08S6MQZVV","5.0 out of 5 stars","Vito loves them","Reviewed in the United States on June 4, 2021","https://www.amazon.com/gp/help/customer/display.html/ref=cm_cr_dp_d_rvw_avp?nodeId=G75XTB7MBMBTXP6W","Verified Purchase","Vito absolutely loves these, and with his limited teeth (due to age) he can easily eat them.","11 people found this helpful","Report","Showing  comments","https://www.amazon.com/ap/signin?openid.return_to=https%3A%2F%2Fwww.amazon.com%2FGet-Naked-Biteables-Senior-Health%2Fproduct-reviews%2FB08S6MQZVV%2Fref%3Dcm_cr_getr_d_vote_lft%3Fie%3DUTF8%26pageSize%3D10%26csrfT%3DhOoDtNaSomTOyb7bh%252FWEZay%252BN8ZxMWrLxVKMvz1YXPxZAAAAAGXT4nAAAAAB%26reviewId%3DR8QZQS10XQ0MI&openid.identity=http%3A%2F%2Fspecs.openid.net%2Fauth%2F2.0%2Fidentifier_select&openid.assoc_handle=usflex&openid.mode=checkid_setup&marketPlaceId=ATVPDKIKX0DER&language=en&openid.claimed_id=http%3A%2F%2Fspecs.openid.net%2Fauth%2F2.0%2Fidentifier_select&openid.ns=http%3A%2F%2Fspecs.openid.net%2Fauth%2F2.0","https://www.amazon.com/hz/reviews-render/report-review?ie=UTF8&ref=cm_cr_getr_d_rvw_hlp&csrfT=hOoDtNaSomTOyb7bh%2FWEZay%2BN8ZxMWrLxVKMvz1YXPxZAAAAAGXT4nAAAAAB&reviewId=R8QZQS10XQ0MI","https://images-na.ssl-images-amazon.com/images/G/01/x-locale/common/grey-pixel.gif"
"https://www.amazon.com/gp/profile/amzn1.account.AG2VGY62AIZ2MNRO3O24NJNZOKNA/ref=cm_cr_getr_d_gw_btm?ie=UTF8","<img src=""https://images-na.ssl-images-amazon.com/images/S/amazon-avatars-global/default._CR0,0,1024,1024_SX48_.png""/>","Chris.Snider","https://www.amazon.com/gp/customer-reviews/R1CS9ZST9VVM8O/ref=cm_cr_getr_d_rvw_ttl?ie=UTF8&ASIN=B08S6MQZVV","1.0 out of 5 stars","These are not soft treats.","Reviewed in the United States on January 4, 2023","https://www.amazon.com/gp/help/customer/display.html/ref=cm_cr_dp_d_rvw_avp?nodeId=G75XTB7MBMBTXP6W","Verified Purchase","Looking for a soft treat for my elderly Chihuahua. These are not soft at all.","Report","Showing  comments","","https://www.amazon.com/ap/signin?openid.return_to=https%3A%2F%2Fwww.amazon.com%2FGet-Naked-Biteables-Senior-Health%2Fproduct-reviews%2FB08S6MQZVV%2Fref%3Dcm_cr_getr_d_vote_lft%3Fie%3DUTF8%26pageSize%3D10%26csrfT%3DhHTZoIshPXdnhRsaSYrXAXrf2M%252BjgQadCR%252FYG%252FtwntxPAAAAAGXT4nAAAAAB%26reviewId%3DR1CS9ZST9VVM8O&openid.identity=http%3A%2F%2Fspecs.openid.net%2Fauth%2F2.0%2Fidentifier_select&openid.assoc_handle=usflex&openid.mode=checkid_setup&marketPlaceId=ATVPDKIKX0DER&language=en&openid.claimed_id=http%3A%2F%2Fspecs.openid.net%2Fauth%2F2.0%2Fidentifier_select&openid.ns=http%3A%2F%2Fspecs.openid.net%2Fauth%2F2.0","https://www.amazon.com/hz/reviews-render/report-review?ie=UTF8&ref=cm_cr_getr_d_rvw_hlp&csrfT=hHTZoIshPXdnhRsaSYrXAXrf2M%2BjgQadCR%2FYG%2FtwntxPAAAAAGXT4nAAAAAB&reviewId=R1CS9ZST9VVM8O","https://images-na.ssl-images-amazon.com/images/G/01/x-locale/common/grey-pixel.gif"
"https://www.amazon.com/gp/profile/amzn1.account.AGBCMLROLR3KCR7MVCDK7GZCYG6A/ref=cm_cr_getr_d_gw_btm?ie=UTF8","<img src=""https://images-na.ssl-images-amazon.com/images/S/amazon-avatars-global/default._CR0,0,1024,1024_SX48_.png""/>","Steven C. Tyler","https://www.amazon.com/gp/customer-reviews/R36KX4316HI9Y6/ref=cm_cr_getr_d_rvw_ttl?ie=UTF8&ASIN=B08S6MQZVV","1.0 out of 5 stars","No good","Reviewed in the United States on November 15, 2022","https://www.amazon.com/gp/help/customer/display.html/ref=cm_cr_dp_d_rvw_avp?nodeId=G75XTB7MBMBTXP6W","Verified Purchase","All 3 dogs hated them","Report","Showing  comments","","https://www.amazon.com/ap/signin?openid.return_to=https%3A%2F%2Fwww.amazon.com%2FGet-Naked-Biteables-Senior-Health%2Fproduct-reviews%2FB08S6MQZVV%2Fref%3Dcm_cr_getr_d_vote_lft%3Fie%3DUTF8%26pageSize%3D10%26csrfT%3DhCi6YeV7yvs0P9YqEqO6aNVrQpl6WDKARljaiQM%252BWgewAAAAAGXT4nAAAAAB%26reviewId%3DR36KX4316HI9Y6&openid.identity=http%3A%2F%2Fspecs.openid.net%2Fauth%2F2.0%2Fidentifier_select&openid.assoc_handle=usflex&openid.mode=checkid_setup&marketPlaceId=ATVPDKIKX0DER&language=en&openid.claimed_id=http%3A%2F%2Fspecs.openid.net%2Fauth%2F2.0%2Fidentifier_select&openid.ns=http%3A%2F%2Fspecs.openid.net%2Fauth%2F2.0","https://www.amazon.com/hz/reviews-render/report-review?ie=UTF8&ref=cm_cr_getr_d_rvw_hlp&csrfT=hCi6YeV7yvs0P9YqEqO6aNVrQpl6WDKARljaiQM%2BWgewAAAAAGXT4nAAAAAB&reviewId=R36KX4316HI9Y6","https://images-na.ssl-images-amazon.com/images/G/01/x-locale/common/grey-pixel.gif"
"https://www.amazon.com/gp/profile/amzn1.account.AGMBSH35JY3OJIIATAC5XQDX63CQ/ref=cm_cr_getr_d_gw_btm?ie=UTF8","<img src=""https://images-na.ssl-images-amazon.com/images/S/amazon-avatars-global/a4d12fe0-f83c-402e-97f5-cf4ec1114131._CR0,10.0,312,312_SX48_.jpg""/>","kat","https://www.amazon.com/gp/customer-reviews/R22X8BGE91IZET/ref=cm_cr_getr_d_rvw_ttl?ie=UTF8&ASIN=B08S6MQZVV","1.0 out of 5 stars","My dogs hates them","Reviewed in the United States on November 16, 2022","https://www.amazon.com/gp/help/customer/display.html/ref=cm_cr_dp_d_rvw_avp?nodeId=G75XTB7MBMBTXP6W","Verified Purchase","Stale product","Report","Showing  comments","","https://www.amazon.com/ap/signin?openid.return_to=https%3A%2F%2Fwww.amazon.com%2FGet-Naked-Biteables-Senior-Health%2Fproduct-reviews%2FB08S6MQZVV%2Fref%3Dcm_cr_getr_d_vote_lft%3Fie%3DUTF8%26pageSize%3D10%26csrfT%3DhB73HjafplzXULL3H023BR2u2oniP2VqM2%252BRkEUDjEtlAAAAAGXT4nAAAAAB%26reviewId%3DR22X8BGE91IZET&openid.identity=http%3A%2F%2Fspecs.openid.net%2Fauth%2F2.0%2Fidentifier_select&openid.assoc_handle=usflex&openid.mode=checkid_setup&marketPlaceId=ATVPDKIKX0DER&language=en&openid.claimed_id=http%3A%2F%2Fspecs.openid.net%2Fauth%2F2.0%2Fidentifier_select&openid.ns=http%3A%2F%2Fspecs.openid.net%2Fauth%2F2.0","https://www.amazon.com/hz/reviews-render/report-review?ie=UTF8&ref=cm_cr_getr_d_rvw_hlp&csrfT=hB73HjafplzXULL3H023BR2u2oniP2VqM2%2BRkEUDjEtlAAAAAGXT4nAAAAAB&reviewId=R22X8BGE91IZET","https://images-na.ssl-images-amazon.com/images/G/01/x-locale/common/grey-pixel.gif"
"https://www.amazon.com/gp/profile/amzn1.account.AGRKJRPX6I5DQPODOC4YJ7CT4XWA/ref=cm_cr_getr_d_gw_btm?ie=UTF8","<img src=""https://images-na.ssl-images-amazon.com/images/S/amazon-avatars-global/a300e074-abed-4dc0-a69f-2aafbef9f93b._CR62,0,375,375_SX48_.jpg""/>","Memory lane","https://www.amazon.com/gp/customer-reviews/R4EOBY99MNCX8/ref=cm_cr_getr_d_rvw_ttl?ie=UTF8&ASIN=B08S6MQZVV","4.0 out of 5 stars","Smaller and softer treats for smaller/older dogs","Reviewed in the United States on September 25, 2021","","(","We got these because our 15 year old chihuahua is very healthy for her age, but not able to eat anything hard because of some dental issues.We figured if she can get these down, they help her nutritionally, and make her happy, that would be a huge win.Regarding how she took to them...At first, she didn't eat these treats at all, but she is very fussy about food in general.Leaving a few near her favorite sleeping spot, she eventually decided she could deign to eat them as a snack.If you have a dog who is very into treats, I suspect they will gobble these up without hesitation.The treats themselves are: covered with some sort of yellow powder; they are quite small; their texture is soft, but not squishy, and though they have a scent, it is neither intense, nor unpleasant.As shown on the product page, the recommended serving is 8 to 10 treats for dogs 5 lbs and up.Whet they arrived, the treats had a best by date just over six months away, so they're not a treat you can keep on a back shelf forever.One thing I did not like is that they do not specify where these are produced.The company that sells them is based in Texas, but they do not state whether they are manufactured there, which leaves me wondering where they actually come from.Our picky lady does not eat these until she feels like it, but can manage them, even with some dental issues, so I think they are a good choice for senior dogs.She also has experienced no negative side effects from taking them, so that is obviously a big plus in and of itself.I would say if you are looking for a treat for an older dog that is small and easy for them to get down, this would be a good one to try.","Smaller and softer treats for smaller/older dogs","We got these because our 15 year old chihuahua is very healthy for her age, but not able to eat anything hard because of some dental issues.We figured if she can get these down, they help her nutritionally, and make her happy, that would be a huge win.Regarding how she took to them...At first, she didn't eat these treats at all, but she is very fussy about food in general.Leaving a few near her favorite sleeping spot, she eventually decided she could deign to eat them as a snack.If you have a dog who is very into treats, I suspect they will gobble these up without hesitation.The treats themselves are: covered with some sort of yellow powder; they are quite small; their texture is soft, but not squishy, and though they have a scent, it is neither intense, nor unpleasant.As shown on the product page, the recommended serving is 8 to 10 treats for dogs 5 lbs and up.Whet they arrived, the treats had a best by date just over six months away, so they're not a treat you can keep on a back shelf forever.One thing I did not like is that they do not specify where these are produced.The company that sells them is based in Texas, but they do not state whether they are manufactured there, which leaves me wondering where they actually come from.Our picky lady does not eat these until she feels like it, but can manage them, even with some dental issues, so I think they are a good choice for senior dogs.She also has experienced no negative side effects from taking them, so that is obviously a big plus in and of itself.I would say if you are looking for a treat for an older dog that is small and easy for them to get down, this would be a good one to try.","6 people found this helpful","https://www.amazon.com/ap/signin?openid.return_to=https%3A%2F%2Fwww.amazon.com%2FGet-Naked-Biteables-Senior-Health%2Fproduct-reviews%2FB08S6MQZVV%2Fref%3Dcm_cr_getr_d_vote_lft%3Fie%3DUTF8%26pageSize%3D10%26csrfT%3DhOM5Axz54xbodS61IFSsYtniKrjjo%252BissN9XNUcZXL%252BzAAAAAGXT4nIAAAAB%26reviewId%3DR4EOBY99MNCX8&openid.identity=http%3A%2F%2Fspecs.openid.net%2Fauth%2F2.0%2Fidentifier_select&openid.assoc_handle=usflex&openid.mode=checkid_setup&marketPlaceId=ATVPDKIKX0DER&language=en&openid.claimed_id=http%3A%2F%2Fspecs.openid.net%2Fauth%2F2.0%2Fidentifier_select&openid.ns=http%3A%2F%2Fspecs.openid.net%2Fauth%2F2.0","https://www.amazon.com/hz/reviews-render/report-review?ie=UTF8&ref=cm_cr_getr_d_rvw_hlp&csrfT=hOM5Axz54xbodS61IFSsYtniKrjjo%2BissN9XNUcZXL%2BzAAAAAGXT4nIAAAAB&reviewId=R4EOBY99MNCX8",""
"https://www.amazon.com/gp/profile/amzn1.account.AFO6HNO3EC7LTOJJKCJXP4SEHSCQ/ref=cm_cr_getr_d_gw_btm?ie=UTF8","<img src=""https://images-na.ssl-images-amazon.com/images/S/amazon-avatars-global/default._CR0,0,1024,1024_SX48_.png""/>","Michelle","https://www.amazon.com/gp/customer-reviews/R3M2L8GOTN6N77/ref=cm_cr_getr_d_rvw_ttl?ie=UTF8&ASIN=B08S6MQZVV","5.0 out of 5 stars","Great for my 13 year-old pup","Reviewed in the United States on September 21, 2022","","","These treats are soft and apparently very tasty. My 13 year-old Yorkie can't wait to get one each day. He has lost most of his teeth but tolerates these treats very well. It was difficult to find something he could eat, and these are perfect. I highly recommend.","Report","Showing  comments","","https://www.amazon.com/ap/signin?openid.return_to=https%3A%2F%2Fwww.amazon.com%2FGet-Naked-Biteables-Senior-Health%2Fproduct-reviews%2FB08S6MQZVV%2Fref%3Dcm_cr_getr_d_vote_lft%3Fie%3DUTF8%26pageSize%3D10%26csrfT%3DhKGlEqqz6l4MyihYTQ7BBlXGs%252BsBo3p8oWE3fogq4lgnAAAAAGXT4nIAAAAB%26reviewId%3DR3M2L8GOTN6N77&openid.identity=http%3A%2F%2Fspecs.openid.net%2Fauth%2F2.0%2Fidentifier_select&openid.assoc_handle=usflex&openid.mode=checkid_setup&marketPlaceId=ATVPDKIKX0DER&language=en&openid.claimed_id=http%3A%2F%2Fspecs.openid.net%2Fauth%2F2.0%2Fidentifier_select&openid.ns=http%3A%2F%2Fspecs.openid.net%2Fauth%2F2.0","https://www.amazon.com/hz/reviews-render/report-review?ie=UTF8&ref=cm_cr_getr_d_rvw_hlp&csrfT=hKGlEqqz6l4MyihYTQ7BBlXGs%2BsBo3p8oWE3fogq4lgnAAAAAGXT4nIAAAAB&reviewId=R3M2L8GOTN6N77",""
"https://www.amazon.com/gp/profile/amzn1.account.AHPOHKN4PU4W3V5PGFL7AGTAD2AA/ref=cm_cr_getr_d_gw_btm?ie=UTF8","<img src=""https://images-na.ssl-images-amazon.com/images/S/amazon-avatars-global/c1314d45-5bf5-4e6c-9c99-464bc6b1ac25._CR0,51.0,230,230_SX48_.jpg""/>","Dogs & Horses","https://www.amazon.com/gp/customer-reviews/R3UHVI7NSLZK24/ref=cm_cr_getr_d_rvw_ttl?ie=UTF8&ASIN=B08S6MQZVV","5.0 out of 5 stars","6 dogs LOVE these","Reviewed in the United States on September 23, 2021","","(","I opened this bag and all 6 dogs formed a circle with tails wagging. They seem to love these little bites. Offering tricks before they were even asked.The ingredients are respectable and there's nothing I object to. No corn or soy added. Each piece is soft enough for our old dogs to chew comfortably and there's no greasy residue on the pieces.","3 people found this helpful","Report","Showing  comments","https://www.amazon.com/ap/signin?openid.return_to=https%3A%2F%2Fwww.amazon.com%2FGet-Naked-Biteables-Senior-Health%2Fproduct-reviews%2FB08S6MQZVV%2Fref%3Dcm_cr_getr_d_vote_lft%3Fie%3DUTF8%26pageSize%3D10%26csrfT%3DhF0wdk8tV%252BQ%252FCR%252Bb3Z4lxbj7nsIosZBwN4VuU9FxrykZAAAAAGXT4nIAAAAB%26reviewId%3DR3UHVI7NSLZK24&openid.identity=http%3A%2F%2Fspecs.openid.net%2Fauth%2F2.0%2Fidentifier_select&openid.assoc_handle=usflex&openid.mode=checkid_setup&marketPlaceId=ATVPDKIKX0DER&language=en&openid.claimed_id=http%3A%2F%2Fspecs.openid.net%2Fauth%2F2.0%2Fidentifier_select&openid.ns=http%3A%2F%2Fspecs.openid.net%2Fauth%2F2.0","https://www.amazon.com/hz/reviews-render/report-review?ie=UTF8&ref=cm_cr_getr_d_rvw_hlp&csrfT=hF0wdk8tV%2BQ%2FCR%2Bb3Z4lxbj7nsIosZBwN4VuU9FxrykZAAAAAGXT4nIAAAAB&reviewId=R3UHVI7NSLZK24",""
"https://www.amazon.com/gp/profile/amzn1.account.AH5ZOSQXP22PSHYY7QC7UNIZL5CQ/ref=cm_cr_getr_d_gw_btm?ie=UTF8","<img src=""https://images-na.ssl-images-amazon.com/images/S/amazon-avatars-global/311a0f20-3851-49f2-9bf6-4bc4e82e20ca._CR0,0,387,387_SX48_.jpg""/>","Roziitah Vee","https://www.amazon.com/gp/customer-reviews/RXUC7FDTRIGT5/ref=cm_cr_getr_d_rvw_ttl?ie=UTF8&ASIN=B08S6MQZVV","5.0 out of 5 stars","Dog treats","Reviewed in the United States on October 10, 2021","","(","Our fur babies did enjoy these as they are soft and easy to chew as they senior dogs and have sometimes with harder treats","4 people found this helpful","Report","Showing  comments","https://www.amazon.com/ap/signin?openid.return_to=https%3A%2F%2Fwww.amazon.com%2FGet-Naked-Biteables-Senior-Health%2Fproduct-reviews%2FB08S6MQZVV%2Fref%3Dcm_cr_getr_d_vote_lft%3Fie%3DUTF8%26pageSize%3D10%26csrfT%3DhPnCcgVsJ8kVC6VMXTXjrhYhrklaWWtvv0EyqhFudg%252BnAAAAAGXT4nIAAAAB%26reviewId%3DRXUC7FDTRIGT5&openid.identity=http%3A%2F%2Fspecs.openid.net%2Fauth%2F2.0%2Fidentifier_select&openid.assoc_handle=usflex&openid.mode=checkid_setup&marketPlaceId=ATVPDKIKX0DER&language=en&openid.claimed_id=http%3A%2F%2Fspecs.openid.net%2Fauth%2F2.0%2Fidentifier_select&openid.ns=http%3A%2F%2Fspecs.openid.net%2Fauth%2F2.0","https://www.amazon.com/hz/reviews-render/report-review?ie=UTF8&ref=cm_cr_getr_d_rvw_hlp&csrfT=hPnCcgVsJ8kVC6VMXTXjrhYhrklaWWtvv0EyqhFudg%2BnAAAAAGXT4nIAAAAB&reviewId=RXUC7FDTRIGT5","https://images-na.ssl-images-amazon.com/images/G/01/x-locale/common/grey-pixel.gif"
"https://www.amazon.com/gp/profile/amzn1.account.AH652FUH6S7H5CZDFPMQQIPDQZBA/ref=cm_cr_getr_d_gw_btm?ie=UTF8","<img src=""https://images-na.ssl-images-amazon.com/images/S/amazon-avatars-global/default._CR0,0,1024,1024_SX48_.png""/>","Michael J. Kohler","https://www.amazon.com/gp/customer-reviews/RZ9RY6RE7GJ0S/ref=cm_cr_getr_d_rvw_ttl?ie=UTF8&ASIN=B08S6MQZVV","5.0 out of 5 stars","My Dog Loves Them","Reviewed in the United States on March 28, 2022","https://www.amazon.com/gp/help/customer/display.html/ref=cm_cr_dp_d_rvw_avp?nodeId=G75XTB7MBMBTXP6W","Verified Purchase","I have a very picky dog if the treat is too soft or too hard, she won't eat it. If the taste is not right, she won't eat it. She gobbles these down anytime I give them she loves them, so I buy them a lot. If you have a picky dog, give them a try. If you have a big dog these may be too small.","Report","Showing  comments","","https://www.amazon.com/ap/signin?openid.return_to=https%3A%2F%2Fwww.amazon.com%2FGet-Naked-Biteables-Senior-Health%2Fproduct-reviews%2FB08S6MQZVV%2Fref%3Dcm_cr_getr_d_vote_lft%3Fie%3DUTF8%26pageSize%3D10%26csrfT%3DhM20aw%252FlUj6loXoy05T2A9n1s22L7hR57%252FQpKEfv3%252BcoAAAAAGXT4nIAAAAB%26reviewId%3DRZ9RY6RE7GJ0S&openid.identity=http%3A%2F%2Fspecs.openid.net%2Fauth%2F2.0%2Fidentifier_select&openid.assoc_handle=usflex&openid.mode=checkid_setup&marketPlaceId=ATVPDKIKX0DER&language=en&openid.claimed_id=http%3A%2F%2Fspecs.openid.net%2Fauth%2F2.0%2Fidentifier_select&openid.ns=http%3A%2F%2Fspecs.openid.net%2Fauth%2F2.0","https://www.amazon.com/hz/reviews-render/report-review?ie=UTF8&ref=cm_cr_getr_d_rvw_hlp&csrfT=hM20aw%2FlUj6loXoy05T2A9n1s22L7hR57%2FQpKEfv3%2BcoAAAAAGXT4nIAAAAB&reviewId=RZ9RY6RE7GJ0S","https://images-na.ssl-images-amazon.com/images/G/01/x-locale/common/grey-pixel.gif"
"https://www.amazon.com/gp/profile/amzn1.account.AFWGR5DGFCK2TSXX42MYHC4J43RQ/ref=cm_cr_getr_d_gw_btm?ie=UTF8","<img src=""https://images-na.ssl-images-amazon.com/images/S/amazon-avatars-global/default._CR0,0,1024,1024_SX48_.png""/>","Diane Adams","https://www.amazon.com/gp/customer-reviews/R30QQAN6WXPW5C/ref=cm_cr_getr_d_rvw_ttl?ie=UTF8&ASIN=B08S6MQZVV","5.0 out of 5 stars","Dogs loves them","Reviewed in the United States on December 13, 2022","https://www.amazon.com/gp/help/customer/display.html/ref=cm_cr_dp_d_rvw_avp?nodeId=G75XTB7MBMBTXP6W","Verified Purchase","Good for dog. Great product fast delivery nice price","Report","Showing  comments","","https://www.amazon.com/ap/signin?openid.return_to=https%3A%2F%2Fwww.amazon.com%2FGet-Naked-Biteables-Senior-Health%2Fproduct-reviews%2FB08S6MQZVV%2Fref%3Dcm_cr_getr_d_vote_lft%3Fie%3DUTF8%26pageSize%3D10%26csrfT%3DhNLyXG5BNiR4%252BXFcvDF%252B1ssmJBN7aT%252Bz3ps4Mc433FbSAAAAAGXT4nIAAAAB%26reviewId%3DR30QQAN6WXPW5C&openid.identity=http%3A%2F%2Fspecs.openid.net%2Fauth%2F2.0%2Fidentifier_select&openid.assoc_handle=usflex&openid.mode=checkid_setup&marketPlaceId=ATVPDKIKX0DER&language=en&openid.claimed_id=http%3A%2F%2Fspecs.openid.net%2Fauth%2F2.0%2Fidentifier_select&openid.ns=http%3A%2F%2Fspecs.openid.net%2Fauth%2F2.0","https://www.amazon.com/hz/reviews-render/report-review?ie=UTF8&ref=cm_cr_getr_d_rvw_hlp&csrfT=hNLyXG5BNiR4%2BXFcvDF%2B1ssmJBN7aT%2Bz3ps4Mc433FbSAAAAAGXT4nIAAAAB&reviewId=R30QQAN6WXPW5C","https://images-na.ssl-images-amazon.com/images/G/01/x-locale/common/grey-pixel.gif"
"https://www.amazon.com/gp/profile/amzn1.account.AHN66VYDYFCGKVLOYI75FZHSSQLA/ref=cm_cr_getr_d_gw_btm?ie=UTF8","<img src=""https://images-na.ssl-images-amazon.com/images/S/amazon-avatars-global/default._CR0,0,1024,1024_SX48_.png""/>","Sherry A. Chapell","https://www.amazon.com/gp/customer-reviews/R3LUKTFDW2FCG3/ref=cm_cr_getr_d_rvw_ttl?ie=UTF8&ASIN=B08S6MQZVV","5.0 out of 5 stars","small","Reviewed in the United States on November 4, 2022","https://www.amazon.com/gp/help/customer/display.html/ref=cm_cr_dp_d_rvw_avp?nodeId=G75XTB7MBMBTXP6W","Verified Purchase","small enough for tiny dog","Report","Showing  comments","","https://www.amazon.com/ap/signin?openid.return_to=https%3A%2F%2Fwww.amazon.com%2FGet-Naked-Biteables-Senior-Health%2Fproduct-reviews%2FB08S6MQZVV%2Fref%3Dcm_cr_getr_d_vote_lft%3Fie%3DUTF8%26pageSize%3D10%26csrfT%3DhOeVi8lSFo1u7Bcf600HUos4gMyHjZEvM2b%252BediwM4vQAAAAAGXT4nIAAAAB%26reviewId%3DR3LUKTFDW2FCG3&openid.identity=http%3A%2F%2Fspecs.openid.net%2Fauth%2F2.0%2Fidentifier_select&openid.assoc_handle=usflex&openid.mode=checkid_setup&marketPlaceId=ATVPDKIKX0DER&language=en&openid.claimed_id=http%3A%2F%2Fspecs.openid.net%2Fauth%2F2.0%2Fidentifier_select&openid.ns=http%3A%2F%2Fspecs.openid.net%2Fauth%2F2.0","https://www.amazon.com/hz/reviews-render/report-review?ie=UTF8&ref=cm_cr_getr_d_rvw_hlp&csrfT=hOeVi8lSFo1u7Bcf600HUos4gMyHjZEvM2b%2BediwM4vQAAAAAGXT4nIAAAAB&reviewId=R3LUKTFDW2FCG3","https://images-na.ssl-images-amazon.com/images/G/01/x-locale/common/grey-pixel.gif"
"https://www.amazon.com/gp/profile/amzn1.account.AEFYQPL3URSBT5TRG22R64E7J53Q/ref=cm_cr_getr_d_gw_btm?ie=UTF8","<img src=""https://images-na.ssl-images-amazon.com/images/S/amazon-avatars-global/default._CR0,0,1024,1024_SX48_.png""/>","dee","https://www.amazon.com/gp/customer-reviews/R1011QYDEN9N71/ref=cm_cr_getr_d_rvw_ttl?ie=UTF8&ASIN=B08S6MQZVV","5.0 out of 5 stars","Yummy","Reviewed in the United States on September 6, 2022","https://www.amazon.com/gp/help/customer/display.html/ref=cm_cr_dp_d_rvw_avp?nodeId=G75XTB7MBMBTXP6W","Verified Purchase","My fur babies enjoy this morsel!","Report","Showing  comments","","https://www.amazon.com/ap/signin?openid.return_to=https%3A%2F%2Fwww.amazon.com%2FGet-Naked-Biteables-Senior-Health%2Fproduct-reviews%2FB08S6MQZVV%2Fref%3Dcm_cr_getr_d_vote_lft%3Fie%3DUTF8%26pageSize%3D10%26csrfT%3DhOtm%252BNZ6v6GXDsBv6vkVuJObg1kBqPLRTfY33wCoQ0NmAAAAAGXT4nIAAAAB%26reviewId%3DR1011QYDEN9N71&openid.identity=http%3A%2F%2Fspecs.openid.net%2Fauth%2F2.0%2Fidentifier_select&openid.assoc_handle=usflex&openid.mode=checkid_setup&marketPlaceId=ATVPDKIKX0DER&language=en&openid.claimed_id=http%3A%2F%2Fspecs.openid.net%2Fauth%2F2.0%2Fidentifier_select&openid.ns=http%3A%2F%2Fspecs.openid.net%2Fauth%2F2.0","https://www.amazon.com/hz/reviews-render/report-review?ie=UTF8&ref=cm_cr_getr_d_rvw_hlp&csrfT=hOtm%2BNZ6v6GXDsBv6vkVuJObg1kBqPLRTfY33wCoQ0NmAAAAAGXT4nIAAAAB&reviewId=R1011QYDEN9N71","https://images-na.ssl-images-amazon.com/images/G/01/x-locale/common/grey-pixel.gif"
"https://www.amazon.com/gp/profile/amzn1.account.AHJGOMRWPC4GOHACW2KHG42TB2CA/ref=cm_cr_getr_d_gw_btm?ie=UTF8","<img src=""https://images-na.ssl-images-amazon.com/images/S/amazon-avatars-global/default._CR0,0,1024,1024_SX48_.png""/>","Karolina reed","https://www.amazon.com/gp/customer-reviews/R31958XKHR6DTQ/ref=cm_cr_getr_d_rvw_ttl?ie=UTF8&ASIN=B08S6MQZVV","5.0 out of 5 stars","My Dog Likes Them","Reviewed in the United States on November 27, 2021","https://www.amazon.com/gp/help/customer/display.html/ref=cm_cr_dp_d_rvw_avp?nodeId=G75XTB7MBMBTXP6W","Verified Purchase","My Dog Likes Them!!","One person found this helpful","Report","Showing  comments","https://www.amazon.com/ap/signin?openid.return_to=https%3A%2F%2Fwww.amazon.com%2FGet-Naked-Biteables-Senior-Health%2Fproduct-reviews%2FB08S6MQZVV%2Fref%3Dcm_cr_getr_d_vote_lft%3Fie%3DUTF8%26pageSize%3D10%26csrfT%3DhNOHN578bTH3kVnOdSYvowA%252FQ%252FjsWX6O04UjEnwQEWidAAAAAGXT4nIAAAAB%26reviewId%3DR31958XKHR6DTQ&openid.identity=http%3A%2F%2Fspecs.openid.net%2Fauth%2F2.0%2Fidentifier_select&openid.assoc_handle=usflex&openid.mode=checkid_setup&marketPlaceId=ATVPDKIKX0DER&language=en&openid.claimed_id=http%3A%2F%2Fspecs.openid.net%2Fauth%2F2.0%2Fidentifier_select&openid.ns=http%3A%2F%2Fspecs.openid.net%2Fauth%2F2.0","https://www.amazon.com/hz/reviews-render/report-review?ie=UTF8&ref=cm_cr_getr_d_rvw_hlp&csrfT=hNOHN578bTH3kVnOdSYvowA%2FQ%2FjsWX6O04UjEnwQEWidAAAAAGXT4nIAAAAB&reviewId=R31958XKHR6DTQ","https://images-na.ssl-images-amazon.com/images/G/01/x-locale/common/grey-pixel.gif"