"a-profile href","a-profile-avatar src","a-profile-avatar","a-profile-name","a-size-base href","a-icon-alt","a-size-base","a-size-base 2","a-link-normal href","a-size-mini","a-size-base 3","a-button-text href","a-size-base 4","a-size-base href 2","a-size-base 5","cr-lightbox-main-image src","a-profile href 2","a-profile-avatar src 2","a-profile-avatar 2","a-profile-name 2","a-icon-alt 2","a-size-small","a-size-medium","cr-lightbox-image-thumbnail src","a-popover-preload","a-popover-trigger href","a-section","a-size-base 6","a-size-base 7","a-size-base 8","a-lazy-loaded src"
"https://www.amazon.com/gp/profile/amzn1.account.AG7VDIGS4ODX3RRKHK33QJUNV7YQ/ref=cm_cr_arp_d_gw_btm?ie=UTF8","https://images-na.ssl-images-amazon.com/images/S/amazon-avatars-global/default._CR0,0,1024,1024_SX48_.png","<img src=""https://images-na.ssl-images-amazon.com/images/S/amazon-avatars-global/default._CR0,0,1024,1024_SX48_.png""/>","Amazon Customer","https://www.amazon.com/gp/customer-reviews/RV4K4R89SILGF/ref=cm_cr_arp_d_rvw_ttl?ie=UTF8&ASIN=B09QP9DXJS","5.0 out of 5 stars","Great for Senior dogs","Reviewed in the United States on February 3, 2024","https://www.amazon.com/gp/help/customer/display.html/ref=cm_cr_dp_d_rvw_avp?nodeId=G75XTB7MBMBTXP6W","Verified Purchase","My dog is 13 years old and has difficulty chewing. These are soft enough for her and yet take a while to eat.  She loves them. My other dogs that are younger also like them.  I highly recommend this product which is allowing my old lady to chew on bones again!!","https://www.amazon.com/ap/signin?openid.return_to=https%3A%2F%2Fwww.amazon.com%2FN-Bone-Senior-Dental-Chicken-Flavor%2Fproduct-reviews%2FB09QP9DXJS%2Fref%3Dcm_cr_arp_d_vote_lft%3Fie%3DUTF8%26csrfT%3DhDQzz%252FA2d5DqEBzcBxG72DqJMCu5m%252Fxm8jGpj2z4TeQrAAAAAGXT5WYAAAAB%26reviewId%3DRV4K4R89SILGF&openid.identity=http%3A%2F%2Fspecs.openid.net%2Fauth%2F2.0%2Fidentifier_select&openid.assoc_handle=usflex&openid.mode=checkid_setup&marketPlaceId=ATVPDKIKX0DER&language=en&openid.claimed_id=http%3A%2F%2Fspecs.openid.net%2Fauth%2F2.0%2Fidentifier_select&openid.ns=http%3A%2F%2Fspecs.openid.net%2Fauth%2F2.0","Report","https://www.amazon.com/hz/reviews-render/report-review?ie=UTF8&ref=cm_cr_arp_d_rvw_hlp&csrfT=hDQzz%2FA2d5DqEBzcBxG72DqJMCu5m%2Fxm8jGpj2z4TeQrAAAAAGXT5WYAAAAB&reviewId=RV4K4R89SILGF","Showing  comments","","","","","","","","","","","","","","","",""
"https://www.amazon.com/gp/profile/amzn1.account.AFBBASMDNGAFJKMG5PJ5OXUQS4VA/ref=cm_cr_arp_d_gw_btm?ie=UTF8","https://images-na.ssl-images-amazon.com/images/S/amazon-avatars-global/default._CR0,0,1024,1024_SX48_.png","<img src=""https://images-na.ssl-images-amazon.com/images/S/amazon-avatars-global/default._CR0,0,1024,1024_SX48_.png""/>","Sean","https://www.amazon.com/gp/customer-reviews/R2K4DEI07O2UHI/ref=cm_cr_arp_d_rvw_ttl?ie=UTF8&ASIN=B09QP9DXJS","5.0 out of 5 stars","Happy that I tried out this new product","Reviewed in the United States on March 17, 2022","https://www.amazon.com/gp/help/customer/display.html/ref=cm_cr_dp_d_rvw_avp?nodeId=G75XTB7MBMBTXP6W","Verified Purchase","I was glancing through the new releases and happy to find this treat specifically designed for my senior dog. He loves the flavor of the treat, and seems like the texture is at the right level for him to chew on it but not hurting as he definitely was enjoying it. the ingredients all looked nice and I'm glad that I found this new treat for him. Would buy more once I use up this bag!","https://www.amazon.com/ap/signin?openid.return_to=https%3A%2F%2Fwww.amazon.com%2FN-Bone-Senior-Dental-Chicken-Flavor%2Fproduct-reviews%2FB09QP9DXJS%2Fref%3Dcm_cr_arp_d_vote_lft%3Fie%3DUTF8%26csrfT%3DhHvug7DmvKZkP5Sz9Y195cKuorq%252Brjk5%252B172EvYUqhFKAAAAAGXT5WYAAAAB%26reviewId%3DR2K4DEI07O2UHI&openid.identity=http%3A%2F%2Fspecs.openid.net%2Fauth%2F2.0%2Fidentifier_select&openid.assoc_handle=usflex&openid.mode=checkid_setup&marketPlaceId=ATVPDKIKX0DER&language=en&openid.claimed_id=http%3A%2F%2Fspecs.openid.net%2Fauth%2F2.0%2Fidentifier_select&openid.ns=http%3A%2F%2Fspecs.openid.net%2Fauth%2F2.0","Happy that I tried out this new product","https://www.amazon.com/hz/reviews-render/report-review?ie=UTF8&ref=cm_cr_arp_d_rvw_hlp&csrfT=hHvug7DmvKZkP5Sz9Y195cKuorq%2Brjk5%2B172EvYUqhFKAAAAAGXT5WYAAAAB&reviewId=R2K4DEI07O2UHI","I was glancing through the new releases and happy to find this treat specifically designed for my senior dog. He loves the flavor of the treat, and seems like the texture is at the right level for him to chew on it but not hurting as he definitely was enjoying it. the ingredients all looked nice and I'm glad that I found this new treat for him. Would buy more once I use up this bag!","https://images-na.ssl-images-amazon.com/images/G/01/x-locale/common/transparent-pixel._V192234675_.gif","https://www.amazon.com/gp/profile/amzn1.account.AFBBASMDNGAFJKMG5PJ5OXUQS4VA/ref=cm_cr_arp_d_gw_pop?ie=UTF8","https://images-na.ssl-images-amazon.com/images/S/amazon-avatars-global/default._CR0,0,1024,1024_SX48_.png","<img src=""https://images-na.ssl-images-amazon.com/images/S/amazon-avatars-global/default._CR0,0,1024,1024_SX48_.png""/>","Sean","5.0 out of 5 stars","Reviewed in the United States on March 17, 2022","Images in this review","https://m.media-amazon.com/images/I/716F0Ki+SiL._SY88.jpg","function toggleSeeAllView() {
       P.when('A', 'cr-image-popover-controller').execute(function(A, imagePopoverController) {
          imagePopoverController.toggleSeeAllView(true);
       });
   }","javascript:void(0)","P.when('A', 'cr-image-popover-controller').execute(function(A, imagePopoverController) {
          A.on(""a:popover:beforeShow:R2K4DEI07O2UHI_gallerySection_main"", function(data) {
            imagePopoverController.initImagePopover(""R2K4DEI07O2UHI"", ""[https://m.media-amazon.com/images/I/716F0Ki+SiL._SL1600_.jpg]"", data);
          });
        });","5 people found this helpful","Report","Showing  comments",""
"https://www.amazon.com/gp/profile/amzn1.account.AFBI2TLOBCQLLOGMJPD2EFJ37HBA/ref=cm_cr_arp_d_gw_btm?ie=UTF8","","<img src=""https://images-na.ssl-images-amazon.com/images/S/amazon-avatars-global/default._CR0,0,1024,1024_SX48_.png""/>","ElaineC","https://www.amazon.com/gp/customer-reviews/R2Q5XA62ISOZ1R/ref=cm_cr_arp_d_rvw_ttl?ie=UTF8&ASIN=B09QP9DXJS","5.0 out of 5 stars","Amazing","Reviewed in the United States on November 21, 2023","https://www.amazon.com/gp/help/customer/display.html/ref=cm_cr_dp_d_rvw_avp?nodeId=G75XTB7MBMBTXP6W","Verified Purchase","My dog loves it!","https://www.amazon.com/ap/signin?openid.return_to=https%3A%2F%2Fwww.amazon.com%2FN-Bone-Senior-Dental-Chicken-Flavor%2Fproduct-reviews%2FB09QP9DXJS%2Fref%3Dcm_cr_arp_d_vote_lft%3Fie%3DUTF8%26csrfT%3DhKGder6QjfTQwLsbxsBfce%252Bozo80vZ8upEj3ONsRkl9KAAAAAGXT5WYAAAAB%26reviewId%3DR2Q5XA62ISOZ1R&openid.identity=http%3A%2F%2Fspecs.openid.net%2Fauth%2F2.0%2Fidentifier_select&openid.assoc_handle=usflex&openid.mode=checkid_setup&marketPlaceId=ATVPDKIKX0DER&language=en&openid.claimed_id=http%3A%2F%2Fspecs.openid.net%2Fauth%2F2.0%2Fidentifier_select&openid.ns=http%3A%2F%2Fspecs.openid.net%2Fauth%2F2.0","Report","https://www.amazon.com/hz/reviews-render/report-review?ie=UTF8&ref=cm_cr_arp_d_rvw_hlp&csrfT=hKGder6QjfTQwLsbxsBfce%2Bozo80vZ8upEj3ONsRkl9KAAAAAGXT5WYAAAAB&reviewId=R2Q5XA62ISOZ1R","Showing  comments","","","","","","","","","","","","","","","","https://images-na.ssl-images-amazon.com/images/G/01/x-locale/common/grey-pixel.gif"
"https://www.amazon.com/gp/profile/amzn1.account.AHRXPVZFHLWLUP3QT3SQVIKCOVXQ/ref=cm_cr_arp_d_gw_btm?ie=UTF8","","<img src=""https://images-na.ssl-images-amazon.com/images/S/amazon-avatars-global/default._CR0,0,1024,1024_SX48_.png""/>","Yang Zhang","https://www.amazon.com/gp/customer-reviews/RWM6YZNBEHWZQ/ref=cm_cr_arp_d_rvw_ttl?ie=UTF8&ASIN=B09QP9DXJS","5.0 out of 5 stars","Occupied Puppy","Reviewed in the United States on March 19, 2022","https://www.amazon.com/gp/help/customer/display.html/ref=cm_cr_dp_d_rvw_avp?nodeId=G75XTB7MBMBTXP6W","Verified Purchase","Our Dog, Teddy, likes to chew staff to kill his time. we bough this dental ring for him and he likes it so much. He moved it around and tried to hid it from his sister dog. finally he can not help but start to chew it with a good quality time to enjoy it/Great Chewing Product, both Teddy and Tesla love to chew them!","https://www.amazon.com/ap/signin?openid.return_to=https%3A%2F%2Fwww.amazon.com%2FN-Bone-Senior-Dental-Chicken-Flavor%2Fproduct-reviews%2FB09QP9DXJS%2Fref%3Dcm_cr_arp_d_vote_lft%3Fie%3DUTF8%26csrfT%3DhGUotGe2PbSfUQzgdwbuklK1cjkTr3PtgwDF6u6tgDObAAAAAGXT5WYAAAAB%26reviewId%3DRWM6YZNBEHWZQ&openid.identity=http%3A%2F%2Fspecs.openid.net%2Fauth%2F2.0%2Fidentifier_select&openid.assoc_handle=usflex&openid.mode=checkid_setup&marketPlaceId=ATVPDKIKX0DER&language=en&openid.claimed_id=http%3A%2F%2Fspecs.openid.net%2Fauth%2F2.0%2Fidentifier_select&openid.ns=http%3A%2F%2Fspecs.openid.net%2Fauth%2F2.0","2 people found this helpful","https://www.amazon.com/hz/reviews-render/report-review?ie=UTF8&ref=cm_cr_arp_d_rvw_hlp&csrfT=hGUotGe2PbSfUQzgdwbuklK1cjkTr3PtgwDF6u6tgDObAAAAAGXT5WYAAAAB&reviewId=RWM6YZNBEHWZQ","Report","","","","","","","","","","","","","Showing  comments","","","https://images-na.ssl-images-amazon.com/images/G/01/x-locale/common/grey-pixel.gif"
"https://www.amazon.com/gp/profile/amzn1.account.AFK3ZU4OGXNQT7V6LPU6BCEOADYQ/ref=cm_cr_arp_d_gw_btm?ie=UTF8","","<img src=""https://images-na.ssl-images-amazon.com/images/S/amazon-avatars-global/default._CR0,0,1024,1024_SX48_.png""/>","Jordan","https://www.amazon.com/gp/customer-reviews/R1CO0M7B0U5B7G/ref=cm_cr_arp_d_rvw_ttl?ie=UTF8&ASIN=B09QP9DXJS","5.0 out of 5 stars","LOVE THIS! Spoiling our Senior puppies!","Reviewed in the United States on March 18, 2022","https://www.amazon.com/gp/help/customer/display.html/ref=cm_cr_dp_d_rvw_avp?nodeId=G75XTB7MBMBTXP6W","Verified Purchase","Awesome product! Wyatt (7 yrs) & his mom, Lucy (retired field champion, 11 yrs) are getting extra love and TLC with this dental treat made specifically for dogs in and/or entering their ‚ÄúGolden-years‚Äù. ‚ù§Ô∏èüê∂ Lucy has arthritis and hasn‚Äôt been able to eat the daily Wish-Bone treat we‚Äôve always given them- seems to hurt her jaw. She had NO issues chewing / eating the entire Dental ring w/ a big smile on her face! It‚Äôs great to find something that she can still enjoy daily! Not to mention the added benefits she will get :) specifically the Glucosamine for her joints.","https://www.amazon.com/ap/signin?openid.return_to=https%3A%2F%2Fwww.amazon.com%2FN-Bone-Senior-Dental-Chicken-Flavor%2Fproduct-reviews%2FB09QP9DXJS%2Fref%3Dcm_cr_arp_d_vote_lft%3Fie%3DUTF8%26csrfT%3DhDD2BWbxkoskuyJXZnA8hoCEinJfFx1nmTNK5FaNN2tkAAAAAGXT5WYAAAAB%26reviewId%3DR1CO0M7B0U5B7G&openid.identity=http%3A%2F%2Fspecs.openid.net%2Fauth%2F2.0%2Fidentifier_select&openid.assoc_handle=usflex&openid.mode=checkid_setup&marketPlaceId=ATVPDKIKX0DER&language=en&openid.claimed_id=http%3A%2F%2Fspecs.openid.net%2Fauth%2F2.0%2Fidentifier_select&openid.ns=http%3A%2F%2Fspecs.openid.net%2Fauth%2F2.0","LOVE THIS! Spoiling our Senior puppies!","https://www.amazon.com/hz/reviews-render/report-review?ie=UTF8&ref=cm_cr_arp_d_rvw_hlp&csrfT=hDD2BWbxkoskuyJXZnA8hoCEinJfFx1nmTNK5FaNN2tkAAAAAGXT5WYAAAAB&reviewId=R1CO0M7B0U5B7G","Awesome product! Wyatt (7 yrs) & his mom, Lucy (retired field champion, 11 yrs) are getting extra love and TLC with this dental treat made specifically for dogs in and/or entering their ‚ÄúGolden-years‚Äù. ‚ù§Ô∏èüê∂ Lucy has arthritis and hasn‚Äôt been able to eat the daily Wish-Bone treat we‚Äôve always given them- seems to hurt her jaw. She had NO issues chewing / eating the entire Dental ring w/ a big smile on her face! It‚Äôs great to find something that she can still enjoy daily! Not to mention the added benefits she will get :) specifically the Glucosamine for her joints.","https://images-na.ssl-images-amazon.com/images/G/01/x-locale/common/transparent-pixel._V192234675_.gif","https://www.amazon.com/gp/profile/amzn1.account.AFK3ZU4OGXNQT7V6LPU6BCEOADYQ/ref=cm_cr_arp_d_gw_pop?ie=UTF8","https://images-na.ssl-images-amazon.com/images/S/amazon-avatars-global/default._CR0,0,1024,1024_SX48_.png","<img src=""https://images-na.ssl-images-amazon.com/images/S/amazon-avatars-global/default._CR0,0,1024,1024_SX48_.png""/>","Jordan","5.0 out of 5 stars","Reviewed in the United States on March 18, 2022","Images in this review","https://m.media-amazon.com/images/I/71CHbZuEaQL._SY88.jpg","function toggleSeeAllView() {
       P.when('A', 'cr-image-popover-controller').execute(function(A, imagePopoverController) {
          imagePopoverController.toggleSeeAllView(true);
       });
   }","javascript:void(0)","P.when('A', 'cr-image-popover-controller').execute(function(A, imagePopoverController) {
          A.on(""a:popover:beforeShow:R1CO0M7B0U5B7G_gallerySection_main"", function(data) {
            imagePopoverController.initImagePopover(""R1CO0M7B0U5B7G"", ""[https://m.media-amazon.com/images/I/71CHbZuEaQL._SL1600_.jpg, https://m.media-amazon.com/images/I/71mv3k8QyXL._SL1600_.jpg, https://m.media-amazon.com/images/I/819XUZIfoZL._SL1600_.jpg, https://m.media-amazon.com/images/I/91GhtCQnIVL._SL1600_.jpg]"", data);
          });
        });","4 people found this helpful","Report","Showing  comments","https://images-na.ssl-images-amazon.com/images/G/01/x-locale/common/grey-pixel.gif"
"https://www.amazon.com/gp/profile/amzn1.account.AGMK6OAHXZKPLETDZNK6HGBUREZQ/ref=cm_cr_arp_d_gw_btm?ie=UTF8","","<img src=""https://images-na.ssl-images-amazon.com/images/S/amazon-avatars-global/default._CR0,0,1024,1024_SX48_.png""/>","Lina","https://www.amazon.com/gp/customer-reviews/R21BVHSLYJ156L/ref=cm_cr_arp_d_rvw_ttl?ie=UTF8&ASIN=B09QP9DXJS","5.0 out of 5 stars","Ran off after 1 sniff!","Reviewed in the United States on March 28, 2022","https://www.amazon.com/gp/help/customer/display.html/ref=cm_cr_dp_d_rvw_avp?nodeId=G75XTB7MBMBTXP6W","Verified Purchase","Found these while browsing Amazon's pet section, looking for a treat for Sukie, our family dog who is 8.5 year old now. Sukie was super energetic when she was in her puppy stage, and loved treats that she could spend some time chewing on. However, with the age, she grew out of it and it felt like she was uninterested no matter the efforts we made to find something appealing to her.As soon as I opened the bag and gave her a Senior Dental Ring, she sniffed, bit, and ran away with the treat! We think she was hiding it for later, to enjoy peacefully when nobody was around. I've never seen her getting so excited about a treat in these past few years, this was such a surprise! I'm happy we finally found something that she loves, and allows us to get a glimpse of the little playful puppy she used to be!","https://www.amazon.com/ap/signin?openid.return_to=https%3A%2F%2Fwww.amazon.com%2FN-Bone-Senior-Dental-Chicken-Flavor%2Fproduct-reviews%2FB09QP9DXJS%2Fref%3Dcm_cr_arp_d_vote_lft%3Fie%3DUTF8%26csrfT%3DhHiuFFfbrIGPd4u0komYZMBeoftiOtGYaXDpwdjP19J7AAAAAGXT5WYAAAAB%26reviewId%3DR21BVHSLYJ156L&openid.identity=http%3A%2F%2Fspecs.openid.net%2Fauth%2F2.0%2Fidentifier_select&openid.assoc_handle=usflex&openid.mode=checkid_setup&marketPlaceId=ATVPDKIKX0DER&language=en&openid.claimed_id=http%3A%2F%2Fspecs.openid.net%2Fauth%2F2.0%2Fidentifier_select&openid.ns=http%3A%2F%2Fspecs.openid.net%2Fauth%2F2.0","Ran off after 1 sniff!","https://www.amazon.com/hz/reviews-render/report-review?ie=UTF8&ref=cm_cr_arp_d_rvw_hlp&csrfT=hHiuFFfbrIGPd4u0komYZMBeoftiOtGYaXDpwdjP19J7AAAAAGXT5WYAAAAB&reviewId=R21BVHSLYJ156L","Found these while browsing Amazon's pet section, looking for a treat for Sukie, our family dog who is 8.5 year old now. Sukie was super energetic when she was in her puppy stage, and loved treats that she could spend some time chewing on. However, with the age, she grew out of it and it felt like she was uninterested no matter the efforts we made to find something appealing to her.As soon as I opened the bag and gave her a Senior Dental Ring, she sniffed, bit, and ran away with the treat! We think she was hiding it for later, to enjoy peacefully when nobody was around. I've never seen her getting so excited about a treat in these past few years, this was such a surprise! I'm happy we finally found something that she loves, and allows us to get a glimpse of the little playful puppy she used to be!","https://images-na.ssl-images-amazon.com/images/G/01/x-locale/common/transparent-pixel._V192234675_.gif","https://www.amazon.com/gp/profile/amzn1.account.AGMK6OAHXZKPLETDZNK6HGBUREZQ/ref=cm_cr_arp_d_gw_pop?ie=UTF8","https://images-na.ssl-images-amazon.com/images/S/amazon-avatars-global/default._CR0,0,1024,1024_SX48_.png","<img src=""https://images-na.ssl-images-amazon.com/images/S/amazon-avatars-global/default._CR0,0,1024,1024_SX48_.png""/>","Lina","5.0 out of 5 stars","Reviewed in the United States on March 28, 2022","Images in this review","https://m.media-amazon.com/images/I/7102a+KBHSL._SY88.jpg","function toggleSeeAllView() {
       P.when('A', 'cr-image-popover-controller').execute(function(A, imagePopoverController) {
          imagePopoverController.toggleSeeAllView(true);
       });
   }","javascript:void(0)","P.when('A', 'cr-image-popover-controller').execute(function(A, imagePopoverController) {
          A.on(""a:popover:beforeShow:R21BVHSLYJ156L_gallerySection_main"", function(data) {
            imagePopoverController.initImagePopover(""R21BVHSLYJ156L"", ""[https://m.media-amazon.com/images/I/7102a+KBHSL._SL1600_.jpg]"", data);
          });
        });","3 people found this helpful","Report","Showing  comments","https://images-na.ssl-images-amazon.com/images/G/01/x-locale/common/grey-pixel.gif"
"https://www.amazon.com/gp/profile/amzn1.account.AFKUAE2HVAR7IBGOWS2HM4BZ54JQ/ref=cm_cr_arp_d_gw_btm?ie=UTF8","","<img src=""https://images-na.ssl-images-amazon.com/images/S/amazon-avatars-global/default._CR0,0,1024,1024_SX48_.png""/>","Trish","https://www.amazon.com/gp/customer-reviews/R2BAZSQ4SXUWAB/ref=cm_cr_arp_d_rvw_ttl?ie=UTF8&ASIN=B09QP9DXJS","5.0 out of 5 stars","Ultra picky eater approved!","Reviewed in the United States on April 21, 2023","https://www.amazon.com/gp/help/customer/display.html/ref=cm_cr_dp_d_rvw_avp?nodeId=G75XTB7MBMBTXP6W","Verified Purchase","I have a Siberian Husky who is the pickiest eater I have ever seen.  He will turn his nose up at pizza delivery if it doesn't have the toppings he likes.  These are the only dog treats he will actually eat.","https://www.amazon.com/ap/signin?openid.return_to=https%3A%2F%2Fwww.amazon.com%2FN-Bone-Senior-Dental-Chicken-Flavor%2Fproduct-reviews%2FB09QP9DXJS%2Fref%3Dcm_cr_arp_d_vote_lft%3Fie%3DUTF8%26csrfT%3DhJ5pGLpX7MsbM8DOCh52jEL6TKnJHOtFbCKj8uUGN0l3AAAAAGXT5WYAAAAB%26reviewId%3DR2BAZSQ4SXUWAB&openid.identity=http%3A%2F%2Fspecs.openid.net%2Fauth%2F2.0%2Fidentifier_select&openid.assoc_handle=usflex&openid.mode=checkid_setup&marketPlaceId=ATVPDKIKX0DER&language=en&openid.claimed_id=http%3A%2F%2Fspecs.openid.net%2Fauth%2F2.0%2Fidentifier_select&openid.ns=http%3A%2F%2Fspecs.openid.net%2Fauth%2F2.0","One person found this helpful","https://www.amazon.com/hz/reviews-render/report-review?ie=UTF8&ref=cm_cr_arp_d_rvw_hlp&csrfT=hJ5pGLpX7MsbM8DOCh52jEL6TKnJHOtFbCKj8uUGN0l3AAAAAGXT5WYAAAAB&reviewId=R2BAZSQ4SXUWAB","Report","","","","","","","","","","","","","Showing  comments","","","https://images-na.ssl-images-amazon.com/images/G/01/x-locale/common/grey-pixel.gif"
"https://www.amazon.com/gp/profile/amzn1.account.AFOTTHOESJLRP7ZXUJHTYIZRHQ5A/ref=cm_cr_arp_d_gw_btm?ie=UTF8","","<img src=""https://images-na.ssl-images-amazon.com/images/S/amazon-avatars-global/default._CR0,0,1024,1024_SX48_.png""/>","Jenifer","https://www.amazon.com/gp/customer-reviews/RPC4C7OSI5CB2/ref=cm_cr_arp_d_rvw_ttl?ie=UTF8&ASIN=B09QP9DXJS","5.0 out of 5 stars","A LIFE SAVER","Reviewed in the United States on April 19, 2022","https://www.amazon.com/gp/help/customer/display.html/ref=cm_cr_dp_d_rvw_avp?nodeId=G75XTB7MBMBTXP6W","Verified Purchase","Was a little hesitant purchasing this since my little guy can NEVER chew anything with his weak teeth, but thought I would give it a try since this was for senior dogs. Long story short, I LOVE THIS! One of the only treats that the little guy could chew through without having me breaking it up for him. I finally don't have to worry about him breaking a tooth when I leave him alone with it. Having it support his joints is just an added bonus.","https://www.amazon.com/ap/signin?openid.return_to=https%3A%2F%2Fwww.amazon.com%2FN-Bone-Senior-Dental-Chicken-Flavor%2Fproduct-reviews%2FB09QP9DXJS%2Fref%3Dcm_cr_arp_d_vote_lft%3Fie%3DUTF8%26csrfT%3DhEtSKQPawecyEC%252Br3AQtTmpHDtCpu%252FJiAwVQBNSVRvchAAAAAGXT5WYAAAAB%26reviewId%3DRPC4C7OSI5CB2&openid.identity=http%3A%2F%2Fspecs.openid.net%2Fauth%2F2.0%2Fidentifier_select&openid.assoc_handle=usflex&openid.mode=checkid_setup&marketPlaceId=ATVPDKIKX0DER&language=en&openid.claimed_id=http%3A%2F%2Fspecs.openid.net%2Fauth%2F2.0%2Fidentifier_select&openid.ns=http%3A%2F%2Fspecs.openid.net%2Fauth%2F2.0","3 people found this helpful","https://www.amazon.com/hz/reviews-render/report-review?ie=UTF8&ref=cm_cr_arp_d_rvw_hlp&csrfT=hEtSKQPawecyEC%2Br3AQtTmpHDtCpu%2FJiAwVQBNSVRvchAAAAAGXT5WYAAAAB&reviewId=RPC4C7OSI5CB2","Report","","","","","","","","","","","","","Showing  comments","","","https://images-na.ssl-images-amazon.com/images/G/01/x-locale/common/grey-pixel.gif"
"https://www.amazon.com/gp/profile/amzn1.account.AE4JX4U6IMFQ2GDZO7J533HWJIAA/ref=cm_cr_arp_d_gw_btm?ie=UTF8","","<img src=""https://images-na.ssl-images-amazon.com/images/S/amazon-avatars-global/default._CR0,0,1024,1024_SX48_.png""/>","Diane Scott","https://www.amazon.com/gp/customer-reviews/RV15S0DZK6SQ4/ref=cm_cr_arp_d_rvw_ttl?ie=UTF8&ASIN=B09QP9DXJS","5.0 out of 5 stars","First! :)  Puppy Teething Ring for the Senior Dog","Reviewed in the United States on March 16, 2022","https://www.amazon.com/gp/help/customer/display.html/ref=cm_cr_dp_d_rvw_avp?nodeId=G75XTB7MBMBTXP6W","Verified Purchase","Very excited! I've been giving their puppy teething ring to my now adult dog for several years.  I like that it's a little bit softer than the other one since her teeth are a little older. But she still loves to chew on the ring and hide it to ""dig up"" later.  It still has that twirly design for getting to the plaque which also helps with some of her doggie breath.  Now add a little mint to it - level up!","https://www.amazon.com/ap/signin?openid.return_to=https%3A%2F%2Fwww.amazon.com%2FN-Bone-Senior-Dental-Chicken-Flavor%2Fproduct-reviews%2FB09QP9DXJS%2Fref%3Dcm_cr_arp_d_vote_lft%3Fie%3DUTF8%26csrfT%3DhJ1bfHaC%252B6HZyfaR%252BQBVKmod2A%252FlPiJcKKS4QBD2P5ceAAAAAGXT5WYAAAAB%26reviewId%3DRV15S0DZK6SQ4&openid.identity=http%3A%2F%2Fspecs.openid.net%2Fauth%2F2.0%2Fidentifier_select&openid.assoc_handle=usflex&openid.mode=checkid_setup&marketPlaceId=ATVPDKIKX0DER&language=en&openid.claimed_id=http%3A%2F%2Fspecs.openid.net%2Fauth%2F2.0%2Fidentifier_select&openid.ns=http%3A%2F%2Fspecs.openid.net%2Fauth%2F2.0","2 people found this helpful","https://www.amazon.com/hz/reviews-render/report-review?ie=UTF8&ref=cm_cr_arp_d_rvw_hlp&csrfT=hJ1bfHaC%2B6HZyfaR%2BQBVKmod2A%2FlPiJcKKS4QBD2P5ceAAAAAGXT5WYAAAAB&reviewId=RV15S0DZK6SQ4","Report","","","","","","","","","","","","","Showing  comments","","","https://images-na.ssl-images-amazon.com/images/G/01/x-locale/common/grey-pixel.gif"
"https://www.amazon.com/gp/profile/amzn1.account.AHF7BMLX67YKQE5RFPEQL3UJWOYA/ref=cm_cr_arp_d_gw_btm?ie=UTF8","","<img src=""https://images-na.ssl-images-amazon.com/images/S/amazon-avatars-global/default._CR0,0,1024,1024_SX48_.png""/>","LJ","https://www.amazon.com/gp/customer-reviews/R18HGVRUBOXWX7/ref=cm_cr_arp_d_rvw_ttl?ie=UTF8&ASIN=B09QP9DXJS","5.0 out of 5 stars","Chew rings made for older dogs","Reviewed in the United States on January 3, 2023","https://www.amazon.com/gp/help/customer/display.html/ref=cm_cr_dp_d_rvw_avp?nodeId=G75XTB7MBMBTXP6W","Verified Purchase","I purchased this brand as our puppy was gifted the puppy rings in the same brand and our older dog wanted them so bad!  So I got him his own and he just loves these!","https://www.amazon.com/ap/signin?openid.return_to=https%3A%2F%2Fwww.amazon.com%2FN-Bone-Senior-Dental-Chicken-Flavor%2Fproduct-reviews%2FB09QP9DXJS%2Fref%3Dcm_cr_arp_d_vote_lft%3Fie%3DUTF8%26csrfT%3DhO45uBUt5G4scgY1SGqa%252F5%252FP27KF%252Bx5XalXSPvApA88DAAAAAGXT5WYAAAAB%26reviewId%3DR18HGVRUBOXWX7&openid.identity=http%3A%2F%2Fspecs.openid.net%2Fauth%2F2.0%2Fidentifier_select&openid.assoc_handle=usflex&openid.mode=checkid_setup&marketPlaceId=ATVPDKIKX0DER&language=en&openid.claimed_id=http%3A%2F%2Fspecs.openid.net%2Fauth%2F2.0%2Fidentifier_select&openid.ns=http%3A%2F%2Fspecs.openid.net%2Fauth%2F2.0","One person found this helpful","https://www.amazon.com/hz/reviews-render/report-review?ie=UTF8&ref=cm_cr_arp_d_rvw_hlp&csrfT=hO45uBUt5G4scgY1SGqa%2F5%2FP27KF%2Bx5XalXSPvApA88DAAAAAGXT5WYAAAAB&reviewId=R18HGVRUBOXWX7","Report","","","","","","","","","","","","","Showing  comments","","","https://images-na.ssl-images-amazon.com/images/G/01/x-locale/common/grey-pixel.gif"
"https://www.amazon.com/gp/profile/amzn1.account.AERNRL26G5WXLSRVBRNVRVSVOCLA/ref=cm_cr_getr_d_gw_btm?ie=UTF8","https://images-na.ssl-images-amazon.com/images/S/amazon-avatars-global/default._CR0,0,1024,1024_SX48_.png","<img src=""https://images-na.ssl-images-amazon.com/images/S/amazon-avatars-global/default._CR0,0,1024,1024_SX48_.png""/>","Lanismom","https://www.amazon.com/gp/customer-reviews/R1P441Q0CQ8G7I/ref=cm_cr_getr_d_rvw_ttl?ie=UTF8&ASIN=B09QP9DXJS","5.0 out of 5 stars","BELLA LOVES THEM!!!","Reviewed in the United States on February 23, 2023","https://www.amazon.com/gp/help/customer/display.html/ref=cm_cr_dp_d_rvw_avp?nodeId=G75XTB7MBMBTXP6W","Verified Purchase","My Goldendoodle loves these and they don't upset her stomach.  As a matter of fact, I need to order more right now!!!","https://www.amazon.com/ap/signin?openid.return_to=https%3A%2F%2Fwww.amazon.com%2FN-Bone-Senior-Dental-Chicken-Flavor%2Fproduct-reviews%2FB09QP9DXJS%2Fref%3Dcm_cr_getr_d_vote_lft%3Fie%3DUTF8%26pageSize%3D10%26csrfT%3DhN63GQxpB6kDjU0hFZy1wH85eE3SJcSqIGViOUjlC9W8AAAAAGXT5W8AAAAB%26reviewId%3DR1P441Q0CQ8G7I&openid.identity=http%3A%2F%2Fspecs.openid.net%2Fauth%2F2.0%2Fidentifier_select&openid.assoc_handle=usflex&openid.mode=checkid_setup&marketPlaceId=ATVPDKIKX0DER&language=en&openid.claimed_id=http%3A%2F%2Fspecs.openid.net%2Fauth%2F2.0%2Fidentifier_select&openid.ns=http%3A%2F%2Fspecs.openid.net%2Fauth%2F2.0","2 people found this helpful","https://www.amazon.com/hz/reviews-render/report-review?ie=UTF8&ref=cm_cr_getr_d_rvw_hlp&csrfT=hN63GQxpB6kDjU0hFZy1wH85eE3SJcSqIGViOUjlC9W8AAAAAGXT5W8AAAAB&reviewId=R1P441Q0CQ8G7I","Report","","","","","","","","","","","","","Showing  comments","","",""
"https://www.amazon.com/gp/profile/amzn1.account.AGTHKNURAXUA3IQG4E3ZPEAB6RIA/ref=cm_cr_getr_d_gw_btm?ie=UTF8","https://images-na.ssl-images-amazon.com/images/S/amazon-avatars-global/6fea7ed3-5745-46b9-a0ac-3fce104aa3d5._CR71,0,357,357_SX48_.jpg","<img src=""https://images-na.ssl-images-amazon.com/images/S/amazon-avatars-global/6fea7ed3-5745-46b9-a0ac-3fce104aa3d5._CR71,0,357,357_SX48_.jpg""/>","Chocolate King Pin","https://www.amazon.com/gp/customer-reviews/R1AEM00OU4HUTD/ref=cm_cr_getr_d_rvw_ttl?ie=UTF8&ASIN=B09QP9DXJS","5.0 out of 5 stars","He enjoys these. üëçüèΩüê∂üëçüèΩ","Reviewed in the United States on October 6, 2022","https://www.amazon.com/gp/help/customer/display.html/ref=cm_cr_dp_d_rvw_avp?nodeId=G75XTB7MBMBTXP6W","Verified Purchase","I think the smell could be different. Different flavors. He enjoys these, but sometimes, covers them with his blanket.As far as Chew Time, it depends on the size of your Senior Dog and it's Teeth.His is finished within 10 minutes.","https://www.amazon.com/ap/signin?openid.return_to=https%3A%2F%2Fwww.amazon.com%2FN-Bone-Senior-Dental-Chicken-Flavor%2Fproduct-reviews%2FB09QP9DXJS%2Fref%3Dcm_cr_getr_d_vote_lft%3Fie%3DUTF8%26pageSize%3D10%26csrfT%3DhCjpH41Y8fNVCyMN35iXW1cgOclIn9rfdzdgnTk8WaXHAAAAAGXT5W8AAAAB%26reviewId%3DR1AEM00OU4HUTD&openid.identity=http%3A%2F%2Fspecs.openid.net%2Fauth%2F2.0%2Fidentifier_select&openid.assoc_handle=usflex&openid.mode=checkid_setup&marketPlaceId=ATVPDKIKX0DER&language=en&openid.claimed_id=http%3A%2F%2Fspecs.openid.net%2Fauth%2F2.0%2Fidentifier_select&openid.ns=http%3A%2F%2Fspecs.openid.net%2Fauth%2F2.0","One person found this helpful","https://www.amazon.com/hz/reviews-render/report-review?ie=UTF8&ref=cm_cr_getr_d_rvw_hlp&csrfT=hCjpH41Y8fNVCyMN35iXW1cgOclIn9rfdzdgnTk8WaXHAAAAAGXT5W8AAAAB&reviewId=R1AEM00OU4HUTD","Report","","","","","","","","","","","","","Showing  comments","","",""
"https://www.amazon.com/gp/profile/amzn1.account.AGM2LHXRXMEBLHXS3AERKEKQC44A/ref=cm_cr_getr_d_gw_btm?ie=UTF8","https://images-na.ssl-images-amazon.com/images/S/amazon-avatars-global/default._CR0,0,1024,1024_SX48_.png","<img src=""https://images-na.ssl-images-amazon.com/images/S/amazon-avatars-global/default._CR0,0,1024,1024_SX48_.png""/>","Bingkun Yang","https://www.amazon.com/gp/customer-reviews/R2132AOXT1RUYU/ref=cm_cr_getr_d_rvw_ttl?ie=UTF8&ASIN=B09QP9DXJS","5.0 out of 5 stars","Favorite Treats For My Dog","Reviewed in the United States on April 21, 2022","https://www.amazon.com/gp/help/customer/display.html/ref=cm_cr_dp_d_rvw_avp?nodeId=G75XTB7MBMBTXP6W","Verified Purchase","I have a 9-year old golden retriever who is a picky eater, but I am glad that he does love this senior dental ring. The treat would provide a lot entertainment for him as it would keep him busy for a while and it's long lasting. I definitely will buy it again. Great Product!","https://www.amazon.com/ap/signin?openid.return_to=https%3A%2F%2Fwww.amazon.com%2FN-Bone-Senior-Dental-Chicken-Flavor%2Fproduct-reviews%2FB09QP9DXJS%2Fref%3Dcm_cr_getr_d_vote_lft%3Fie%3DUTF8%26pageSize%3D10%26csrfT%3DhFNB1TUj4H3OsPxpp97XUl7SAjKb286LQQBj0VYTAgXJAAAAAGXT5W8AAAAB%26reviewId%3DR2132AOXT1RUYU&openid.identity=http%3A%2F%2Fspecs.openid.net%2Fauth%2F2.0%2Fidentifier_select&openid.assoc_handle=usflex&openid.mode=checkid_setup&marketPlaceId=ATVPDKIKX0DER&language=en&openid.claimed_id=http%3A%2F%2Fspecs.openid.net%2Fauth%2F2.0%2Fidentifier_select&openid.ns=http%3A%2F%2Fspecs.openid.net%2Fauth%2F2.0","Report","https://www.amazon.com/hz/reviews-render/report-review?ie=UTF8&ref=cm_cr_getr_d_rvw_hlp&csrfT=hFNB1TUj4H3OsPxpp97XUl7SAjKb286LQQBj0VYTAgXJAAAAAGXT5W8AAAAB&reviewId=R2132AOXT1RUYU","Showing  comments","","","","","","","","","","","","","","","",""
"https://www.amazon.com/gp/profile/amzn1.account.AHKC6MNMUUGQ3Z66ZKLAVXQM2YBA/ref=cm_cr_getr_d_gw_btm?ie=UTF8","https://images-na.ssl-images-amazon.com/images/S/amazon-avatars-global/default._CR0,0,1024,1024_SX48_.png","<img src=""https://images-na.ssl-images-amazon.com/images/S/amazon-avatars-global/default._CR0,0,1024,1024_SX48_.png""/>","Hannah chang","https://www.amazon.com/gp/customer-reviews/R3NMK7UGY8OGHD/ref=cm_cr_getr_d_rvw_ttl?ie=UTF8&ASIN=B09QP9DXJS","5.0 out of 5 stars","cautious with other types of dog  food","Reviewed in the United States on June 5, 2022","https://www.amazon.com/gp/help/customer/display.html/ref=cm_cr_dp_d_rvw_avp?nodeId=G75XTB7MBMBTXP6W","Verified Purchase","my dog is typically a very picky eater , we were really surprised when she didn't hesitate to eat the new type what made  it more surprising was she refused to eat other brands of dog food,","https://www.amazon.com/ap/signin?openid.return_to=https%3A%2F%2Fwww.amazon.com%2FN-Bone-Senior-Dental-Chicken-Flavor%2Fproduct-reviews%2FB09QP9DXJS%2Fref%3Dcm_cr_getr_d_vote_lft%3Fie%3DUTF8%26pageSize%3D10%26csrfT%3DhAkua9GxGarPbAOPhPvu7CR38SBKZqViLwHJTFXTOxRvAAAAAGXT5W8AAAAB%26reviewId%3DR3NMK7UGY8OGHD&openid.identity=http%3A%2F%2Fspecs.openid.net%2Fauth%2F2.0%2Fidentifier_select&openid.assoc_handle=usflex&openid.mode=checkid_setup&marketPlaceId=ATVPDKIKX0DER&language=en&openid.claimed_id=http%3A%2F%2Fspecs.openid.net%2Fauth%2F2.0%2Fidentifier_select&openid.ns=http%3A%2F%2Fspecs.openid.net%2Fauth%2F2.0","One person found this helpful","https://www.amazon.com/hz/reviews-render/report-review?ie=UTF8&ref=cm_cr_getr_d_rvw_hlp&csrfT=hAkua9GxGarPbAOPhPvu7CR38SBKZqViLwHJTFXTOxRvAAAAAGXT5W8AAAAB&reviewId=R3NMK7UGY8OGHD","Report","","","","","","","","","","","","","Showing  comments","","",""
"https://www.amazon.com/gp/profile/amzn1.account.AEKKCV2ZLI7HJ4MDJZA6SUBBFDVA/ref=cm_cr_getr_d_gw_btm?ie=UTF8","https://images-na.ssl-images-amazon.com/images/S/amazon-avatars-global/37cd8c56-1c2c-403a-befa-7dce0f39de28._CR0,0,425,425_SX48_.jpg","<img src=""https://images-na.ssl-images-amazon.com/images/S/amazon-avatars-global/37cd8c56-1c2c-403a-befa-7dce0f39de28._CR0,0,425,425_SX48_.jpg""/>","Avnrie","https://www.amazon.com/gp/customer-reviews/R31Z29HO9O1BQ6/ref=cm_cr_getr_d_rvw_ttl?ie=UTF8&ASIN=B09QP9DXJS","3.0 out of 5 stars","Doogie liked them","Reviewed in the United States on May 25, 2022","https://www.amazon.com/gp/help/customer/display.html/ref=cm_cr_dp_d_rvw_avp?nodeId=G75XTB7MBMBTXP6W","Verified Purchase","Doogie liked them,  but personally I found them pretty expensive. They really didn‚Äôt last all that long, and he is not a huge dog so I really expected  these chews to last a little bit longer than they actually did. I will not be in a hurry to order them again, but I may order them again at some point. I just feel that economically I can do better.","https://www.amazon.com/ap/signin?openid.return_to=https%3A%2F%2Fwww.amazon.com%2FN-Bone-Senior-Dental-Chicken-Flavor%2Fproduct-reviews%2FB09QP9DXJS%2Fref%3Dcm_cr_getr_d_vote_lft%3Fie%3DUTF8%26pageSize%3D10%26csrfT%3DhHZHHHx50oVqx9HzswAxiYwiQQSlLOWh47SrXXGzgXNbAAAAAGXT5W8AAAAB%26reviewId%3DR31Z29HO9O1BQ6&openid.identity=http%3A%2F%2Fspecs.openid.net%2Fauth%2F2.0%2Fidentifier_select&openid.assoc_handle=usflex&openid.mode=checkid_setup&marketPlaceId=ATVPDKIKX0DER&language=en&openid.claimed_id=http%3A%2F%2Fspecs.openid.net%2Fauth%2F2.0%2Fidentifier_select&openid.ns=http%3A%2F%2Fspecs.openid.net%2Fauth%2F2.0","Report","https://www.amazon.com/hz/reviews-render/report-review?ie=UTF8&ref=cm_cr_getr_d_rvw_hlp&csrfT=hHZHHHx50oVqx9HzswAxiYwiQQSlLOWh47SrXXGzgXNbAAAAAGXT5W8AAAAB&reviewId=R31Z29HO9O1BQ6","Showing  comments","","","","","","","","","","","","","","","",""
"https://www.amazon.com/gp/profile/amzn1.account.AF7W36ACYK2R6KJFZGL3GCMEIVGA/ref=cm_cr_getr_d_gw_btm?ie=UTF8","","<img src=""https://images-na.ssl-images-amazon.com/images/S/amazon-avatars-global/default._CR0,0,1024,1024_SX48_.png""/>","Alvin J.","https://www.amazon.com/gp/customer-reviews/RFPK0KEN8M5RM/ref=cm_cr_getr_d_rvw_ttl?ie=UTF8&ASIN=B09QP9DXJS","5.0 out of 5 stars","Good Doggy Treats","Reviewed in the United States on April 14, 2022","https://www.amazon.com/gp/help/customer/display.html/ref=cm_cr_dp_d_rvw_avp?nodeId=G75XTB7MBMBTXP6W","Verified Purchase","These treats are great! My dogs are heavy chewers and was pleasantly surprised how long these treats lasted. They seem to like the flavor more than my other treats that I have. I would definitely recommend this treat!","https://www.amazon.com/ap/signin?openid.return_to=https%3A%2F%2Fwww.amazon.com%2FN-Bone-Senior-Dental-Chicken-Flavor%2Fproduct-reviews%2FB09QP9DXJS%2Fref%3Dcm_cr_getr_d_vote_lft%3Fie%3DUTF8%26pageSize%3D10%26csrfT%3DhHFvx2Ln%252BSuugksQUS%252BK5t53zm8NQqh1cefVe1heDmnNAAAAAGXT5W8AAAAB%26reviewId%3DRFPK0KEN8M5RM&openid.identity=http%3A%2F%2Fspecs.openid.net%2Fauth%2F2.0%2Fidentifier_select&openid.assoc_handle=usflex&openid.mode=checkid_setup&marketPlaceId=ATVPDKIKX0DER&language=en&openid.claimed_id=http%3A%2F%2Fspecs.openid.net%2Fauth%2F2.0%2Fidentifier_select&openid.ns=http%3A%2F%2Fspecs.openid.net%2Fauth%2F2.0","Report","https://www.amazon.com/hz/reviews-render/report-review?ie=UTF8&ref=cm_cr_getr_d_rvw_hlp&csrfT=hHFvx2Ln%2BSuugksQUS%2BK5t53zm8NQqh1cefVe1heDmnNAAAAAGXT5W8AAAAB&reviewId=RFPK0KEN8M5RM","Showing  comments","","","","","","","","","","","","","","","","https://images-na.ssl-images-amazon.com/images/G/01/x-locale/common/grey-pixel.gif"
"https://www.amazon.com/gp/profile/amzn1.account.AHSTQ4VW56UQEDVMIJFJIX56UX7Q/ref=cm_cr_getr_d_gw_btm?ie=UTF8","","<img src=""https://images-na.ssl-images-amazon.com/images/S/amazon-avatars-global/default._CR0,0,1024,1024_SX48_.png""/>","Wendy","https://www.amazon.com/gp/customer-reviews/RLA3JUBE9HBOU/ref=cm_cr_getr_d_rvw_ttl?ie=UTF8&ASIN=B09QP9DXJS","5.0 out of 5 stars","Glad to try this product","Reviewed in the United States on March 26, 2022","https://www.amazon.com/gp/help/customer/display.html/ref=cm_cr_dp_d_rvw_avp?nodeId=G75XTB7MBMBTXP6W","Verified Purchase","This new product is not only good for my dog's teeth, but also supports his healthy joints, skin and coat. He likes it as his favorite treat. I am glad to try it and definitely will buy it again!","https://www.amazon.com/ap/signin?openid.return_to=https%3A%2F%2Fwww.amazon.com%2FN-Bone-Senior-Dental-Chicken-Flavor%2Fproduct-reviews%2FB09QP9DXJS%2Fref%3Dcm_cr_getr_d_vote_lft%3Fie%3DUTF8%26pageSize%3D10%26csrfT%3DhHGjwPbu3zhuf3sjMfFcerFmCyk80nThFpqZUEJlQ0M1AAAAAGXT5W8AAAAB%26reviewId%3DRLA3JUBE9HBOU&openid.identity=http%3A%2F%2Fspecs.openid.net%2Fauth%2F2.0%2Fidentifier_select&openid.assoc_handle=usflex&openid.mode=checkid_setup&marketPlaceId=ATVPDKIKX0DER&language=en&openid.claimed_id=http%3A%2F%2Fspecs.openid.net%2Fauth%2F2.0%2Fidentifier_select&openid.ns=http%3A%2F%2Fspecs.openid.net%2Fauth%2F2.0","One person found this helpful","https://www.amazon.com/hz/reviews-render/report-review?ie=UTF8&ref=cm_cr_getr_d_rvw_hlp&csrfT=hHGjwPbu3zhuf3sjMfFcerFmCyk80nThFpqZUEJlQ0M1AAAAAGXT5W8AAAAB&reviewId=RLA3JUBE9HBOU","Report","","","","","","","","","","","","","Showing  comments","","","https://images-na.ssl-images-amazon.com/images/G/01/x-locale/common/grey-pixel.gif"
"https://www.amazon.com/gp/profile/amzn1.account.AE7LQX2LYPC4MOO5PQ4JSN7CVBPA/ref=cm_cr_getr_d_gw_btm?ie=UTF8","","<img src=""https://images-na.ssl-images-amazon.com/images/S/amazon-avatars-global/default._CR0,0,1024,1024_SX48_.png""/>","Amazon Customer","https://www.amazon.com/gp/customer-reviews/R2IJ5N68O96JKY/ref=cm_cr_getr_d_rvw_ttl?ie=UTF8&ASIN=B09QP9DXJS","5.0 out of 5 stars","The dog loves them","Reviewed in the United States on June 21, 2022","https://www.amazon.com/gp/help/customer/display.html/ref=cm_cr_dp_d_rvw_avp?nodeId=G75XTB7MBMBTXP6W","Verified Purchase","A wired haired fox terrier who just turn 6yrs old. So I tried these and she loves them.  I have to watch her treats. So this fit her","https://www.amazon.com/ap/signin?openid.return_to=https%3A%2F%2Fwww.amazon.com%2FN-Bone-Senior-Dental-Chicken-Flavor%2Fproduct-reviews%2FB09QP9DXJS%2Fref%3Dcm_cr_getr_d_vote_lft%3Fie%3DUTF8%26pageSize%3D10%26csrfT%3DhKBOznMug%252FYHnHYmRyLuT7Ng%252BsymU1CVWDNJYPHKOh14AAAAAGXT5W8AAAAB%26reviewId%3DR2IJ5N68O96JKY&openid.identity=http%3A%2F%2Fspecs.openid.net%2Fauth%2F2.0%2Fidentifier_select&openid.assoc_handle=usflex&openid.mode=checkid_setup&marketPlaceId=ATVPDKIKX0DER&language=en&openid.claimed_id=http%3A%2F%2Fspecs.openid.net%2Fauth%2F2.0%2Fidentifier_select&openid.ns=http%3A%2F%2Fspecs.openid.net%2Fauth%2F2.0","One person found this helpful","https://www.amazon.com/hz/reviews-render/report-review?ie=UTF8&ref=cm_cr_getr_d_rvw_hlp&csrfT=hKBOznMug%2FYHnHYmRyLuT7Ng%2BsymU1CVWDNJYPHKOh14AAAAAGXT5W8AAAAB&reviewId=R2IJ5N68O96JKY","Report","","","","","","","","","","","","","Showing  comments","","","https://images-na.ssl-images-amazon.com/images/G/01/x-locale/common/grey-pixel.gif"
"https://www.amazon.com/gp/profile/amzn1.account.AFOD3HNMNKL443Y7XLGVU5LVDMVQ/ref=cm_cr_getr_d_gw_btm?ie=UTF8","","<img src=""https://images-na.ssl-images-amazon.com/images/S/amazon-avatars-global/default._CR0,0,1024,1024_SX48_.png""/>","Ice Bear","https://www.amazon.com/gp/customer-reviews/R1QRSQLY7E8V7G/ref=cm_cr_getr_d_rvw_ttl?ie=UTF8&ASIN=B09QP9DXJS","5.0 out of 5 stars","Seems great so far","Reviewed in the United States on May 22, 2022","https://www.amazon.com/gp/help/customer/display.html/ref=cm_cr_dp_d_rvw_avp?nodeId=G75XTB7MBMBTXP6W","Verified Purchase","My dog is happy! My senior dog LOVES these. He will gnaw on one for a few minutes, then hide it for later chewing. This chicken flavor is THE BOMB.","https://www.amazon.com/ap/signin?openid.return_to=https%3A%2F%2Fwww.amazon.com%2FN-Bone-Senior-Dental-Chicken-Flavor%2Fproduct-reviews%2FB09QP9DXJS%2Fref%3Dcm_cr_getr_d_vote_lft%3Fie%3DUTF8%26pageSize%3D10%26csrfT%3DhL%252FlXGMDbn8I16WKd%252F5ci47WRUyEYsyK63NNqVPYGLN%252FAAAAAGXT5W8AAAAB%26reviewId%3DR1QRSQLY7E8V7G&openid.identity=http%3A%2F%2Fspecs.openid.net%2Fauth%2F2.0%2Fidentifier_select&openid.assoc_handle=usflex&openid.mode=checkid_setup&marketPlaceId=ATVPDKIKX0DER&language=en&openid.claimed_id=http%3A%2F%2Fspecs.openid.net%2Fauth%2F2.0%2Fidentifier_select&openid.ns=http%3A%2F%2Fspecs.openid.net%2Fauth%2F2.0","Report","https://www.amazon.com/hz/reviews-render/report-review?ie=UTF8&ref=cm_cr_getr_d_rvw_hlp&csrfT=hL%2FlXGMDbn8I16WKd%2F5ci47WRUyEYsyK63NNqVPYGLN%2FAAAAAGXT5W8AAAAB&reviewId=R1QRSQLY7E8V7G","Showing  comments","","","","","","","","","","","","","","","","https://images-na.ssl-images-amazon.com/images/G/01/x-locale/common/grey-pixel.gif"
"https://www.amazon.com/gp/profile/amzn1.account.AHUVTN6FL3BKQ6E7YTJIEVP5ILKA/ref=cm_cr_getr_d_gw_btm?ie=UTF8","","<img src=""https://images-na.ssl-images-amazon.com/images/S/amazon-avatars-global/default._CR0,0,1024,1024_SX48_.png""/>","Colleen Stephens","https://www.amazon.com/gp/customer-reviews/R2HG8O1WRZOBS1/ref=cm_cr_getr_d_rvw_ttl?ie=UTF8&ASIN=B09QP9DXJS","5.0 out of 5 stars","Great treat!","Reviewed in the United States on March 28, 2022","https://www.amazon.com/gp/help/customer/display.html/ref=cm_cr_dp_d_rvw_avp?nodeId=G75XTB7MBMBTXP6W","Verified Purchase","Great treat for any dog! My dog was extremely excited from the moment she heard the bag open :) Loved that it also had a lot of benefits to the treat. Would definitely recommend!","https://www.amazon.com/ap/signin?openid.return_to=https%3A%2F%2Fwww.amazon.com%2FN-Bone-Senior-Dental-Chicken-Flavor%2Fproduct-reviews%2FB09QP9DXJS%2Fref%3Dcm_cr_getr_d_vote_lft%3Fie%3DUTF8%26pageSize%3D10%26csrfT%3DhHIZLTJye7vQHhBovrvwM2FNytj6mjiU6W6NAZQw0zu9AAAAAGXT5W8AAAAB%26reviewId%3DR2HG8O1WRZOBS1&openid.identity=http%3A%2F%2Fspecs.openid.net%2Fauth%2F2.0%2Fidentifier_select&openid.assoc_handle=usflex&openid.mode=checkid_setup&marketPlaceId=ATVPDKIKX0DER&language=en&openid.claimed_id=http%3A%2F%2Fspecs.openid.net%2Fauth%2F2.0%2Fidentifier_select&openid.ns=http%3A%2F%2Fspecs.openid.net%2Fauth%2F2.0","Report","https://www.amazon.com/hz/reviews-render/report-review?ie=UTF8&ref=cm_cr_getr_d_rvw_hlp&csrfT=hHIZLTJye7vQHhBovrvwM2FNytj6mjiU6W6NAZQw0zu9AAAAAGXT5W8AAAAB&reviewId=R2HG8O1WRZOBS1","Showing  comments","","","","","","","","","","","","","","","","https://images-na.ssl-images-amazon.com/images/G/01/x-locale/common/grey-pixel.gif"
"https://www.amazon.com/gp/profile/amzn1.account.AELH7M2H63YLT3IVNA2SEYHLL2MQ/ref=cm_cr_getr_d_gw_btm?ie=UTF8","https://images-na.ssl-images-amazon.com/images/S/amazon-avatars-global/default._CR0,0,1024,1024_SX48_.png","<img src=""https://images-na.ssl-images-amazon.com/images/S/amazon-avatars-global/default._CR0,0,1024,1024_SX48_.png""/>","YangY","https://www.amazon.com/gp/customer-reviews/RCLCF31PWJL75/ref=cm_cr_getr_d_rvw_ttl?ie=UTF8&ASIN=B09QP9DXJS","5.0 out of 5 stars","MY DOG LOVES THIS!","Reviewed in the United States on April 18, 2022","https://www.amazon.com/gp/help/customer/display.html/ref=cm_cr_dp_d_rvw_avp?nodeId=G75XTB7MBMBTXP6W","Verified Purchase","I am always lazy to write a review for the product I bought on Amazon but for this one, my dog loooooooove this! Best treats ever! I will definitely purchase it again!","https://www.amazon.com/ap/signin?openid.return_to=https%3A%2F%2Fwww.amazon.com%2FN-Bone-Senior-Dental-Chicken-Flavor%2Fproduct-reviews%2FB09QP9DXJS%2Fref%3Dcm_cr_getr_d_vote_lft%3Fie%3DUTF8%26pageSize%3D10%26csrfT%3DhO%252FFBoltaSF4KmTB7Hez95pF62kicu536kNYM8a6FgU3AAAAAGXT5XEAAAAB%26reviewId%3DRCLCF31PWJL75&openid.identity=http%3A%2F%2Fspecs.openid.net%2Fauth%2F2.0%2Fidentifier_select&openid.assoc_handle=usflex&openid.mode=checkid_setup&marketPlaceId=ATVPDKIKX0DER&language=en&openid.claimed_id=http%3A%2F%2Fspecs.openid.net%2Fauth%2F2.0%2Fidentifier_select&openid.ns=http%3A%2F%2Fspecs.openid.net%2Fauth%2F2.0","MY DOG LOVES THIS!","https://www.amazon.com/hz/reviews-render/report-review?ie=UTF8&ref=cm_cr_getr_d_rvw_hlp&csrfT=hO%2FFBoltaSF4KmTB7Hez95pF62kicu536kNYM8a6FgU3AAAAAGXT5XEAAAAB&reviewId=RCLCF31PWJL75","I am always lazy to write a review for the product I bought on Amazon but for this one, my dog loooooooove this! Best treats ever! I will definitely purchase it again!","https://images-na.ssl-images-amazon.com/images/G/01/x-locale/common/transparent-pixel._V192234675_.gif","https://www.amazon.com/gp/profile/amzn1.account.AELH7M2H63YLT3IVNA2SEYHLL2MQ/ref=cm_cr_getr_d_gw_pop?ie=UTF8","https://images-na.ssl-images-amazon.com/images/S/amazon-avatars-global/default._CR0,0,1024,1024_SX48_.png","<img src=""https://images-na.ssl-images-amazon.com/images/S/amazon-avatars-global/default._CR0,0,1024,1024_SX48_.png""/>","YangY","5.0 out of 5 stars","Reviewed in the United States on April 18, 2022","Images in this review","https://m.media-amazon.com/images/I/81rF1o45G7L._SY88.jpg","","javascript:void(0)","","One person found this helpful","Report","Showing  comments",""
"https://www.amazon.com/gp/profile/amzn1.account.AHPSCPHNC36MMPK4JNZPJHMNPOIA/ref=cm_cr_getr_d_gw_btm?ie=UTF8","https://images-na.ssl-images-amazon.com/images/S/amazon-avatars-global/default._CR0,0,1024,1024_SX48_.png","<img src=""https://images-na.ssl-images-amazon.com/images/S/amazon-avatars-global/default._CR0,0,1024,1024_SX48_.png""/>","Yyco","https://www.amazon.com/gp/customer-reviews/R2DRUI8XNDAMUK/ref=cm_cr_getr_d_rvw_ttl?ie=UTF8&ASIN=B09QP9DXJS","5.0 out of 5 stars","Very good","Reviewed in the United States on May 22, 2022","https://www.amazon.com/gp/help/customer/display.html/ref=cm_cr_dp_d_rvw_avp?nodeId=G75XTB7MBMBTXP6W","Verified Purchase","I have purchased other teething sticks before but these ones worked best. My dog goes crazy and carries it around with her whenever I give her one. Great quality!","https://www.amazon.com/ap/signin?openid.return_to=https%3A%2F%2Fwww.amazon.com%2FN-Bone-Senior-Dental-Chicken-Flavor%2Fproduct-reviews%2FB09QP9DXJS%2Fref%3Dcm_cr_getr_d_vote_lft%3Fie%3DUTF8%26pageSize%3D10%26csrfT%3DhGeoEqSr9PiJU7drI0J2%252BK6djx%252BhnA8AVnio8cRmxfVsAAAAAGXT5XEAAAAB%26reviewId%3DR2DRUI8XNDAMUK&openid.identity=http%3A%2F%2Fspecs.openid.net%2Fauth%2F2.0%2Fidentifier_select&openid.assoc_handle=usflex&openid.mode=checkid_setup&marketPlaceId=ATVPDKIKX0DER&language=en&openid.claimed_id=http%3A%2F%2Fspecs.openid.net%2Fauth%2F2.0%2Fidentifier_select&openid.ns=http%3A%2F%2Fspecs.openid.net%2Fauth%2F2.0","Report","https://www.amazon.com/hz/reviews-render/report-review?ie=UTF8&ref=cm_cr_getr_d_rvw_hlp&csrfT=hGeoEqSr9PiJU7drI0J2%2BK6djx%2BhnA8AVnio8cRmxfVsAAAAAGXT5XEAAAAB&reviewId=R2DRUI8XNDAMUK","Showing  comments","","","","","","","","","","","","","","","",""
"https://www.amazon.com/gp/profile/amzn1.account.AENK2PXQQXL2ZVKK3OQ2CRLLT3NQ/ref=cm_cr_getr_d_gw_btm?ie=UTF8","https://images-na.ssl-images-amazon.com/images/S/amazon-avatars-global/a8392ccd-7dd2-4f77-b5c9-78b2f653ad8f._CR0,0,500,500_SX48_.jpg","<img src=""https://images-na.ssl-images-amazon.com/images/S/amazon-avatars-global/a8392ccd-7dd2-4f77-b5c9-78b2f653ad8f._CR0,0,500,500_SX48_.jpg""/>","S. Rasins","https://www.amazon.com/gp/customer-reviews/R28Y8LAJ0T09VE/ref=cm_cr_getr_d_rvw_ttl?ie=UTF8&ASIN=B09QP9DXJS","5.0 out of 5 stars","Paws-itively Tasty‚Ä¶..so my pup says!","Reviewed in the United States on March 16, 2022","https://www.amazon.com/gp/help/customer/display.html/ref=cm_cr_dp_d_rvw_avp?nodeId=G75XTB7MBMBTXP6W","Verified Purchase","Armand loves his dental rings by N-Bone! He is a happy pup! The packaging provides natural ingredients information and feeding instructions by weight - thank you! And we appreciated the fast delivery as well!","https://www.amazon.com/ap/signin?openid.return_to=https%3A%2F%2Fwww.amazon.com%2FN-Bone-Senior-Dental-Chicken-Flavor%2Fproduct-reviews%2FB09QP9DXJS%2Fref%3Dcm_cr_getr_d_vote_lft%3Fie%3DUTF8%26pageSize%3D10%26csrfT%3DhD6n0Y8OlJaf6Gbh67qOwkhoE0GRbBnIGfQB78qtJLB1AAAAAGXT5XEAAAAB%26reviewId%3DR28Y8LAJ0T09VE&openid.identity=http%3A%2F%2Fspecs.openid.net%2Fauth%2F2.0%2Fidentifier_select&openid.assoc_handle=usflex&openid.mode=checkid_setup&marketPlaceId=ATVPDKIKX0DER&language=en&openid.claimed_id=http%3A%2F%2Fspecs.openid.net%2Fauth%2F2.0%2Fidentifier_select&openid.ns=http%3A%2F%2Fspecs.openid.net%2Fauth%2F2.0","Paws-itively Tasty‚Ä¶..so my pup says!","https://www.amazon.com/hz/reviews-render/report-review?ie=UTF8&ref=cm_cr_getr_d_rvw_hlp&csrfT=hD6n0Y8OlJaf6Gbh67qOwkhoE0GRbBnIGfQB78qtJLB1AAAAAGXT5XEAAAAB&reviewId=R28Y8LAJ0T09VE","Armand loves his dental rings by N-Bone! He is a happy pup! The packaging provides natural ingredients information and feeding instructions by weight - thank you! And we appreciated the fast delivery as well!","https://images-na.ssl-images-amazon.com/images/G/01/x-locale/common/transparent-pixel._V192234675_.gif","https://www.amazon.com/gp/profile/amzn1.account.AENK2PXQQXL2ZVKK3OQ2CRLLT3NQ/ref=cm_cr_getr_d_gw_pop?ie=UTF8","https://images-na.ssl-images-amazon.com/images/S/amazon-avatars-global/a8392ccd-7dd2-4f77-b5c9-78b2f653ad8f._CR0,0,500,500_SX48_.jpg","<img src=""https://images-na.ssl-images-amazon.com/images/S/amazon-avatars-global/a8392ccd-7dd2-4f77-b5c9-78b2f653ad8f._CR0,0,500,500_SX48_.jpg""/>","S. Rasins","5.0 out of 5 stars","Reviewed in the United States on March 16, 2022","Images in this review","https://m.media-amazon.com/images/I/61eR-GdTi0L._SY88.jpg","","javascript:void(0)","","3 people found this helpful","Report","Showing  comments",""
"https://www.amazon.com/gp/profile/amzn1.account.AFGU7NGYRJ26X73WR5ESHZC2FFIA/ref=cm_cr_getr_d_gw_btm?ie=UTF8","https://images-na.ssl-images-amazon.com/images/S/amazon-avatars-global/default._CR0,0,1024,1024_SX48_.png","<img src=""https://images-na.ssl-images-amazon.com/images/S/amazon-avatars-global/default._CR0,0,1024,1024_SX48_.png""/>","Cateyes311","https://www.amazon.com/gp/customer-reviews/R20MN00WZC4GEX/ref=cm_cr_getr_d_rvw_ttl?ie=UTF8&ASIN=B09QP9DXJS","5.0 out of 5 stars","Senior dogs can chew these!","Reviewed in the United States on July 24, 2022","https://www.amazon.com/gp/help/customer/display.html/ref=cm_cr_dp_d_rvw_avp?nodeId=G75XTB7MBMBTXP6W","Verified Purchase","Our11 yr old border collie loves these as does our 8 yr old miniature schnauzer","https://www.amazon.com/ap/signin?openid.return_to=https%3A%2F%2Fwww.amazon.com%2FN-Bone-Senior-Dental-Chicken-Flavor%2Fproduct-reviews%2FB09QP9DXJS%2Fref%3Dcm_cr_getr_d_vote_lft%3Fie%3DUTF8%26pageSize%3D10%26csrfT%3DhM37Rq0wlmBEU8ZPpG1EOQSxqYerTWFveR7Uei0PdgBKAAAAAGXT5XEAAAAB%26reviewId%3DR20MN00WZC4GEX&openid.identity=http%3A%2F%2Fspecs.openid.net%2Fauth%2F2.0%2Fidentifier_select&openid.assoc_handle=usflex&openid.mode=checkid_setup&marketPlaceId=ATVPDKIKX0DER&language=en&openid.claimed_id=http%3A%2F%2Fspecs.openid.net%2Fauth%2F2.0%2Fidentifier_select&openid.ns=http%3A%2F%2Fspecs.openid.net%2Fauth%2F2.0","One person found this helpful","https://www.amazon.com/hz/reviews-render/report-review?ie=UTF8&ref=cm_cr_getr_d_rvw_hlp&csrfT=hM37Rq0wlmBEU8ZPpG1EOQSxqYerTWFveR7Uei0PdgBKAAAAAGXT5XEAAAAB&reviewId=R20MN00WZC4GEX","Report","","","","","","","","","","","","","Showing  comments","","",""
"https://www.amazon.com/gp/profile/amzn1.account.AE4DRX76WAKR47Q2EI7CLEHKDCMA/ref=cm_cr_getr_d_gw_btm?ie=UTF8","https://images-na.ssl-images-amazon.com/images/S/amazon-avatars-global/default._CR0,0,1024,1024_SX48_.png","<img src=""https://images-na.ssl-images-amazon.com/images/S/amazon-avatars-global/default._CR0,0,1024,1024_SX48_.png""/>","HAITIAN HAO","https://www.amazon.com/gp/customer-reviews/R18HJ82HW6SQEK/ref=cm_cr_getr_d_rvw_ttl?ie=UTF8&ASIN=B09QP9DXJS","5.0 out of 5 stars","Recommend it","Reviewed in the United States on April 24, 2022","https://www.amazon.com/gp/help/customer/display.html/ref=cm_cr_dp_d_rvw_avp?nodeId=G75XTB7MBMBTXP6W","Verified Purchase","Definitely recommend it. Our dog is in obsession with this dental treat. I will buy it again for sure!","https://www.amazon.com/ap/signin?openid.return_to=https%3A%2F%2Fwww.amazon.com%2FN-Bone-Senior-Dental-Chicken-Flavor%2Fproduct-reviews%2FB09QP9DXJS%2Fref%3Dcm_cr_getr_d_vote_lft%3Fie%3DUTF8%26pageSize%3D10%26csrfT%3DhFIFVZXdW1oVcfZRt%252BO%252Fb1DZcy7Sx6X1qQz9IRVEcl3VAAAAAGXT5XEAAAAB%26reviewId%3DR18HJ82HW6SQEK&openid.identity=http%3A%2F%2Fspecs.openid.net%2Fauth%2F2.0%2Fidentifier_select&openid.assoc_handle=usflex&openid.mode=checkid_setup&marketPlaceId=ATVPDKIKX0DER&language=en&openid.claimed_id=http%3A%2F%2Fspecs.openid.net%2Fauth%2F2.0%2Fidentifier_select&openid.ns=http%3A%2F%2Fspecs.openid.net%2Fauth%2F2.0","Report","https://www.amazon.com/hz/reviews-render/report-review?ie=UTF8&ref=cm_cr_getr_d_rvw_hlp&csrfT=hFIFVZXdW1oVcfZRt%2BO%2Fb1DZcy7Sx6X1qQz9IRVEcl3VAAAAAGXT5XEAAAAB&reviewId=R18HJ82HW6SQEK","Showing  comments","","","","","","","","","","","","","","","",""
"https://www.amazon.com/gp/profile/amzn1.account.AEXQMYB6C5K3G7SZVST34PN5WKLA/ref=cm_cr_getr_d_gw_btm?ie=UTF8","","<img src=""https://images-na.ssl-images-amazon.com/images/S/amazon-avatars-global/default._CR0,0,1024,1024_SX48_.png""/>","wj","https://www.amazon.com/gp/customer-reviews/RMF3UOD3QESP7/ref=cm_cr_getr_d_rvw_ttl?ie=UTF8&ASIN=B09QP9DXJS","5.0 out of 5 stars","my dog very like the Dental Rings","Reviewed in the United States on April 5, 2022","https://www.amazon.com/gp/help/customer/display.html/ref=cm_cr_dp_d_rvw_avp?nodeId=G75XTB7MBMBTXP6W","Verified Purchase","it is for my senior dog with 11 year-old, she likes it so much","https://www.amazon.com/ap/signin?openid.return_to=https%3A%2F%2Fwww.amazon.com%2FN-Bone-Senior-Dental-Chicken-Flavor%2Fproduct-reviews%2FB09QP9DXJS%2Fref%3Dcm_cr_getr_d_vote_lft%3Fie%3DUTF8%26pageSize%3D10%26csrfT%3DhIT3LiFobFFiGQHM63A99VADy6RIEGqQ%252BLy5IuVQ7SSuAAAAAGXT5XEAAAAB%26reviewId%3DRMF3UOD3QESP7&openid.identity=http%3A%2F%2Fspecs.openid.net%2Fauth%2F2.0%2Fidentifier_select&openid.assoc_handle=usflex&openid.mode=checkid_setup&marketPlaceId=ATVPDKIKX0DER&language=en&openid.claimed_id=http%3A%2F%2Fspecs.openid.net%2Fauth%2F2.0%2Fidentifier_select&openid.ns=http%3A%2F%2Fspecs.openid.net%2Fauth%2F2.0","Report","https://www.amazon.com/hz/reviews-render/report-review?ie=UTF8&ref=cm_cr_getr_d_rvw_hlp&csrfT=hIT3LiFobFFiGQHM63A99VADy6RIEGqQ%2BLy5IuVQ7SSuAAAAAGXT5XEAAAAB&reviewId=RMF3UOD3QESP7","Showing  comments","","","","","","","","","","","","","","","","https://images-na.ssl-images-amazon.com/images/G/01/x-locale/common/grey-pixel.gif"
"https://www.amazon.com/gp/profile/amzn1.account.AHMRGM7U2DL5FULFTCQFIEKZLCUA/ref=cm_cr_getr_d_gw_btm?ie=UTF8","","<img src=""https://images-na.ssl-images-amazon.com/images/S/amazon-avatars-global/default._CR0,0,1024,1024_SX48_.png""/>","Sherwin Fernandez","https://www.amazon.com/gp/customer-reviews/R16SV6VUH12Q7K/ref=cm_cr_getr_d_rvw_ttl?ie=UTF8&ASIN=B09QP9DXJS","5.0 out of 5 stars","Dogs Love these","Reviewed in the United States on August 30, 2022","https://www.amazon.com/gp/help/customer/display.html/ref=cm_cr_dp_d_rvw_avp?nodeId=G75XTB7MBMBTXP6W","Verified Purchase","My dogs love em‚Äô","https://www.amazon.com/ap/signin?openid.return_to=https%3A%2F%2Fwww.amazon.com%2FN-Bone-Senior-Dental-Chicken-Flavor%2Fproduct-reviews%2FB09QP9DXJS%2Fref%3Dcm_cr_getr_d_vote_lft%3Fie%3DUTF8%26pageSize%3D10%26csrfT%3DhA0ECr6ST19%252ByWbcbtADAdovhLl7za9SC9TKoL%252BtOmZMAAAAAGXT5XEAAAAB%26reviewId%3DR16SV6VUH12Q7K&openid.identity=http%3A%2F%2Fspecs.openid.net%2Fauth%2F2.0%2Fidentifier_select&openid.assoc_handle=usflex&openid.mode=checkid_setup&marketPlaceId=ATVPDKIKX0DER&language=en&openid.claimed_id=http%3A%2F%2Fspecs.openid.net%2Fauth%2F2.0%2Fidentifier_select&openid.ns=http%3A%2F%2Fspecs.openid.net%2Fauth%2F2.0","One person found this helpful","https://www.amazon.com/hz/reviews-render/report-review?ie=UTF8&ref=cm_cr_getr_d_rvw_hlp&csrfT=hA0ECr6ST19%2ByWbcbtADAdovhLl7za9SC9TKoL%2BtOmZMAAAAAGXT5XEAAAAB&reviewId=R16SV6VUH12Q7K","Report","","","","","","","","","","","","","Showing  comments","","","https://images-na.ssl-images-amazon.com/images/G/01/x-locale/common/grey-pixel.gif"
"https://www.amazon.com/gp/profile/amzn1.account.AHRUOWT5RLFHXIQEPJA3IB2L6DJA/ref=cm_cr_getr_d_gw_btm?ie=UTF8","","<img src=""https://images-na.ssl-images-amazon.com/images/S/amazon-avatars-global/default._CR0,0,1024,1024_SX48_.png""/>","Amazon Customer","https://www.amazon.com/gp/customer-reviews/R15KRRF2JDDUR1/ref=cm_cr_getr_d_rvw_ttl?ie=UTF8&ASIN=B09QP9DXJS","5.0 out of 5 stars","My dog loves it.","Reviewed in the United States on May 20, 2022","https://www.amazon.com/gp/help/customer/display.html/ref=cm_cr_dp_d_rvw_avp?nodeId=G75XTB7MBMBTXP6W","Verified Purchase","Keeps my dog happy and busy.","https://www.amazon.com/ap/signin?openid.return_to=https%3A%2F%2Fwww.amazon.com%2FN-Bone-Senior-Dental-Chicken-Flavor%2Fproduct-reviews%2FB09QP9DXJS%2Fref%3Dcm_cr_getr_d_vote_lft%3Fie%3DUTF8%26pageSize%3D10%26csrfT%3DhCTze6Yn%252FMtVJ3J5GTHQytc2cG9kBFYZsFRLIGvosjkhAAAAAGXT5XEAAAAB%26reviewId%3DR15KRRF2JDDUR1&openid.identity=http%3A%2F%2Fspecs.openid.net%2Fauth%2F2.0%2Fidentifier_select&openid.assoc_handle=usflex&openid.mode=checkid_setup&marketPlaceId=ATVPDKIKX0DER&language=en&openid.claimed_id=http%3A%2F%2Fspecs.openid.net%2Fauth%2F2.0%2Fidentifier_select&openid.ns=http%3A%2F%2Fspecs.openid.net%2Fauth%2F2.0","Report","https://www.amazon.com/hz/reviews-render/report-review?ie=UTF8&ref=cm_cr_getr_d_rvw_hlp&csrfT=hCTze6Yn%2FMtVJ3J5GTHQytc2cG9kBFYZsFRLIGvosjkhAAAAAGXT5XEAAAAB&reviewId=R15KRRF2JDDUR1","Showing  comments","","","","","","","","","","","","","","","","https://images-na.ssl-images-amazon.com/images/G/01/x-locale/common/grey-pixel.gif"
"https://www.amazon.com/gp/profile/amzn1.account.AGV6B2E4LW4GV3UFWCT6HAQ5VJIQ/ref=cm_cr_getr_d_gw_btm?ie=UTF8","","<img src=""https://images-na.ssl-images-amazon.com/images/S/amazon-avatars-global/default._CR0,0,1024,1024_SX48_.png""/>","RPG","https://www.amazon.com/gp/customer-reviews/R29Q3NSK4ZXF5Z/ref=cm_cr_getr_d_rvw_ttl?ie=UTF8&ASIN=B09QP9DXJS","1.0 out of 5 stars","Hard rawhide","Reviewed in the United States on July 22, 2023","https://www.amazon.com/gp/help/customer/display.html/ref=cm_cr_dp_d_rvw_avp?nodeId=G75XTB7MBMBTXP6W","Verified Purchase","I thought I was ordering a softer chew. This wasn‚Äôt properly advertised & it‚Äôs too hard a rawhide for my pup‚Äôs teeth.","https://www.amazon.com/ap/signin?openid.return_to=https%3A%2F%2Fwww.amazon.com%2FN-Bone-Senior-Dental-Chicken-Flavor%2Fproduct-reviews%2FB09QP9DXJS%2Fref%3Dcm_cr_getr_d_vote_lft%3Fie%3DUTF8%26pageSize%3D10%26csrfT%3DhH18bK1vVNuo0IDHrLPZGwnfXU7AB2h%252BILD94iesvLR%252BAAAAAGXT5XEAAAAB%26reviewId%3DR29Q3NSK4ZXF5Z&openid.identity=http%3A%2F%2Fspecs.openid.net%2Fauth%2F2.0%2Fidentifier_select&openid.assoc_handle=usflex&openid.mode=checkid_setup&marketPlaceId=ATVPDKIKX0DER&language=en&openid.claimed_id=http%3A%2F%2Fspecs.openid.net%2Fauth%2F2.0%2Fidentifier_select&openid.ns=http%3A%2F%2Fspecs.openid.net%2Fauth%2F2.0","Report","https://www.amazon.com/hz/reviews-render/report-review?ie=UTF8&ref=cm_cr_getr_d_rvw_hlp&csrfT=hH18bK1vVNuo0IDHrLPZGwnfXU7AB2h%2BILD94iesvLR%2BAAAAAGXT5XEAAAAB&reviewId=R29Q3NSK4ZXF5Z","Showing  comments","","","","","","","","","","","","","","","","https://images-na.ssl-images-amazon.com/images/G/01/x-locale/common/grey-pixel.gif"
"https://www.amazon.com/gp/profile/amzn1.account.AHMRKDG43WZBKLBBEEA7DVT4H2BA/ref=cm_cr_getr_d_gw_btm?ie=UTF8","","<img src=""https://images-na.ssl-images-amazon.com/images/S/amazon-avatars-global/default._CR0,0,1024,1024_SX48_.png""/>","M. Nanette Barrett","https://www.amazon.com/gp/customer-reviews/R3YXJX0C8IZFI/ref=cm_cr_getr_d_rvw_ttl?ie=UTF8&ASIN=B09QP9DXJS","1.0 out of 5 stars","Too Hard","Reviewed in the United States on January 2, 2023","https://www.amazon.com/gp/help/customer/display.html/ref=cm_cr_dp_d_rvw_avp?nodeId=G75XTB7MBMBTXP6W","Verified Purchase","For an old dog, these treats were too hard to chew. They hurt his teeth.","https://www.amazon.com/ap/signin?openid.return_to=https%3A%2F%2Fwww.amazon.com%2FN-Bone-Senior-Dental-Chicken-Flavor%2Fproduct-reviews%2FB09QP9DXJS%2Fref%3Dcm_cr_getr_d_vote_lft%3Fie%3DUTF8%26pageSize%3D10%26csrfT%3DhBzpw3Rsb%252FUiMwcRBiAdGApTbdy9WZQvcx7xzRTyYiZ%252FAAAAAGXT5XEAAAAB%26reviewId%3DR3YXJX0C8IZFI&openid.identity=http%3A%2F%2Fspecs.openid.net%2Fauth%2F2.0%2Fidentifier_select&openid.assoc_handle=usflex&openid.mode=checkid_setup&marketPlaceId=ATVPDKIKX0DER&language=en&openid.claimed_id=http%3A%2F%2Fspecs.openid.net%2Fauth%2F2.0%2Fidentifier_select&openid.ns=http%3A%2F%2Fspecs.openid.net%2Fauth%2F2.0","Report","https://www.amazon.com/hz/reviews-render/report-review?ie=UTF8&ref=cm_cr_getr_d_rvw_hlp&csrfT=hBzpw3Rsb%2FUiMwcRBiAdGApTbdy9WZQvcx7xzRTyYiZ%2FAAAAAGXT5XEAAAAB&reviewId=R3YXJX0C8IZFI","Showing  comments","","","","","","","","","","","","","","","","https://images-na.ssl-images-amazon.com/images/G/01/x-locale/common/grey-pixel.gif"
"https://www.amazon.com/gp/profile/amzn1.account.AFGDRVPCP742YM5MMLFIKZCGNNRQ/ref=cm_cr_getr_d_gw_btm?ie=UTF8","https://images-na.ssl-images-amazon.com/images/S/amazon-avatars-global/58834644-7a01-4221-89c9-7826d07fd52d._CR0,0,500,500_SX48_.jpg","<img src=""https://images-na.ssl-images-amazon.com/images/S/amazon-avatars-global/58834644-7a01-4221-89c9-7826d07fd52d._CR0,0,500,500_SX48_.jpg""/>","Matthew","https://www.amazon.com/gp/customer-reviews/R241ZNT43AECEG/ref=cm_cr_getr_d_rvw_ttl?ie=UTF8&ASIN=B09QP9DXJS","3.0 out of 5 stars","Pricey","Reviewed in the United States on April 5, 2023","","","For only seven rings included the price is very high. I don‚Äôt think my dog enjoys it as much. The ingredient quality isn‚Äôt good","https://www.amazon.com/ap/signin?openid.return_to=https%3A%2F%2Fwww.amazon.com%2FN-Bone-Senior-Dental-Chicken-Flavor%2Fproduct-reviews%2FB09QP9DXJS%2Fref%3Dcm_cr_getr_d_vote_lft%3Fie%3DUTF8%26pageSize%3D10%26csrfT%3DhNOpEQoUiil%252FNUie9TTYYR5xVg%252F75Xs3aVcn1k%252BXriSXAAAAAGXT5XMAAAAB%26reviewId%3DR241ZNT43AECEG&openid.identity=http%3A%2F%2Fspecs.openid.net%2Fauth%2F2.0%2Fidentifier_select&openid.assoc_handle=usflex&openid.mode=checkid_setup&marketPlaceId=ATVPDKIKX0DER&language=en&openid.claimed_id=http%3A%2F%2Fspecs.openid.net%2Fauth%2F2.0%2Fidentifier_select&openid.ns=http%3A%2F%2Fspecs.openid.net%2Fauth%2F2.0","Pricey","https://www.amazon.com/hz/reviews-render/report-review?ie=UTF8&ref=cm_cr_getr_d_rvw_hlp&csrfT=hNOpEQoUiil%2FNUie9TTYYR5xVg%2F75Xs3aVcn1k%2BXriSXAAAAAGXT5XMAAAAB&reviewId=R241ZNT43AECEG","For only seven rings included the price is very high. I don‚Äôt think my dog enjoys it as much. The ingredient quality isn‚Äôt good","https://images-na.ssl-images-amazon.com/images/G/01/x-locale/common/transparent-pixel._V192234675_.gif","https://www.amazon.com/gp/profile/amzn1.account.AFGDRVPCP742YM5MMLFIKZCGNNRQ/ref=cm_cr_getr_d_gw_pop?ie=UTF8","https://images-na.ssl-images-amazon.com/images/S/amazon-avatars-global/58834644-7a01-4221-89c9-7826d07fd52d._CR0,0,500,500_SX48_.jpg","<img src=""https://images-na.ssl-images-amazon.com/images/S/amazon-avatars-global/58834644-7a01-4221-89c9-7826d07fd52d._CR0,0,500,500_SX48_.jpg""/>","Matthew","3.0 out of 5 stars","Reviewed in the United States on April 5, 2023","Images in this review","https://m.media-amazon.com/images/I/61qvLWL734L._SY88.jpg","","javascript:void(0)","","Report","Showing  comments","",""
"https://www.amazon.com/gp/profile/amzn1.account.AEMHK4OAR54CMIVWN7YZWYORSKZQ/ref=cm_cr_getr_d_gw_btm?ie=UTF8","https://images-na.ssl-images-amazon.com/images/S/amazon-avatars-global/default._CR0,0,1024,1024_SX48_.png","<img src=""https://images-na.ssl-images-amazon.com/images/S/amazon-avatars-global/default._CR0,0,1024,1024_SX48_.png""/>","Janet Gonzales","https://www.amazon.com/gp/customer-reviews/R2H59NAPU50AY7/ref=cm_cr_getr_d_rvw_ttl?ie=UTF8&ASIN=B09QP9DXJS","5.0 out of 5 stars","Dog's Delight","Reviewed in the United States on March 17, 2022","","","My dogs absolutely love the Puppy Teething Rings and can't get enough of them!  My puppy can't even sit still when she sees me grabbing the PTR bag because she loves her treat time.  Now my older dog is excited too, because I've transitioned him from the puppy teething ring to the Sr. Dental Rings.  He loves the taste and it lasts long enough for him to be fully satisfied......he's acting like a puppy again!!!","https://www.amazon.com/ap/signin?openid.return_to=https%3A%2F%2Fwww.amazon.com%2FN-Bone-Senior-Dental-Chicken-Flavor%2Fproduct-reviews%2FB09QP9DXJS%2Fref%3Dcm_cr_getr_d_vote_lft%3Fie%3DUTF8%26pageSize%3D10%26csrfT%3DhKfsNFu1SaF4zRs3k1gtCisBx%252B9hnNKfU6Qt%252FXWkEZwFAAAAAGXT5XMAAAAB%26reviewId%3DR2H59NAPU50AY7&openid.identity=http%3A%2F%2Fspecs.openid.net%2Fauth%2F2.0%2Fidentifier_select&openid.assoc_handle=usflex&openid.mode=checkid_setup&marketPlaceId=ATVPDKIKX0DER&language=en&openid.claimed_id=http%3A%2F%2Fspecs.openid.net%2Fauth%2F2.0%2Fidentifier_select&openid.ns=http%3A%2F%2Fspecs.openid.net%2Fauth%2F2.0","One person found this helpful","https://www.amazon.com/hz/reviews-render/report-review?ie=UTF8&ref=cm_cr_getr_d_rvw_hlp&csrfT=hKfsNFu1SaF4zRs3k1gtCisBx%2B9hnNKfU6Qt%2FXWkEZwFAAAAAGXT5XMAAAAB&reviewId=R2H59NAPU50AY7","Report","","","","","","","","","","","","","Showing  comments","","",""
"https://www.amazon.com/gp/profile/amzn1.account.AHUKANJB554VHCZ32S6X5FKFANLA/ref=cm_cr_getr_d_gw_btm?ie=UTF8","https://images-na.ssl-images-amazon.com/images/S/amazon-avatars-global/8d2a3fcc-1139-49cd-8a69-84ced2f673a9._CR128,0,768,768_SX48_.jpg","<img src=""https://images-na.ssl-images-amazon.com/images/S/amazon-avatars-global/8d2a3fcc-1139-49cd-8a69-84ced2f673a9._CR128,0,768,768_SX48_.jpg""/>","J.","https://www.amazon.com/gp/customer-reviews/R39IPIN9DQ7534/ref=cm_cr_getr_d_rvw_ttl?ie=UTF8&ASIN=B09QP9DXJS","5.0 out of 5 stars","My dogs love them!","Reviewed in the United States on April 17, 2022","","","My dogs really enjoy them, keeps them busy!","https://www.amazon.com/ap/signin?openid.return_to=https%3A%2F%2Fwww.amazon.com%2FN-Bone-Senior-Dental-Chicken-Flavor%2Fproduct-reviews%2FB09QP9DXJS%2Fref%3Dcm_cr_getr_d_vote_lft%3Fie%3DUTF8%26pageSize%3D10%26csrfT%3DhIgLQ8AoGxVs%252F4S0QeAFdQy9un4FPV%252FyQJi%252BM3Vl9jfDAAAAAGXT5XMAAAAB%26reviewId%3DR39IPIN9DQ7534&openid.identity=http%3A%2F%2Fspecs.openid.net%2Fauth%2F2.0%2Fidentifier_select&openid.assoc_handle=usflex&openid.mode=checkid_setup&marketPlaceId=ATVPDKIKX0DER&language=en&openid.claimed_id=http%3A%2F%2Fspecs.openid.net%2Fauth%2F2.0%2Fidentifier_select&openid.ns=http%3A%2F%2Fspecs.openid.net%2Fauth%2F2.0","Report","https://www.amazon.com/hz/reviews-render/report-review?ie=UTF8&ref=cm_cr_getr_d_rvw_hlp&csrfT=hIgLQ8AoGxVs%2F4S0QeAFdQy9un4FPV%2FyQJi%2BM3Vl9jfDAAAAAGXT5XMAAAAB&reviewId=R39IPIN9DQ7534","Showing  comments","","","","","","","","","","","","","","","",""
"https://www.amazon.com/gp/profile/amzn1.account.AGSHHIP2SZ2RR74UMOMR7MBS5FTQ/ref=cm_cr_getr_d_gw_btm?ie=UTF8","https://images-na.ssl-images-amazon.com/images/S/amazon-avatars-global/default._CR0,0,1024,1024_SX48_.png","<img src=""https://images-na.ssl-images-amazon.com/images/S/amazon-avatars-global/default._CR0,0,1024,1024_SX48_.png""/>","Tamera Sharp","https://www.amazon.com/gp/customer-reviews/RXBVNWH532968/ref=cm_cr_getr_d_rvw_ttl?ie=UTF8&ASIN=B09QP9DXJS","5.0 out of 5 stars","Happy dog","Reviewed in the United States on March 16, 2022","","","This dental ring was a winner for my 7 year old Terrier.  Because of its good size it kept her busy happy for while.  I recommend for your aging dogs.","https://www.amazon.com/ap/signin?openid.return_to=https%3A%2F%2Fwww.amazon.com%2FN-Bone-Senior-Dental-Chicken-Flavor%2Fproduct-reviews%2FB09QP9DXJS%2Fref%3Dcm_cr_getr_d_vote_lft%3Fie%3DUTF8%26pageSize%3D10%26csrfT%3DhJyu3XH6QfJz%252Fim%252BZNOU92P7Ax64KFC6Y67Xx0FBskl2AAAAAGXT5XMAAAAB%26reviewId%3DRXBVNWH532968&openid.identity=http%3A%2F%2Fspecs.openid.net%2Fauth%2F2.0%2Fidentifier_select&openid.assoc_handle=usflex&openid.mode=checkid_setup&marketPlaceId=ATVPDKIKX0DER&language=en&openid.claimed_id=http%3A%2F%2Fspecs.openid.net%2Fauth%2F2.0%2Fidentifier_select&openid.ns=http%3A%2F%2Fspecs.openid.net%2Fauth%2F2.0","Happy dog","https://www.amazon.com/hz/reviews-render/report-review?ie=UTF8&ref=cm_cr_getr_d_rvw_hlp&csrfT=hJyu3XH6QfJz%2Fim%2BZNOU92P7Ax64KFC6Y67Xx0FBskl2AAAAAGXT5XMAAAAB&reviewId=RXBVNWH532968","This dental ring was a winner for my 7 year old Terrier.  Because of its good size it kept her busy happy for while.  I recommend for your aging dogs.","https://images-na.ssl-images-amazon.com/images/G/01/x-locale/common/transparent-pixel._V192234675_.gif","https://www.amazon.com/gp/profile/amzn1.account.AGSHHIP2SZ2RR74UMOMR7MBS5FTQ/ref=cm_cr_getr_d_gw_pop?ie=UTF8","https://images-na.ssl-images-amazon.com/images/S/amazon-avatars-global/default._CR0,0,1024,1024_SX48_.png","<img src=""https://images-na.ssl-images-amazon.com/images/S/amazon-avatars-global/default._CR0,0,1024,1024_SX48_.png""/>","Tamera Sharp","5.0 out of 5 stars","Reviewed in the United States on March 16, 2022","Images in this review","https://m.media-amazon.com/images/I/71F4FkjHl0L._SY88.jpg","","javascript:void(0)","","3 people found this helpful","Report","Showing  comments",""
"https://www.amazon.com/gp/profile/amzn1.account.AEIWVVHM2KPH4V6UYK4CDRZNQEJQ/ref=cm_cr_getr_d_gw_btm?ie=UTF8","https://images-na.ssl-images-amazon.com/images/S/amazon-avatars-global/9c417a03-f562-459a-ab38-5bea9a15617a._CR0,0,375,375_SX48_.jpg","<img src=""https://images-na.ssl-images-amazon.com/images/S/amazon-avatars-global/9c417a03-f562-459a-ab38-5bea9a15617a._CR0,0,375,375_SX48_.jpg""/>","CJ","https://www.amazon.com/gp/customer-reviews/RB9OLCQXEFJF7/ref=cm_cr_getr_d_rvw_ttl?ie=UTF8&ASIN=B09QP9DXJS","3.0 out of 5 stars","She loves it!","Reviewed in the United States on May 15, 2022","","","My dog loves them but they are a little pricey for me. She can eat one in about 3 minutes standing up. Usually she will lay down if it's going to take awhile. My Pit is 14 so you know she doesn't have a full set but you wouldn't know it by the way she can demolish anything you give her. Her teeth have been rundown by years of chewing on dog treats but guess what no cavities! Honestly I don't think I will be buying these again! Too pricey for the amount they give you!","https://www.amazon.com/ap/signin?openid.return_to=https%3A%2F%2Fwww.amazon.com%2FN-Bone-Senior-Dental-Chicken-Flavor%2Fproduct-reviews%2FB09QP9DXJS%2Fref%3Dcm_cr_getr_d_vote_lft%3Fie%3DUTF8%26pageSize%3D10%26csrfT%3DhOgg0%252BZ7ITW7X%252BQj52gZZWIVBNRG9s1itNFho0PuHK8hAAAAAGXT5XMAAAAB%26reviewId%3DRB9OLCQXEFJF7&openid.identity=http%3A%2F%2Fspecs.openid.net%2Fauth%2F2.0%2Fidentifier_select&openid.assoc_handle=usflex&openid.mode=checkid_setup&marketPlaceId=ATVPDKIKX0DER&language=en&openid.claimed_id=http%3A%2F%2Fspecs.openid.net%2Fauth%2F2.0%2Fidentifier_select&openid.ns=http%3A%2F%2Fspecs.openid.net%2Fauth%2F2.0","Report","https://www.amazon.com/hz/reviews-render/report-review?ie=UTF8&ref=cm_cr_getr_d_rvw_hlp&csrfT=hOgg0%2BZ7ITW7X%2BQj52gZZWIVBNRG9s1itNFho0PuHK8hAAAAAGXT5XMAAAAB&reviewId=RB9OLCQXEFJF7","Showing  comments","","","","","","","","","","","","","","","",""
"https://www.amazon.com/gp/profile/amzn1.account.AHX4CXVR2LKHYX4BW52OYBPBCWJA/ref=cm_cr_getr_d_gw_btm?ie=UTF8","","<img src=""https://images-na.ssl-images-amazon.com/images/S/amazon-avatars-global/default._CR0,0,1024,1024_SX48_.png""/>","Veggie Lady","https://www.amazon.com/gp/customer-reviews/R425LDOI1D0X3/ref=cm_cr_getr_d_rvw_ttl?ie=UTF8&ASIN=B09QP9DXJS","5.0 out of 5 stars","Great every day chew for your senior dog","Reviewed in the United States on March 13, 2023","https://www.amazon.com/gp/help/customer/display.html/ref=cm_cr_dp_d_rvw_avp?nodeId=G75XTB7MBMBTXP6W","Verified Purchase","I have a 11 year old rescue, a black lab.  Chews like this keep his teeth healthy and clean  He does chew through it really fast so i only give him one every other day.  He loves he taste.","https://www.amazon.com/ap/signin?openid.return_to=https%3A%2F%2Fwww.amazon.com%2FN-Bone-Senior-Dental-Chicken-Flavor%2Fproduct-reviews%2FB09QP9DXJS%2Fref%3Dcm_cr_getr_d_vote_lft%3Fie%3DUTF8%26pageSize%3D10%26csrfT%3DhHHAjB76sKZynpzpZaIobteWRuxWcRiMUlnDlnjYJEjcAAAAAGXT5XMAAAAB%26reviewId%3DR425LDOI1D0X3&openid.identity=http%3A%2F%2Fspecs.openid.net%2Fauth%2F2.0%2Fidentifier_select&openid.assoc_handle=usflex&openid.mode=checkid_setup&marketPlaceId=ATVPDKIKX0DER&language=en&openid.claimed_id=http%3A%2F%2Fspecs.openid.net%2Fauth%2F2.0%2Fidentifier_select&openid.ns=http%3A%2F%2Fspecs.openid.net%2Fauth%2F2.0","One person found this helpful","https://www.amazon.com/hz/reviews-render/report-review?ie=UTF8&ref=cm_cr_getr_d_rvw_hlp&csrfT=hHHAjB76sKZynpzpZaIobteWRuxWcRiMUlnDlnjYJEjcAAAAAGXT5XMAAAAB&reviewId=R425LDOI1D0X3","Report","","","","","","","","","","","","","Showing  comments","","","https://images-na.ssl-images-amazon.com/images/G/01/x-locale/common/grey-pixel.gif"