"a-profile href","a-profile-avatar src","a-profile-avatar","a-profile-name","a-size-base href","a-icon-alt","a-size-base","a-size-base 2","a-size-base 3","a-button-text href","a-size-base 4","a-size-base href 2","a-size-base 5","cr-lightbox-main-image src","a-profile href 2","a-profile-avatar src 2","a-profile-avatar 2","a-profile-name 2","a-icon-alt 2","a-size-small","a-size-medium","cr-lightbox-image-thumbnail src","a-popover-trigger href","a-size-base 6","a-size-base 7"
"https://www.amazon.com/gp/profile/amzn1.account.AF6JKWT3O7EGBMTZCHA3LTXOKREA/ref=cm_cr_getr_d_gw_btm?ie=UTF8","https://images-na.ssl-images-amazon.com/images/S/amazon-avatars-global/356b2cc6-e927-48b0-ae38-dacd7e566793._CR0,0,500,500_SX48_.jpg","<img src=""https://images-na.ssl-images-amazon.com/images/S/amazon-avatars-global/356b2cc6-e927-48b0-ae38-dacd7e566793._CR0,0,500,500_SX48_.jpg""/>","Accessory Shop Plus","https://www.amazon.com/gp/customer-reviews/R3FICDPR599P21/ref=cm_cr_getr_d_rvw_ttl?ie=UTF8&ASIN=B0CJZ69YMK","5.0 out of 5 stars","tail waggin good","Reviewed in the United States on December 29, 2023","Yo, fellow dog lovers! Just tossed my furry buddy one of these Dental Sticks, grain-free and chicken-flavored, from a 6.6-oz bag made for seniors, and let me tell you ‚Äì it was an instant hit. This isn't just a treat; it's like a party for their taste buds and a high-five to their dental health.Firstly, the chicken flavor is legit. It's like these sticks have been seasoned with some kind of dog-approved magic. My old boy went for it like it was the best thing since belly rubs.The grain-free part is cool, especially if your pup's got a sensitive stomach. It's like they're keeping it healthy while still making it taste like a cheat day treat.Now, the dental aspect? Spot on. They're tough enough to give those chompers a good workout, helping to keep the tartar and plaque in check. It's like a gym session for their teeth, but way more fun.The size of the sticks is perfect for larger senior dogs. They‚Äôre substantial enough to keep them occupied but not too huge. It's like the perfect portion for a good munch without going overboard.And the bag? It's a decent size, meaning you're not running out after just a few treat sessions. It‚Äôs like having a ready stash of doggo happiness in your cupboard.","https://www.amazon.com/ap/signin?openid.return_to=https%3A%2F%2Fwww.amazon.com%2FGet-Naked-Dental-Grain-Free-Chicken%2Fproduct-reviews%2FB0CJZ69YMK%2Fref%3Dcm_cr_getr_d_vote_lft%3Fie%3DUTF8%26pageSize%3D10%26csrfT%3DhAuETor8dTdeuagmQy0YabNqM1nLYqcIQWqcG8Ll4OX4AAAAAGXT01oAAAAB%26reviewId%3DR3FICDPR599P21&openid.identity=http%3A%2F%2Fspecs.openid.net%2Fauth%2F2.0%2Fidentifier_select&openid.assoc_handle=usflex&openid.mode=checkid_setup&marketPlaceId=ATVPDKIKX0DER&language=en&openid.claimed_id=http%3A%2F%2Fspecs.openid.net%2Fauth%2F2.0%2Fidentifier_select&openid.ns=http%3A%2F%2Fspecs.openid.net%2Fauth%2F2.0","Report","https://www.amazon.com/hz/reviews-render/report-review?ie=UTF8&ref=cm_cr_getr_d_rvw_hlp&csrfT=hAuETor8dTdeuagmQy0YabNqM1nLYqcIQWqcG8Ll4OX4AAAAAGXT01oAAAAB&reviewId=R3FICDPR599P21","Showing  comments","","","","","","","","","","","",""
"https://www.amazon.com/gp/profile/amzn1.account.AEPP2HFMMMAM4E2Q2FNHHYVGRN5Q/ref=cm_cr_getr_d_gw_btm?ie=UTF8","https://images-na.ssl-images-amazon.com/images/S/amazon-avatars-global/default._CR0,0,1024,1024_SX48_.png","<img src=""https://images-na.ssl-images-amazon.com/images/S/amazon-avatars-global/default._CR0,0,1024,1024_SX48_.png""/>","Miranda","https://www.amazon.com/gp/customer-reviews/R2PJRPH8PYNM1J/ref=cm_cr_getr_d_rvw_ttl?ie=UTF8&ASIN=B0CJZ69YMK","5.0 out of 5 stars","Dental Sticks","Reviewed in the United States on February 12, 2024","These dental sticks are grain free, and that's all that my dog can have. My dog loves them! He ate each one with no problem, and his breath smelled better after each one! He's a senior, at 14 years old. I'm glad that these work well with him and his tummy!","https://www.amazon.com/ap/signin?openid.return_to=https%3A%2F%2Fwww.amazon.com%2FGet-Naked-Dental-Grain-Free-Chicken%2Fproduct-reviews%2FB0CJZ69YMK%2Fref%3Dcm_cr_getr_d_vote_lft%3Fie%3DUTF8%26pageSize%3D10%26csrfT%3DhE2Nqg%252BcbQLHCUKKABPhkYHJIi%252FJiDCcSTzm1YsFBQq2AAAAAGXT01oAAAAB%26reviewId%3DR2PJRPH8PYNM1J&openid.identity=http%3A%2F%2Fspecs.openid.net%2Fauth%2F2.0%2Fidentifier_select&openid.assoc_handle=usflex&openid.mode=checkid_setup&marketPlaceId=ATVPDKIKX0DER&language=en&openid.claimed_id=http%3A%2F%2Fspecs.openid.net%2Fauth%2F2.0%2Fidentifier_select&openid.ns=http%3A%2F%2Fspecs.openid.net%2Fauth%2F2.0","Report","https://www.amazon.com/hz/reviews-render/report-review?ie=UTF8&ref=cm_cr_getr_d_rvw_hlp&csrfT=hE2Nqg%2BcbQLHCUKKABPhkYHJIi%2FJiDCcSTzm1YsFBQq2AAAAAGXT01oAAAAB&reviewId=R2PJRPH8PYNM1J","Showing  comments","","","","","","","","","","","",""
"https://www.amazon.com/gp/profile/amzn1.account.AFZX63C4RK2TYI4DBSRKIQJYFHEA/ref=cm_cr_getr_d_gw_btm?ie=UTF8","https://images-na.ssl-images-amazon.com/images/S/amazon-avatars-global/default._CR0,0,1024,1024_SX48_.png","<img src=""https://images-na.ssl-images-amazon.com/images/S/amazon-avatars-global/default._CR0,0,1024,1024_SX48_.png""/>","Pawsable","https://www.amazon.com/gp/customer-reviews/RVUUP28647UYI/ref=cm_cr_getr_d_rvw_ttl?ie=UTF8&ASIN=B0CJZ69YMK","4.0 out of 5 stars","Nice treats","Reviewed in the United States on January 1, 2024","Haven't really noticed much help dental wise but as far as treats go it gets a thumb up from my dog. The smell isn't strong to my nose and they're not too hard or too soft something my senior (almost 12yr) dog can chew on. She isn't a large dog so I do snap them in half and they're perfect size for her.","https://www.amazon.com/ap/signin?openid.return_to=https%3A%2F%2Fwww.amazon.com%2FGet-Naked-Dental-Grain-Free-Chicken%2Fproduct-reviews%2FB0CJZ69YMK%2Fref%3Dcm_cr_getr_d_vote_lft%3Fie%3DUTF8%26pageSize%3D10%26csrfT%3DhPMSnbAYONXA7pSmN41ik%252BFL49srp3opeAl7B9QKogMBAAAAAGXT01oAAAAB%26reviewId%3DRVUUP28647UYI&openid.identity=http%3A%2F%2Fspecs.openid.net%2Fauth%2F2.0%2Fidentifier_select&openid.assoc_handle=usflex&openid.mode=checkid_setup&marketPlaceId=ATVPDKIKX0DER&language=en&openid.claimed_id=http%3A%2F%2Fspecs.openid.net%2Fauth%2F2.0%2Fidentifier_select&openid.ns=http%3A%2F%2Fspecs.openid.net%2Fauth%2F2.0","Report","https://www.amazon.com/hz/reviews-render/report-review?ie=UTF8&ref=cm_cr_getr_d_rvw_hlp&csrfT=hPMSnbAYONXA7pSmN41ik%2BFL49srp3opeAl7B9QKogMBAAAAAGXT01oAAAAB&reviewId=RVUUP28647UYI","Showing  comments","","","","","","","","","","","",""
"https://www.amazon.com/gp/profile/amzn1.account.AHJDRLW25Q76WNYJBT5VQS2NJSPQ/ref=cm_cr_getr_d_gw_btm?ie=UTF8","https://images-na.ssl-images-amazon.com/images/S/amazon-avatars-global/05b6e10b-6f06-40e1-9965-229a21b484c8._CR56,0,388,388_SX48_.jpg","<img src=""https://images-na.ssl-images-amazon.com/images/S/amazon-avatars-global/05b6e10b-6f06-40e1-9965-229a21b484c8._CR56,0,388,388_SX48_.jpg""/>","vunderstuff","https://www.amazon.com/gp/customer-reviews/RKCSKQIDAMEEC/ref=cm_cr_getr_d_rvw_ttl?ie=UTF8&ASIN=B0CJZ69YMK","5.0 out of 5 stars","Great product, dogs love them","Reviewed in the United States on November 5, 2023","I have bought the other varieties of Get Naked dental treats many times but this is the first time I have seen the senior large versions. The company uses very good ingredients including Dried potatoes, vegetable glycerin, gelatin, water, potato starch, chicken, natural chicken flavor, flaxseed, green lipped mussel, turmeric, cranberry fiber, calcium carbonate, parsley, l-ascorbyl-2 polyphosphate (source of vitamin C), chia seed, citric acid (preservative), fish oil (source of DHA). The large versions are about twice the size of the small version and suitable for my biggest dog or I could break them in half for my smaller guys.All of my dogs love these. They get either one or 1/2 a day depending on their size. They line up for one for their midmorning snack and can't wait to get them. Even my picky eater loves them. They are made in the US and I feel safe giving them to my dogs.","https://www.amazon.com/ap/signin?openid.return_to=https%3A%2F%2Fwww.amazon.com%2FGet-Naked-Dental-Grain-Free-Chicken%2Fproduct-reviews%2FB0CJZ69YMK%2Fref%3Dcm_cr_getr_d_vote_lft%3Fie%3DUTF8%26pageSize%3D10%26csrfT%3DhOSnPwNKRArKgyBjIWfoT27%252F5nJ2166OMqSAjeVk8pDaAAAAAGXT01oAAAAB%26reviewId%3DRKCSKQIDAMEEC&openid.identity=http%3A%2F%2Fspecs.openid.net%2Fauth%2F2.0%2Fidentifier_select&openid.assoc_handle=usflex&openid.mode=checkid_setup&marketPlaceId=ATVPDKIKX0DER&language=en&openid.claimed_id=http%3A%2F%2Fspecs.openid.net%2Fauth%2F2.0%2Fidentifier_select&openid.ns=http%3A%2F%2Fspecs.openid.net%2Fauth%2F2.0","Great product, dogs love them","https://www.amazon.com/hz/reviews-render/report-review?ie=UTF8&ref=cm_cr_getr_d_rvw_hlp&csrfT=hOSnPwNKRArKgyBjIWfoT27%2F5nJ2166OMqSAjeVk8pDaAAAAAGXT01oAAAAB&reviewId=RKCSKQIDAMEEC","I have bought the other varieties of Get Naked dental treats many times but this is the first time I have seen the senior large versions. The company uses very good ingredients including Dried potatoes, vegetable glycerin, gelatin, water, potato starch, chicken, natural chicken flavor, flaxseed, green lipped mussel, turmeric, cranberry fiber, calcium carbonate, parsley, l-ascorbyl-2 polyphosphate (source of vitamin C), chia seed, citric acid (preservative), fish oil (source of DHA). The large versions are about twice the size of the small version and suitable for my biggest dog or I could break them in half for my smaller guys.All of my dogs love these. They get either one or 1/2 a day depending on their size. They line up for one for their midmorning snack and can't wait to get them. Even my picky eater loves them. They are made in the US and I feel safe giving them to my dogs.","https://images-na.ssl-images-amazon.com/images/G/01/x-locale/common/transparent-pixel._V192234675_.gif","https://www.amazon.com/gp/profile/amzn1.account.AHJDRLW25Q76WNYJBT5VQS2NJSPQ/ref=cm_cr_getr_d_gw_pop?ie=UTF8","https://images-na.ssl-images-amazon.com/images/S/amazon-avatars-global/05b6e10b-6f06-40e1-9965-229a21b484c8._CR56,0,388,388_SX48_.jpg","<img src=""https://images-na.ssl-images-amazon.com/images/S/amazon-avatars-global/05b6e10b-6f06-40e1-9965-229a21b484c8._CR56,0,388,388_SX48_.jpg""/>","vunderstuff","5.0 out of 5 stars","Reviewed in the United States on November 5, 2023","Images in this review","https://m.media-amazon.com/images/I/71UfbAIlLoL._SY88.jpg","javascript:void(0)","Report","Showing  comments"
"https://www.amazon.com/gp/profile/amzn1.account.AGHEQALTTLGNQSGBX7G2ZG6AF6XQ/ref=cm_cr_getr_d_gw_btm?ie=UTF8","https://images-na.ssl-images-amazon.com/images/S/amazon-avatars-global/default._CR0,0,1024,1024_SX48_.png","<img src=""https://images-na.ssl-images-amazon.com/images/S/amazon-avatars-global/default._CR0,0,1024,1024_SX48_.png""/>","Danni","https://www.amazon.com/gp/customer-reviews/R32YQTBSHVJF7M/ref=cm_cr_getr_d_rvw_ttl?ie=UTF8&ASIN=B0CJZ69YMK","3.0 out of 5 stars","Very hard","Reviewed in the United States on November 18, 2023","My dog seems to like the flavor of these sticks but it takes him forever to finish one because they are so hard. He likes to take his ""treats"" to his crate and chew on them there but he took one stick to his crate and gnawed on it for awhile, then lost interest and left it in his crate. I did notice he went back to it after awhile but normally he'll be in the crate until it is all gone. I suppose in one way that is good because it lasts awhile but on the opposite side of that, I do not want treats left in his crate. Overall, it just seems too hard for most dogs to chew on it.","https://www.amazon.com/ap/signin?openid.return_to=https%3A%2F%2Fwww.amazon.com%2FGet-Naked-Dental-Grain-Free-Chicken%2Fproduct-reviews%2FB0CJZ69YMK%2Fref%3Dcm_cr_getr_d_vote_lft%3Fie%3DUTF8%26pageSize%3D10%26csrfT%3DhH%252BqVeJ8Y5%252BOBKcgU47w8Tq5MsNGELegpn%252FNshsHZLG6AAAAAGXT01oAAAAB%26reviewId%3DR32YQTBSHVJF7M&openid.identity=http%3A%2F%2Fspecs.openid.net%2Fauth%2F2.0%2Fidentifier_select&openid.assoc_handle=usflex&openid.mode=checkid_setup&marketPlaceId=ATVPDKIKX0DER&language=en&openid.claimed_id=http%3A%2F%2Fspecs.openid.net%2Fauth%2F2.0%2Fidentifier_select&openid.ns=http%3A%2F%2Fspecs.openid.net%2Fauth%2F2.0","Report","https://www.amazon.com/hz/reviews-render/report-review?ie=UTF8&ref=cm_cr_getr_d_rvw_hlp&csrfT=hH%2BqVeJ8Y5%2BOBKcgU47w8Tq5MsNGELegpn%2FNshsHZLG6AAAAAGXT01oAAAAB&reviewId=R32YQTBSHVJF7M","Showing  comments","","","","","","","","","","","",""
"https://www.amazon.com/gp/profile/amzn1.account.AEZRLKYG4EACGIHL77CBMZK7IJYA/ref=cm_cr_getr_d_gw_btm?ie=UTF8","https://images-na.ssl-images-amazon.com/images/S/amazon-avatars-global/default._CR0,0,1024,1024_SX48_.png","<img src=""https://images-na.ssl-images-amazon.com/images/S/amazon-avatars-global/default._CR0,0,1024,1024_SX48_.png""/>","Loblady","https://www.amazon.com/gp/customer-reviews/R1YIGLKS5PLVIW/ref=cm_cr_getr_d_rvw_ttl?ie=UTF8&ASIN=B0CJZ69YMK","2.0 out of 5 stars","Too Hard for My Dogs","Reviewed in the United States on November 4, 2023","I‚Äôm always looking for grain free treats for my two rescues. I knew these sticks were large (about 6 inches each) but I figured I‚Äôd cut it in half and they could share one. Nope. I tried breaking it in two. My husband tried breaking it. We then tried cutting it. We could not cut it in half! So, I decided to let them each have one for a taste test. After a few minutes of gnawing, my old dog gave up and walked away. A few minutes later, my other dog yelped and dropped the stick. I think the hard ridge at the edge hit his gums causing pain so I took his away also. I‚Äôm giving two stars for ingredients and flavor but they were basically inedible by my dogs. I‚Äôd also be very careful of choking if your dog manages to bite off a small piece. A little softer and this could be a good product.","https://www.amazon.com/ap/signin?openid.return_to=https%3A%2F%2Fwww.amazon.com%2FGet-Naked-Dental-Grain-Free-Chicken%2Fproduct-reviews%2FB0CJZ69YMK%2Fref%3Dcm_cr_getr_d_vote_lft%3Fie%3DUTF8%26pageSize%3D10%26csrfT%3DhA5C8T%252BTI1%252FkT6vWQ0lZL9PoXG6SJtT9XpsjxlAvKagFAAAAAGXT01oAAAAB%26reviewId%3DR1YIGLKS5PLVIW&openid.identity=http%3A%2F%2Fspecs.openid.net%2Fauth%2F2.0%2Fidentifier_select&openid.assoc_handle=usflex&openid.mode=checkid_setup&marketPlaceId=ATVPDKIKX0DER&language=en&openid.claimed_id=http%3A%2F%2Fspecs.openid.net%2Fauth%2F2.0%2Fidentifier_select&openid.ns=http%3A%2F%2Fspecs.openid.net%2Fauth%2F2.0","Report","https://www.amazon.com/hz/reviews-render/report-review?ie=UTF8&ref=cm_cr_getr_d_rvw_hlp&csrfT=hA5C8T%2BTI1%2FkT6vWQ0lZL9PoXG6SJtT9XpsjxlAvKagFAAAAAGXT01oAAAAB&reviewId=R1YIGLKS5PLVIW","Showing  comments","","","","","","","","","","","",""
"https://www.amazon.com/gp/profile/amzn1.account.AFIS7CQZWV4YPG6RHEZLDXVT5DKA/ref=cm_cr_getr_d_gw_btm?ie=UTF8","https://images-na.ssl-images-amazon.com/images/S/amazon-avatars-global/default._CR0,0,1024,1024_SX48_.png","<img src=""https://images-na.ssl-images-amazon.com/images/S/amazon-avatars-global/default._CR0,0,1024,1024_SX48_.png""/>","Rojma","https://www.amazon.com/gp/customer-reviews/R3PS2ZEEC77EJP/ref=cm_cr_getr_d_rvw_ttl?ie=UTF8&ASIN=B0CJZ69YMK","5.0 out of 5 stars","Dogs enjoyed these, and they last a while","Reviewed in the United States on November 25, 2023","My pups were not enthusiastic about another flavor I got from this brand, so I was worried they might not like these- but they both took them without hesitation. Even my picky dog grabbed this treat immediately. He did parade around the house with it for a while before actually eating it, but once he started chewing it lasted a good while. Very satisfied, I'd get this flavor again.","https://www.amazon.com/ap/signin?openid.return_to=https%3A%2F%2Fwww.amazon.com%2FGet-Naked-Dental-Grain-Free-Chicken%2Fproduct-reviews%2FB0CJZ69YMK%2Fref%3Dcm_cr_getr_d_vote_lft%3Fie%3DUTF8%26pageSize%3D10%26csrfT%3DhE358%252B7pOuu0ihUOk3bbOBETkuI3sRuXf9UaDCgSsvsuAAAAAGXT01oAAAAB%26reviewId%3DR3PS2ZEEC77EJP&openid.identity=http%3A%2F%2Fspecs.openid.net%2Fauth%2F2.0%2Fidentifier_select&openid.assoc_handle=usflex&openid.mode=checkid_setup&marketPlaceId=ATVPDKIKX0DER&language=en&openid.claimed_id=http%3A%2F%2Fspecs.openid.net%2Fauth%2F2.0%2Fidentifier_select&openid.ns=http%3A%2F%2Fspecs.openid.net%2Fauth%2F2.0","Report","https://www.amazon.com/hz/reviews-render/report-review?ie=UTF8&ref=cm_cr_getr_d_rvw_hlp&csrfT=hE358%2B7pOuu0ihUOk3bbOBETkuI3sRuXf9UaDCgSsvsuAAAAAGXT01oAAAAB&reviewId=R3PS2ZEEC77EJP","Showing  comments","","","","","","","","","","","",""
"https://www.amazon.com/gp/profile/amzn1.account.AF2BUWMSZC6A66ZYZZTL2S2ASOEQ/ref=cm_cr_getr_d_gw_btm?ie=UTF8","https://images-na.ssl-images-amazon.com/images/S/amazon-avatars-global/7894dd70-c379-4e02-bb61-66df5f00068d._CR0,0,500,500_SX48_.jpg","<img src=""https://images-na.ssl-images-amazon.com/images/S/amazon-avatars-global/7894dd70-c379-4e02-bb61-66df5f00068d._CR0,0,500,500_SX48_.jpg""/>","Alex B.","https://www.amazon.com/gp/customer-reviews/R3ASJNYO6FMKJ5/ref=cm_cr_getr_d_rvw_ttl?ie=UTF8&ASIN=B0CJZ69YMK","5.0 out of 5 stars","You're good to go with this one!","Reviewed in the United States on November 15, 2023","Since I didn't eat them personally, I can't precisely tell you how much they taste like chicken, but Moxie sure loves them.  She's not very picky about treats, but she does refuse some snacks if she doesn't like them.Not stinky for me, the bag is easy to open and reseals easily.  You're good to go with this one!","https://www.amazon.com/ap/signin?openid.return_to=https%3A%2F%2Fwww.amazon.com%2FGet-Naked-Dental-Grain-Free-Chicken%2Fproduct-reviews%2FB0CJZ69YMK%2Fref%3Dcm_cr_getr_d_vote_lft%3Fie%3DUTF8%26pageSize%3D10%26csrfT%3DhNM%252FcK1CqA65F4pWuCv1aXHavYcVQB%252FVM%252BO2vTLOCKXTAAAAAGXT01oAAAAB%26reviewId%3DR3ASJNYO6FMKJ5&openid.identity=http%3A%2F%2Fspecs.openid.net%2Fauth%2F2.0%2Fidentifier_select&openid.assoc_handle=usflex&openid.mode=checkid_setup&marketPlaceId=ATVPDKIKX0DER&language=en&openid.claimed_id=http%3A%2F%2Fspecs.openid.net%2Fauth%2F2.0%2Fidentifier_select&openid.ns=http%3A%2F%2Fspecs.openid.net%2Fauth%2F2.0","Report","https://www.amazon.com/hz/reviews-render/report-review?ie=UTF8&ref=cm_cr_getr_d_rvw_hlp&csrfT=hNM%2FcK1CqA65F4pWuCv1aXHavYcVQB%2FVM%2BO2vTLOCKXTAAAAAGXT01oAAAAB&reviewId=R3ASJNYO6FMKJ5","Showing  comments","","","","","","","","","","","",""
"https://www.amazon.com/gp/profile/amzn1.account.AFAQJIYQJJGTRJHIOWXEF2J5JLQQ/ref=cm_cr_getr_d_gw_btm?ie=UTF8","https://images-na.ssl-images-amazon.com/images/S/amazon-avatars-global/c4b0d938-d968-4a16-bfdc-357ae86c160d._CR0,0,475,475_SX48_.jpg","<img src=""https://images-na.ssl-images-amazon.com/images/S/amazon-avatars-global/c4b0d938-d968-4a16-bfdc-357ae86c160d._CR0,0,475,475_SX48_.jpg""/>","Sarah","https://www.amazon.com/gp/customer-reviews/RXINAT9YC69MD/ref=cm_cr_getr_d_rvw_ttl?ie=UTF8&ASIN=B0CJZ69YMK","4.0 out of 5 stars","Harder than I thought","Reviewed in the United States on November 8, 2023","Love the ingredients and health benefits of these Get Naked dog chews. I've had other dog chews/treats shaped like this before and they were eaten within seconds. These do take a few minutes (less than 5) for my dogs to chew and eat. So I definitely feel thesecare a beter dental stick than others that break so easily and gone within seconds.  They do have a funky smell, but its not messy or sticky nor does it leave your couch, carpeting, ect smelly. My dogs certainty don't mind the smell. Just didn't smell like a nornal dog treat to me  (bacon,chicken peanut butter ect), but I'm not the one eating it. In this particular one there are only 7 sticks per bag. Making them about 57 cents a piece. They are about 4 3/4"" long.","https://www.amazon.com/ap/signin?openid.return_to=https%3A%2F%2Fwww.amazon.com%2FGet-Naked-Dental-Grain-Free-Chicken%2Fproduct-reviews%2FB0CJZ69YMK%2Fref%3Dcm_cr_getr_d_vote_lft%3Fie%3DUTF8%26pageSize%3D10%26csrfT%3DhNGKbwYHc1uyQFBM0N%252Bw7VBhu9ltXYhHX8249GCmNaeGAAAAAGXT01oAAAAB%26reviewId%3DRXINAT9YC69MD&openid.identity=http%3A%2F%2Fspecs.openid.net%2Fauth%2F2.0%2Fidentifier_select&openid.assoc_handle=usflex&openid.mode=checkid_setup&marketPlaceId=ATVPDKIKX0DER&language=en&openid.claimed_id=http%3A%2F%2Fspecs.openid.net%2Fauth%2F2.0%2Fidentifier_select&openid.ns=http%3A%2F%2Fspecs.openid.net%2Fauth%2F2.0","Harder than I thought","https://www.amazon.com/hz/reviews-render/report-review?ie=UTF8&ref=cm_cr_getr_d_rvw_hlp&csrfT=hNGKbwYHc1uyQFBM0N%2Bw7VBhu9ltXYhHX8249GCmNaeGAAAAAGXT01oAAAAB&reviewId=RXINAT9YC69MD","Love the ingredients and health benefits of these Get Naked dog chews. I've had other dog chews/treats shaped like this before and they were eaten within seconds. These do take a few minutes (less than 5) for my dogs to chew and eat. So I definitely feel thesecare a beter dental stick than others that break so easily and gone within seconds.  They do have a funky smell, but its not messy or sticky nor does it leave your couch, carpeting, ect smelly. My dogs certainty don't mind the smell. Just didn't smell like a nornal dog treat to me  (bacon,chicken peanut butter ect), but I'm not the one eating it. In this particular one there are only 7 sticks per bag. Making them about 57 cents a piece. They are about 4 3/4"" long.","https://images-na.ssl-images-amazon.com/images/G/01/x-locale/common/transparent-pixel._V192234675_.gif","https://www.amazon.com/gp/profile/amzn1.account.AFAQJIYQJJGTRJHIOWXEF2J5JLQQ/ref=cm_cr_getr_d_gw_pop?ie=UTF8","https://images-na.ssl-images-amazon.com/images/S/amazon-avatars-global/c4b0d938-d968-4a16-bfdc-357ae86c160d._CR0,0,475,475_SX48_.jpg","<img src=""https://images-na.ssl-images-amazon.com/images/S/amazon-avatars-global/c4b0d938-d968-4a16-bfdc-357ae86c160d._CR0,0,475,475_SX48_.jpg""/>","Sarah","4.0 out of 5 stars","Reviewed in the United States on November 8, 2023","Images in this review","https://m.media-amazon.com/images/I/81MlEWo+aNL._SY88.jpg","javascript:void(0)","One person found this helpful","Report"
"https://www.amazon.com/gp/profile/amzn1.account.AEXBVTPRWKBUQDKCOHCJOTZLSD3A/ref=cm_cr_getr_d_gw_btm?ie=UTF8","https://images-na.ssl-images-amazon.com/images/S/amazon-avatars-global/default._CR0,0,1024,1024_SX48_.png","<img src=""https://images-na.ssl-images-amazon.com/images/S/amazon-avatars-global/default._CR0,0,1024,1024_SX48_.png""/>","Justareview","https://www.amazon.com/gp/customer-reviews/R1589M00R35JGX/ref=cm_cr_getr_d_rvw_ttl?ie=UTF8&ASIN=B0CJZ69YMK","4.0 out of 5 stars","Happy dogs!","Reviewed in the United States on November 17, 2023","I give my dogs dental treats every day, but they‚Äôre seniors and nothings on the market for them until I saw these.My only complaint is I wish they were made of a different flavor, as one of my dogs can‚Äôt have chicken. That being said, they love their dental treats, and they last a bit longer than other ones on the market. I like how they‚Äôre made for senior dogs, but they still have a lot of chew to them.These definitely are not a long lasting treat, they last on average as much as anything else I‚Äôve fed.","https://www.amazon.com/ap/signin?openid.return_to=https%3A%2F%2Fwww.amazon.com%2FGet-Naked-Dental-Grain-Free-Chicken%2Fproduct-reviews%2FB0CJZ69YMK%2Fref%3Dcm_cr_getr_d_vote_lft%3Fie%3DUTF8%26pageSize%3D10%26csrfT%3DhN1lx8JtOiqGme9CZqbuHW7Iab83HtAcSjziY%252BcUIuGPAAAAAGXT01oAAAAB%26reviewId%3DR1589M00R35JGX&openid.identity=http%3A%2F%2Fspecs.openid.net%2Fauth%2F2.0%2Fidentifier_select&openid.assoc_handle=usflex&openid.mode=checkid_setup&marketPlaceId=ATVPDKIKX0DER&language=en&openid.claimed_id=http%3A%2F%2Fspecs.openid.net%2Fauth%2F2.0%2Fidentifier_select&openid.ns=http%3A%2F%2Fspecs.openid.net%2Fauth%2F2.0","Report","https://www.amazon.com/hz/reviews-render/report-review?ie=UTF8&ref=cm_cr_getr_d_rvw_hlp&csrfT=hN1lx8JtOiqGme9CZqbuHW7Iab83HtAcSjziY%2BcUIuGPAAAAAGXT01oAAAAB&reviewId=R1589M00R35JGX","Showing  comments","","","","","","","","","","","",""
"https://www.amazon.com/gp/profile/amzn1.account.AGCLHYYZOVKQDU6KHYK7WKAIKHXA/ref=cm_cr_getr_d_gw_btm?ie=UTF8","https://images-na.ssl-images-amazon.com/images/S/amazon-avatars-global/0e7b1c0b-226a-47dc-9da3-5b00297f68c0._CR0,0,375,375_SX48_.jpg","<img src=""https://images-na.ssl-images-amazon.com/images/S/amazon-avatars-global/0e7b1c0b-226a-47dc-9da3-5b00297f68c0._CR0,0,375,375_SX48_.jpg""/>","Ruth","https://www.amazon.com/gp/customer-reviews/R3BQYPGY2ZJZQC/ref=cm_cr_getr_d_rvw_ttl?ie=UTF8&ASIN=B0CJZ69YMK","4.0 out of 5 stars","üëç","Reviewed in the United States on November 7, 2023","I recently purchased the Dental Sticks Grain-Free Chicken Flavor Dog Treats for my senior dog, and I'm quite pleased with the product. These dental sticks are not only a tasty treat but also serve a dual purpose by promoting good oral health.My senior dog enjoyed the chicken flavor, which made it easy to give them as a reward or treat. What I appreciate most is that these dental sticks are grain-free, which aligns with my dog's dietary needs. Additionally, they are designed to support senior dogs' dental health, which is crucial as they age.The 6.6-ounce bag provides a good amount of treats to last for a while, and it's a convenient way to incorporate dental care into my dog's daily routine. Overall, I've noticed an improvement in my dog's oral health, and it's a relief to have found a product that both he and I are happy with.","https://www.amazon.com/ap/signin?openid.return_to=https%3A%2F%2Fwww.amazon.com%2FGet-Naked-Dental-Grain-Free-Chicken%2Fproduct-reviews%2FB0CJZ69YMK%2Fref%3Dcm_cr_getr_d_vote_lft%3Fie%3DUTF8%26pageSize%3D10%26csrfT%3DhAuDtNdayKFJHDDqb8To7%252BT3qPeYs7s4Xllxu5CdBb%252BKAAAAAGXT03kAAAAB%26reviewId%3DR3BQYPGY2ZJZQC&openid.identity=http%3A%2F%2Fspecs.openid.net%2Fauth%2F2.0%2Fidentifier_select&openid.assoc_handle=usflex&openid.mode=checkid_setup&marketPlaceId=ATVPDKIKX0DER&language=en&openid.claimed_id=http%3A%2F%2Fspecs.openid.net%2Fauth%2F2.0%2Fidentifier_select&openid.ns=http%3A%2F%2Fspecs.openid.net%2Fauth%2F2.0","Report","https://www.amazon.com/hz/reviews-render/report-review?ie=UTF8&ref=cm_cr_getr_d_rvw_hlp&csrfT=hAuDtNdayKFJHDDqb8To7%2BT3qPeYs7s4Xllxu5CdBb%2BKAAAAAGXT03kAAAAB&reviewId=R3BQYPGY2ZJZQC","Showing  comments","","","","","","","","","","","",""
"https://www.amazon.com/gp/profile/amzn1.account.AGCOCQ2PCWH7IV4L2DPRXEHJJ3WQ/ref=cm_cr_getr_d_gw_btm?ie=UTF8","https://images-na.ssl-images-amazon.com/images/S/amazon-avatars-global/default._CR0,0,1024,1024_SX48_.png","<img src=""https://images-na.ssl-images-amazon.com/images/S/amazon-avatars-global/default._CR0,0,1024,1024_SX48_.png""/>","Trusted Reviewer","https://www.amazon.com/gp/customer-reviews/R2XMJ37LUSKRVH/ref=cm_cr_getr_d_rvw_ttl?ie=UTF8&ASIN=B0CJZ69YMK","4.0 out of 5 stars","Dog approved","Reviewed in the United States on November 13, 2023","I have 2 senior dogs. One is 19yrs old the other is 13yrs. They both liked them, but the older fella had a difficult time consuming it. Neither of my dogs are a large breed, so the large size may not have been appropriate for them. Nevertheless, they enjoyed them and I appreciate they are high quality.","https://www.amazon.com/ap/signin?openid.return_to=https%3A%2F%2Fwww.amazon.com%2FGet-Naked-Dental-Grain-Free-Chicken%2Fproduct-reviews%2FB0CJZ69YMK%2Fref%3Dcm_cr_getr_d_vote_lft%3Fie%3DUTF8%26pageSize%3D10%26csrfT%3DhAGUd%252FONaas4xx554cvcIXEdMndxDlELatozVuJcVc3rAAAAAGXT03kAAAAB%26reviewId%3DR2XMJ37LUSKRVH&openid.identity=http%3A%2F%2Fspecs.openid.net%2Fauth%2F2.0%2Fidentifier_select&openid.assoc_handle=usflex&openid.mode=checkid_setup&marketPlaceId=ATVPDKIKX0DER&language=en&openid.claimed_id=http%3A%2F%2Fspecs.openid.net%2Fauth%2F2.0%2Fidentifier_select&openid.ns=http%3A%2F%2Fspecs.openid.net%2Fauth%2F2.0","Report","https://www.amazon.com/hz/reviews-render/report-review?ie=UTF8&ref=cm_cr_getr_d_rvw_hlp&csrfT=hAGUd%2FONaas4xx554cvcIXEdMndxDlELatozVuJcVc3rAAAAAGXT03kAAAAB&reviewId=R2XMJ37LUSKRVH","Showing  comments","","","","","","","","","","","",""
"https://www.amazon.com/gp/profile/amzn1.account.AFESFBY7EYJMQNKR572SZFAAET5Q/ref=cm_cr_getr_d_gw_btm?ie=UTF8","https://images-na.ssl-images-amazon.com/images/S/amazon-avatars-global/default._CR0,0,1024,1024_SX48_.png","<img src=""https://images-na.ssl-images-amazon.com/images/S/amazon-avatars-global/default._CR0,0,1024,1024_SX48_.png""/>","Audrey","https://www.amazon.com/gp/customer-reviews/R1ZBV7NF216IED/ref=cm_cr_getr_d_rvw_ttl?ie=UTF8&ASIN=B0CJZ69YMK","4.0 out of 5 stars","Dog likes","Reviewed in the United States on November 6, 2023","My dog is enjoying these treats. He looks forward to them every night. I feel good giving him something high quality. Bonus points that he loves it. The price point is fair for the quality.","https://www.amazon.com/ap/signin?openid.return_to=https%3A%2F%2Fwww.amazon.com%2FGet-Naked-Dental-Grain-Free-Chicken%2Fproduct-reviews%2FB0CJZ69YMK%2Fref%3Dcm_cr_getr_d_vote_lft%3Fie%3DUTF8%26pageSize%3D10%26csrfT%3DhI%252FthJA7v4FtX4q8hjhLFYcC6PLC0Fo5usRFBIKOVXpEAAAAAGXT03kAAAAB%26reviewId%3DR1ZBV7NF216IED&openid.identity=http%3A%2F%2Fspecs.openid.net%2Fauth%2F2.0%2Fidentifier_select&openid.assoc_handle=usflex&openid.mode=checkid_setup&marketPlaceId=ATVPDKIKX0DER&language=en&openid.claimed_id=http%3A%2F%2Fspecs.openid.net%2Fauth%2F2.0%2Fidentifier_select&openid.ns=http%3A%2F%2Fspecs.openid.net%2Fauth%2F2.0","Dog likes","https://www.amazon.com/hz/reviews-render/report-review?ie=UTF8&ref=cm_cr_getr_d_rvw_hlp&csrfT=hI%2FthJA7v4FtX4q8hjhLFYcC6PLC0Fo5usRFBIKOVXpEAAAAAGXT03kAAAAB&reviewId=R1ZBV7NF216IED","My dog is enjoying these treats. He looks forward to them every night. I feel good giving him something high quality. Bonus points that he loves it. The price point is fair for the quality.","https://images-na.ssl-images-amazon.com/images/G/01/x-locale/common/transparent-pixel._V192234675_.gif","https://www.amazon.com/gp/profile/amzn1.account.AFESFBY7EYJMQNKR572SZFAAET5Q/ref=cm_cr_getr_d_gw_pop?ie=UTF8","https://images-na.ssl-images-amazon.com/images/S/amazon-avatars-global/default._CR0,0,1024,1024_SX48_.png","<img src=""https://images-na.ssl-images-amazon.com/images/S/amazon-avatars-global/default._CR0,0,1024,1024_SX48_.png""/>","Audrey","4.0 out of 5 stars","Reviewed in the United States on November 6, 2023","Images in this review","https://m.media-amazon.com/images/I/61nIdBSHFWL._SY88.jpg","javascript:void(0)","Report","Showing  comments"
"https://www.amazon.com/gp/profile/amzn1.account.AGLCBHMWLQGZWWCLVZKVQ3QYS3PQ/ref=cm_cr_getr_d_gw_btm?ie=UTF8","https://images-na.ssl-images-amazon.com/images/S/amazon-avatars-global/default._CR0,0,1024,1024_SX48_.png","<img src=""https://images-na.ssl-images-amazon.com/images/S/amazon-avatars-global/default._CR0,0,1024,1024_SX48_.png""/>","M Preston","https://www.amazon.com/gp/customer-reviews/ROVW4FSYQ0IW0/ref=cm_cr_getr_d_rvw_ttl?ie=UTF8&ASIN=B0CJZ69YMK","5.0 out of 5 stars","My dogs love these","Reviewed in the United States on November 5, 2023","My dogs loooove GetNaked dog chews and have been eating the various flavors for years. They're all medium to small dogs.I like that these don't have a strong smell, the dogs love chewing on them for their dental health, and the ingredients are good - I like to keep the pups heathly.My dogs have never had a problem with any reactions to the chews and they help with their digestive system.Since they love them so much, I'll happily keep buying these for my boys.","https://www.amazon.com/ap/signin?openid.return_to=https%3A%2F%2Fwww.amazon.com%2FGet-Naked-Dental-Grain-Free-Chicken%2Fproduct-reviews%2FB0CJZ69YMK%2Fref%3Dcm_cr_getr_d_vote_lft%3Fie%3DUTF8%26pageSize%3D10%26csrfT%3DhDaXXt1VswjkSbzhCEkcK8URaGZWHWbyFnYUmBcPeyXbAAAAAGXT03kAAAAB%26reviewId%3DROVW4FSYQ0IW0&openid.identity=http%3A%2F%2Fspecs.openid.net%2Fauth%2F2.0%2Fidentifier_select&openid.assoc_handle=usflex&openid.mode=checkid_setup&marketPlaceId=ATVPDKIKX0DER&language=en&openid.claimed_id=http%3A%2F%2Fspecs.openid.net%2Fauth%2F2.0%2Fidentifier_select&openid.ns=http%3A%2F%2Fspecs.openid.net%2Fauth%2F2.0","Report","https://www.amazon.com/hz/reviews-render/report-review?ie=UTF8&ref=cm_cr_getr_d_rvw_hlp&csrfT=hDaXXt1VswjkSbzhCEkcK8URaGZWHWbyFnYUmBcPeyXbAAAAAGXT03kAAAAB&reviewId=ROVW4FSYQ0IW0","Showing  comments","","","","","","","","","","","",""
"https://www.amazon.com/gp/profile/amzn1.account.AHCKJWAUU2BPXZ5PZGCNXCRO2ERQ/ref=cm_cr_getr_d_gw_btm?ie=UTF8","","<img src=""https://images-na.ssl-images-amazon.com/images/S/amazon-avatars-global/default._CR0,0,1024,1024_SX48_.png""/>","Flying Dutchman","https://www.amazon.com/gp/customer-reviews/R20VTGO0NJTXI7/ref=cm_cr_getr_d_rvw_ttl?ie=UTF8&ASIN=B0CJZ69YMK","5.0 out of 5 stars","Clue approves","Reviewed in the United States on November 16, 2023","I'll never know what they taste like or what it feels like to chew on one, but Clue (the Poodle) likes them and I suppose that's all that counts.","https://www.amazon.com/ap/signin?openid.return_to=https%3A%2F%2Fwww.amazon.com%2FGet-Naked-Dental-Grain-Free-Chicken%2Fproduct-reviews%2FB0CJZ69YMK%2Fref%3Dcm_cr_getr_d_vote_lft%3Fie%3DUTF8%26pageSize%3D10%26csrfT%3DhEWc9juaanYrUm3KNVaBHE9EWeEhjNATj2bRpyU6Bz0NAAAAAGXT03kAAAAB%26reviewId%3DR20VTGO0NJTXI7&openid.identity=http%3A%2F%2Fspecs.openid.net%2Fauth%2F2.0%2Fidentifier_select&openid.assoc_handle=usflex&openid.mode=checkid_setup&marketPlaceId=ATVPDKIKX0DER&language=en&openid.claimed_id=http%3A%2F%2Fspecs.openid.net%2Fauth%2F2.0%2Fidentifier_select&openid.ns=http%3A%2F%2Fspecs.openid.net%2Fauth%2F2.0","Report","https://www.amazon.com/hz/reviews-render/report-review?ie=UTF8&ref=cm_cr_getr_d_rvw_hlp&csrfT=hEWc9juaanYrUm3KNVaBHE9EWeEhjNATj2bRpyU6Bz0NAAAAAGXT03kAAAAB&reviewId=R20VTGO0NJTXI7","Showing  comments","","","","","","","","","","","",""
"https://www.amazon.com/gp/profile/amzn1.account.AFW3CMIE4KRF2FD2GCXHIEZHBHLA/ref=cm_cr_getr_d_gw_btm?ie=UTF8","","<img src=""https://images-na.ssl-images-amazon.com/images/S/amazon-avatars-global/default._CR0,0,1024,1024_SX48_.png""/>","Will","https://www.amazon.com/gp/customer-reviews/RSO9BJU6CQJAM/ref=cm_cr_getr_d_rvw_ttl?ie=UTF8&ASIN=B0CJZ69YMK","5.0 out of 5 stars","Our dogs loving them","Reviewed in the United States on November 8, 2023","Our dogs have been enjoying these as an evening treat before bed. They don't last incredibly long, but our picky eating dog with bad breath has no problem chewing on these. There aren't a ton in the bag, but I do think it has helped a little with keeping her teeth a little cleaner and the smell down a bit.","https://www.amazon.com/ap/signin?openid.return_to=https%3A%2F%2Fwww.amazon.com%2FGet-Naked-Dental-Grain-Free-Chicken%2Fproduct-reviews%2FB0CJZ69YMK%2Fref%3Dcm_cr_getr_d_vote_lft%3Fie%3DUTF8%26pageSize%3D10%26csrfT%3DhMbtVnDpktIqcKERZF2txct%252BJNCxYYGno13HSrbGcFX1AAAAAGXT03kAAAAB%26reviewId%3DRSO9BJU6CQJAM&openid.identity=http%3A%2F%2Fspecs.openid.net%2Fauth%2F2.0%2Fidentifier_select&openid.assoc_handle=usflex&openid.mode=checkid_setup&marketPlaceId=ATVPDKIKX0DER&language=en&openid.claimed_id=http%3A%2F%2Fspecs.openid.net%2Fauth%2F2.0%2Fidentifier_select&openid.ns=http%3A%2F%2Fspecs.openid.net%2Fauth%2F2.0","Report","https://www.amazon.com/hz/reviews-render/report-review?ie=UTF8&ref=cm_cr_getr_d_rvw_hlp&csrfT=hMbtVnDpktIqcKERZF2txct%2BJNCxYYGno13HSrbGcFX1AAAAAGXT03kAAAAB&reviewId=RSO9BJU6CQJAM","Showing  comments","","","","","","","","","","","",""
"https://www.amazon.com/gp/profile/amzn1.account.AFOO7NXDEB3POOLXE66E2ZZHJGRA/ref=cm_cr_getr_d_gw_btm?ie=UTF8","","<img src=""https://images-na.ssl-images-amazon.com/images/S/amazon-avatars-global/46aa9995-64e2-40e5-93d2-c1284ddac89f._CR692,0,2771,2771_SX48_.jpg""/>","A Gray","https://www.amazon.com/gp/customer-reviews/R2ZHT542AU0B2I/ref=cm_cr_getr_d_rvw_ttl?ie=UTF8&ASIN=B0CJZ69YMK","5.0 out of 5 stars","Dog Approved","Reviewed in the United States on November 2, 2023","I offered one of these chews to my dog and he happily accepted it. He took about 10-15 minutes to finish it, so it wasn‚Äôt just a 2-bite deal. When I put the rest of the treats away, he stood nearby begging for more, so he seems to enjoy them. He didn‚Äôt have any apparent upset stomach or issues that would suggest it didn‚Äôt agree with his digestion. I think these are a hit.","https://www.amazon.com/ap/signin?openid.return_to=https%3A%2F%2Fwww.amazon.com%2FGet-Naked-Dental-Grain-Free-Chicken%2Fproduct-reviews%2FB0CJZ69YMK%2Fref%3Dcm_cr_getr_d_vote_lft%3Fie%3DUTF8%26pageSize%3D10%26csrfT%3DhNFLkpeFXsq%252BNMjF%252By%252F3ExQH4Wh%252FRKLjxFjWc7P86uqtAAAAAGXT03kAAAAB%26reviewId%3DR2ZHT542AU0B2I&openid.identity=http%3A%2F%2Fspecs.openid.net%2Fauth%2F2.0%2Fidentifier_select&openid.assoc_handle=usflex&openid.mode=checkid_setup&marketPlaceId=ATVPDKIKX0DER&language=en&openid.claimed_id=http%3A%2F%2Fspecs.openid.net%2Fauth%2F2.0%2Fidentifier_select&openid.ns=http%3A%2F%2Fspecs.openid.net%2Fauth%2F2.0","Dog Approved","https://www.amazon.com/hz/reviews-render/report-review?ie=UTF8&ref=cm_cr_getr_d_rvw_hlp&csrfT=hNFLkpeFXsq%2BNMjF%2By%2F3ExQH4Wh%2FRKLjxFjWc7P86uqtAAAAAGXT03kAAAAB&reviewId=R2ZHT542AU0B2I","I offered one of these chews to my dog and he happily accepted it. He took about 10-15 minutes to finish it, so it wasn‚Äôt just a 2-bite deal. When I put the rest of the treats away, he stood nearby begging for more, so he seems to enjoy them. He didn‚Äôt have any apparent upset stomach or issues that would suggest it didn‚Äôt agree with his digestion. I think these are a hit.","https://images-na.ssl-images-amazon.com/images/G/01/x-locale/common/transparent-pixel._V192234675_.gif","https://www.amazon.com/gp/profile/amzn1.account.AFOO7NXDEB3POOLXE66E2ZZHJGRA/ref=cm_cr_getr_d_gw_pop?ie=UTF8","https://images-na.ssl-images-amazon.com/images/S/amazon-avatars-global/46aa9995-64e2-40e5-93d2-c1284ddac89f._CR692,0,2771,2771_SX48_.jpg","<img src=""https://images-na.ssl-images-amazon.com/images/S/amazon-avatars-global/46aa9995-64e2-40e5-93d2-c1284ddac89f._CR692,0,2771,2771_SX48_.jpg""/>","A Gray","5.0 out of 5 stars","Reviewed in the United States on November 2, 2023","Images in this review","https://m.media-amazon.com/images/I/61srSXIsbiL._SY88.jpg","javascript:void(0)","Report","Showing  comments"
"https://www.amazon.com/gp/profile/amzn1.account.AGUQQFLVXRXYRTCYH3TG4GRDFUMQ/ref=cm_cr_getr_d_gw_btm?ie=UTF8","","<img src=""https://images-na.ssl-images-amazon.com/images/S/amazon-avatars-global/default._CR0,0,1024,1024_SX48_.png""/>","Dog Dad","https://www.amazon.com/gp/customer-reviews/RUW0RC18SW2FQ/ref=cm_cr_getr_d_rvw_ttl?ie=UTF8&ASIN=B0CJZ69YMK","5.0 out of 5 stars","Long lasting","Reviewed in the United States on November 17, 2023","These dental treats are very good and my puppy really likes them. They are much longer lasting than the green style dental treats we normally use. It takes her a while to break them down and she doesn't choke on them.","https://www.amazon.com/ap/signin?openid.return_to=https%3A%2F%2Fwww.amazon.com%2FGet-Naked-Dental-Grain-Free-Chicken%2Fproduct-reviews%2FB0CJZ69YMK%2Fref%3Dcm_cr_getr_d_vote_lft%3Fie%3DUTF8%26pageSize%3D10%26csrfT%3DhMhpdRsQ5ot8eUb7FUVriXj3TAKhIQC8hhsW7XXmNnPOAAAAAGXT03kAAAAB%26reviewId%3DRUW0RC18SW2FQ&openid.identity=http%3A%2F%2Fspecs.openid.net%2Fauth%2F2.0%2Fidentifier_select&openid.assoc_handle=usflex&openid.mode=checkid_setup&marketPlaceId=ATVPDKIKX0DER&language=en&openid.claimed_id=http%3A%2F%2Fspecs.openid.net%2Fauth%2F2.0%2Fidentifier_select&openid.ns=http%3A%2F%2Fspecs.openid.net%2Fauth%2F2.0","Long lasting","https://www.amazon.com/hz/reviews-render/report-review?ie=UTF8&ref=cm_cr_getr_d_rvw_hlp&csrfT=hMhpdRsQ5ot8eUb7FUVriXj3TAKhIQC8hhsW7XXmNnPOAAAAAGXT03kAAAAB&reviewId=RUW0RC18SW2FQ","These dental treats are very good and my puppy really likes them. They are much longer lasting than the green style dental treats we normally use. It takes her a while to break them down and she doesn't choke on them.","https://images-na.ssl-images-amazon.com/images/G/01/x-locale/common/transparent-pixel._V192234675_.gif","https://www.amazon.com/gp/profile/amzn1.account.AGUQQFLVXRXYRTCYH3TG4GRDFUMQ/ref=cm_cr_getr_d_gw_pop?ie=UTF8","https://images-na.ssl-images-amazon.com/images/S/amazon-avatars-global/default._CR0,0,1024,1024_SX48_.png","<img src=""https://images-na.ssl-images-amazon.com/images/S/amazon-avatars-global/default._CR0,0,1024,1024_SX48_.png""/>","Dog Dad","5.0 out of 5 stars","Reviewed in the United States on November 17, 2023","Images in this review","https://m.media-amazon.com/images/I/61hjzQ4SErL._SY88.jpg","javascript:void(0)","Report","Showing  comments"
"https://www.amazon.com/gp/profile/amzn1.account.AHXDSJVT6DX3ACVJNCNHCJIY222Q/ref=cm_cr_getr_d_gw_btm?ie=UTF8","","<img src=""https://images-na.ssl-images-amazon.com/images/S/amazon-avatars-global/default._CR0,0,1024,1024_SX48_.png""/>","Rachel","https://www.amazon.com/gp/customer-reviews/RAIB7KHG8GRM7/ref=cm_cr_getr_d_rvw_ttl?ie=UTF8&ASIN=B0CJZ69YMK","5.0 out of 5 stars","Another new favorite treat for my dog","Reviewed in the United States on November 5, 2023","My dog loves these so much she carries them around in her mouth and cries over them. Because she wants to ""hide"" them and protect them for later. Not sure about the health claims aspect, but she enjoys eating them. So these will be her new special ""large bone"" treat on the weekends.","https://www.amazon.com/ap/signin?openid.return_to=https%3A%2F%2Fwww.amazon.com%2FGet-Naked-Dental-Grain-Free-Chicken%2Fproduct-reviews%2FB0CJZ69YMK%2Fref%3Dcm_cr_getr_d_vote_lft%3Fie%3DUTF8%26pageSize%3D10%26csrfT%3DhJ3q%252BAgvnFMF73pdsgn%252F5TO0EWkfJ6jeGcauM1jFfsgeAAAAAGXT03kAAAAB%26reviewId%3DRAIB7KHG8GRM7&openid.identity=http%3A%2F%2Fspecs.openid.net%2Fauth%2F2.0%2Fidentifier_select&openid.assoc_handle=usflex&openid.mode=checkid_setup&marketPlaceId=ATVPDKIKX0DER&language=en&openid.claimed_id=http%3A%2F%2Fspecs.openid.net%2Fauth%2F2.0%2Fidentifier_select&openid.ns=http%3A%2F%2Fspecs.openid.net%2Fauth%2F2.0","Report","https://www.amazon.com/hz/reviews-render/report-review?ie=UTF8&ref=cm_cr_getr_d_rvw_hlp&csrfT=hJ3q%2BAgvnFMF73pdsgn%2F5TO0EWkfJ6jeGcauM1jFfsgeAAAAAGXT03kAAAAB&reviewId=RAIB7KHG8GRM7","Showing  comments","","","","","","","","","","","",""
"https://www.amazon.com/gp/profile/amzn1.account.AHBZV43ZYEBBG5AFX2XLJYSMQZ2A/ref=cm_cr_getr_d_gw_btm?ie=UTF8","","<img src=""https://images-na.ssl-images-amazon.com/images/S/amazon-avatars-global/7a3783ab-9d0e-46c8-b205-e18349731ced._CR0,0,455,455_SX48_.jpg""/>","Allison Burns","https://www.amazon.com/gp/customer-reviews/R3PJTLZHDFPP0N/ref=cm_cr_getr_d_rvw_ttl?ie=UTF8&ASIN=B0CJZ69YMK","5.0 out of 5 stars","Long-Lasting Dental Chews With All Natural Ingredients","Reviewed in the United States on November 5, 2023","My 2 dogs were so excited when I brought these home. The dental sticks are longer lasting than ones from the grocery store, and smells like they are very flavorful (very fragrant). I like that the ingredients are all natural veggies etc too - these are worth buying 100%","https://www.amazon.com/ap/signin?openid.return_to=https%3A%2F%2Fwww.amazon.com%2FGet-Naked-Dental-Grain-Free-Chicken%2Fproduct-reviews%2FB0CJZ69YMK%2Fref%3Dcm_cr_getr_d_vote_lft%3Fie%3DUTF8%26pageSize%3D10%26csrfT%3DhMINekFNPBy%252BDxoGi%252FoRbJ54DHnrg6HgFqrm4YbUHHiEAAAAAGXT03kAAAAB%26reviewId%3DR3PJTLZHDFPP0N&openid.identity=http%3A%2F%2Fspecs.openid.net%2Fauth%2F2.0%2Fidentifier_select&openid.assoc_handle=usflex&openid.mode=checkid_setup&marketPlaceId=ATVPDKIKX0DER&language=en&openid.claimed_id=http%3A%2F%2Fspecs.openid.net%2Fauth%2F2.0%2Fidentifier_select&openid.ns=http%3A%2F%2Fspecs.openid.net%2Fauth%2F2.0","Report","https://www.amazon.com/hz/reviews-render/report-review?ie=UTF8&ref=cm_cr_getr_d_rvw_hlp&csrfT=hMINekFNPBy%2BDxoGi%2FoRbJ54DHnrg6HgFqrm4YbUHHiEAAAAAGXT03kAAAAB&reviewId=R3PJTLZHDFPP0N","Showing  comments","","","","","","","","","","","",""
"https://www.amazon.com/gp/profile/amzn1.account.AESCE6MX7H65VKLRAXRSEJTB5TMQ/ref=cm_cr_getr_d_gw_btm?ie=UTF8","https://images-na.ssl-images-amazon.com/images/S/amazon-avatars-global/cac63f7b-f5dd-4e84-9880-28c878e5d51c._CR0,0,336,336_SX48_.jpg","<img src=""https://images-na.ssl-images-amazon.com/images/S/amazon-avatars-global/cac63f7b-f5dd-4e84-9880-28c878e5d51c._CR0,0,336,336_SX48_.jpg""/>","Cat","https://www.amazon.com/gp/customer-reviews/R30AOG0MTH6PBB/ref=cm_cr_getr_d_rvw_ttl?ie=UTF8&ASIN=B0CJZ69YMK","5.0 out of 5 stars","My dogs LOVE these!","Reviewed in the United States on November 14, 2023","These are really great dental treats for dogs. My dogs absolutely love them, and I appreciate that they're specifically designed for elderly dogs' needs. They aren't too difficult to chew for older pups and the bag is a great value. These don't stink or get gross when chewed.Highly recommend!","https://www.amazon.com/ap/signin?openid.return_to=https%3A%2F%2Fwww.amazon.com%2FGet-Naked-Dental-Grain-Free-Chicken%2Fproduct-reviews%2FB0CJZ69YMK%2Fref%3Dcm_cr_getr_d_vote_lft%3Fie%3DUTF8%26pageSize%3D10%26csrfT%3DhLYMaKpJqATf2a%252BgptLduhhoFIlw5MqYa8%252FW1st0Q8RRAAAAAGXT03sAAAAB%26reviewId%3DR30AOG0MTH6PBB&openid.identity=http%3A%2F%2Fspecs.openid.net%2Fauth%2F2.0%2Fidentifier_select&openid.assoc_handle=usflex&openid.mode=checkid_setup&marketPlaceId=ATVPDKIKX0DER&language=en&openid.claimed_id=http%3A%2F%2Fspecs.openid.net%2Fauth%2F2.0%2Fidentifier_select&openid.ns=http%3A%2F%2Fspecs.openid.net%2Fauth%2F2.0","Report","https://www.amazon.com/hz/reviews-render/report-review?ie=UTF8&ref=cm_cr_getr_d_rvw_hlp&csrfT=hLYMaKpJqATf2a%2BgptLduhhoFIlw5MqYa8%2FW1st0Q8RRAAAAAGXT03sAAAAB&reviewId=R30AOG0MTH6PBB","Showing  comments","","","","","","","","","","","",""
"https://www.amazon.com/gp/profile/amzn1.account.AFVRRPIDCLAIKMX4PN3XBD77CILQ/ref=cm_cr_getr_d_gw_btm?ie=UTF8","https://images-na.ssl-images-amazon.com/images/S/amazon-avatars-global/d9bec10f-209b-4721-bfa2-9a3983beaddc._CR11,0,335,335_SX48_.jpg","<img src=""https://images-na.ssl-images-amazon.com/images/S/amazon-avatars-global/d9bec10f-209b-4721-bfa2-9a3983beaddc._CR11,0,335,335_SX48_.jpg""/>","Ann","https://www.amazon.com/gp/customer-reviews/R2U5ARYKAJCPPV/ref=cm_cr_getr_d_rvw_ttl?ie=UTF8&ASIN=B0CJZ69YMK","5.0 out of 5 stars","Dogs love them","Reviewed in the United States on November 6, 2023","The dogs love them. I like the limited ingredients. We have two dogs (9 and 10). The big one gets a whole one, the little one gets half. They happily chewed away.","https://www.amazon.com/ap/signin?openid.return_to=https%3A%2F%2Fwww.amazon.com%2FGet-Naked-Dental-Grain-Free-Chicken%2Fproduct-reviews%2FB0CJZ69YMK%2Fref%3Dcm_cr_getr_d_vote_lft%3Fie%3DUTF8%26pageSize%3D10%26csrfT%3DhKz%252FRrtXyx6i7kymhGClTkD1bKpcntqE%252Btcow%252BVKjswgAAAAAGXT03sAAAAB%26reviewId%3DR2U5ARYKAJCPPV&openid.identity=http%3A%2F%2Fspecs.openid.net%2Fauth%2F2.0%2Fidentifier_select&openid.assoc_handle=usflex&openid.mode=checkid_setup&marketPlaceId=ATVPDKIKX0DER&language=en&openid.claimed_id=http%3A%2F%2Fspecs.openid.net%2Fauth%2F2.0%2Fidentifier_select&openid.ns=http%3A%2F%2Fspecs.openid.net%2Fauth%2F2.0","Report","https://www.amazon.com/hz/reviews-render/report-review?ie=UTF8&ref=cm_cr_getr_d_rvw_hlp&csrfT=hKz%2FRrtXyx6i7kymhGClTkD1bKpcntqE%2Btcow%2BVKjswgAAAAAGXT03sAAAAB&reviewId=R2U5ARYKAJCPPV","Showing  comments","","","","","","","","","","","",""
"https://www.amazon.com/gp/profile/amzn1.account.AFOLBOXDYXT3USU2ALRNU47URX5Q/ref=cm_cr_getr_d_gw_btm?ie=UTF8","https://images-na.ssl-images-amazon.com/images/S/amazon-avatars-global/default._CR0,0,1024,1024_SX48_.png","<img src=""https://images-na.ssl-images-amazon.com/images/S/amazon-avatars-global/default._CR0,0,1024,1024_SX48_.png""/>","E. Bredhold","https://www.amazon.com/gp/customer-reviews/R2DWLC0MMJS30L/ref=cm_cr_getr_d_rvw_ttl?ie=UTF8&ASIN=B0CJZ69YMK","3.0 out of 5 stars","Senior puggle not a fan","Reviewed in the United States on November 10, 2023","My senior puggle demands chewies every day. I thought these would be perfect, but he isn't interested in these. He eats about half of one and then leaves it for my other dog to eat. He doesn't have a ton of teeth left so I'm unsure if it's too hard or if it's just not good enough for him to put in the effort. He regularly eats other similar treats and chews though, so I tend to think he just doesn't like the flavor.","https://www.amazon.com/ap/signin?openid.return_to=https%3A%2F%2Fwww.amazon.com%2FGet-Naked-Dental-Grain-Free-Chicken%2Fproduct-reviews%2FB0CJZ69YMK%2Fref%3Dcm_cr_getr_d_vote_lft%3Fie%3DUTF8%26pageSize%3D10%26csrfT%3DhPtGx4GM5SdpZiO8MhRh3sFg59E2FAJyW0GTLFTjhwskAAAAAGXT03sAAAAB%26reviewId%3DR2DWLC0MMJS30L&openid.identity=http%3A%2F%2Fspecs.openid.net%2Fauth%2F2.0%2Fidentifier_select&openid.assoc_handle=usflex&openid.mode=checkid_setup&marketPlaceId=ATVPDKIKX0DER&language=en&openid.claimed_id=http%3A%2F%2Fspecs.openid.net%2Fauth%2F2.0%2Fidentifier_select&openid.ns=http%3A%2F%2Fspecs.openid.net%2Fauth%2F2.0","Report","https://www.amazon.com/hz/reviews-render/report-review?ie=UTF8&ref=cm_cr_getr_d_rvw_hlp&csrfT=hPtGx4GM5SdpZiO8MhRh3sFg59E2FAJyW0GTLFTjhwskAAAAAGXT03sAAAAB&reviewId=R2DWLC0MMJS30L","Showing  comments","","","","","","","","","","","",""
"https://www.amazon.com/gp/profile/amzn1.account.AHKGP33HXUWJLVN2PC6T4OWTF3JA/ref=cm_cr_getr_d_gw_btm?ie=UTF8","https://images-na.ssl-images-amazon.com/images/S/amazon-avatars-global/a5035d0b-2a10-40c9-87ce-8854f15921bb._CR0,0,500,500_SX48_.jpg","<img src=""https://images-na.ssl-images-amazon.com/images/S/amazon-avatars-global/a5035d0b-2a10-40c9-87ce-8854f15921bb._CR0,0,500,500_SX48_.jpg""/>","Genevieve","https://www.amazon.com/gp/customer-reviews/RX3H9ESBU0MOT/ref=cm_cr_getr_d_rvw_ttl?ie=UTF8&ASIN=B0CJZ69YMK","5.0 out of 5 stars","Dog approved","Reviewed in the United States on November 2, 2023","Two out of two dogs tested would recommend Get Naked Dental Sticks Grain-Free Chicken Flavor Dog Treats. It's like they knew the package was for them! This dog mom agrees that snacks with nutritional value, and that help clean teeth are the best. Five stars","https://www.amazon.com/ap/signin?openid.return_to=https%3A%2F%2Fwww.amazon.com%2FGet-Naked-Dental-Grain-Free-Chicken%2Fproduct-reviews%2FB0CJZ69YMK%2Fref%3Dcm_cr_getr_d_vote_lft%3Fie%3DUTF8%26pageSize%3D10%26csrfT%3DhE%252BY4ZUd0LCdx%252FR%252BdUpvErKNt3eDRYAxGxnvH9JZeEGiAAAAAGXT03sAAAAB%26reviewId%3DRX3H9ESBU0MOT&openid.identity=http%3A%2F%2Fspecs.openid.net%2Fauth%2F2.0%2Fidentifier_select&openid.assoc_handle=usflex&openid.mode=checkid_setup&marketPlaceId=ATVPDKIKX0DER&language=en&openid.claimed_id=http%3A%2F%2Fspecs.openid.net%2Fauth%2F2.0%2Fidentifier_select&openid.ns=http%3A%2F%2Fspecs.openid.net%2Fauth%2F2.0","Report","https://www.amazon.com/hz/reviews-render/report-review?ie=UTF8&ref=cm_cr_getr_d_rvw_hlp&csrfT=hE%2BY4ZUd0LCdx%2FR%2BdUpvErKNt3eDRYAxGxnvH9JZeEGiAAAAAGXT03sAAAAB&reviewId=RX3H9ESBU0MOT","Showing  comments","","","","","","","","","","","",""
"https://www.amazon.com/gp/profile/amzn1.account.AHYOA27UQ76VM6DTEQLMPXIIZICQ/ref=cm_cr_getr_d_gw_btm?ie=UTF8","https://images-na.ssl-images-amazon.com/images/S/amazon-avatars-global/1b10034f-60ab-4a85-a0ed-e92e246498f2._CR0,0,490,490_SX48_.jpg","<img src=""https://images-na.ssl-images-amazon.com/images/S/amazon-avatars-global/1b10034f-60ab-4a85-a0ed-e92e246498f2._CR0,0,490,490_SX48_.jpg""/>","Lily","https://www.amazon.com/gp/customer-reviews/RRPCMIKB0G2YF/ref=cm_cr_getr_d_rvw_ttl?ie=UTF8&ASIN=B0CJZ69YMK","5.0 out of 5 stars","Yum yum","Reviewed in the United States on November 6, 2023","Pup loves them, gobbled it down a little faster then I'd like but I'm glad he enjoyed it. I haven't noticed effects on skin yet but that would take continued use... I usually add fish oil to my pups food to help with skin anyways.","https://www.amazon.com/ap/signin?openid.return_to=https%3A%2F%2Fwww.amazon.com%2FGet-Naked-Dental-Grain-Free-Chicken%2Fproduct-reviews%2FB0CJZ69YMK%2Fref%3Dcm_cr_getr_d_vote_lft%3Fie%3DUTF8%26pageSize%3D10%26csrfT%3DhEPofNvUtfQF5gMV9dpIj0M%252Fu%252BunFy1n75LYlvZvOaeUAAAAAGXT03sAAAAB%26reviewId%3DRRPCMIKB0G2YF&openid.identity=http%3A%2F%2Fspecs.openid.net%2Fauth%2F2.0%2Fidentifier_select&openid.assoc_handle=usflex&openid.mode=checkid_setup&marketPlaceId=ATVPDKIKX0DER&language=en&openid.claimed_id=http%3A%2F%2Fspecs.openid.net%2Fauth%2F2.0%2Fidentifier_select&openid.ns=http%3A%2F%2Fspecs.openid.net%2Fauth%2F2.0","Yum yum","https://www.amazon.com/hz/reviews-render/report-review?ie=UTF8&ref=cm_cr_getr_d_rvw_hlp&csrfT=hEPofNvUtfQF5gMV9dpIj0M%2Fu%2BunFy1n75LYlvZvOaeUAAAAAGXT03sAAAAB&reviewId=RRPCMIKB0G2YF","Pup loves them, gobbled it down a little faster then I'd like but I'm glad he enjoyed it. I haven't noticed effects on skin yet but that would take continued use... I usually add fish oil to my pups food to help with skin anyways.","https://images-na.ssl-images-amazon.com/images/G/01/x-locale/common/transparent-pixel._V192234675_.gif","https://www.amazon.com/gp/profile/amzn1.account.AHYOA27UQ76VM6DTEQLMPXIIZICQ/ref=cm_cr_getr_d_gw_pop?ie=UTF8","https://images-na.ssl-images-amazon.com/images/S/amazon-avatars-global/1b10034f-60ab-4a85-a0ed-e92e246498f2._CR0,0,490,490_SX48_.jpg","<img src=""https://images-na.ssl-images-amazon.com/images/S/amazon-avatars-global/1b10034f-60ab-4a85-a0ed-e92e246498f2._CR0,0,490,490_SX48_.jpg""/>","Lily","5.0 out of 5 stars","Reviewed in the United States on November 6, 2023","Images in this review","https://m.media-amazon.com/images/I/717KK8RmSeL._SY88.jpg","javascript:void(0)","Report","Showing  comments"
"https://www.amazon.com/gp/profile/amzn1.account.AH3BXW7KLIS2VAE56UXJS2NS7I5A/ref=cm_cr_getr_d_gw_btm?ie=UTF8","","<img src=""https://images-na.ssl-images-amazon.com/images/S/amazon-avatars-global/17abc83f-15f6-4e92-b2b4-159b28cb7f53._CR8,0,173,173_SX48_.jpg""/>","VIDFAN","https://www.amazon.com/gp/customer-reviews/R1N5VJ6NTWSK89/ref=cm_cr_getr_d_rvw_ttl?ie=UTF8&ASIN=B0CJZ69YMK","5.0 out of 5 stars","My Dog Loves These","Reviewed in the United States on November 4, 2023","These dog treats are great - my dog loves them. I give him one stick a day. He is not quite a senior yet but these sticks will help him keep his teeth in great shape as he ages. I appreciate the fact that they are made in the USA and grain free. It's not organic but still made with apparently high quality ingredients. Note it has a preservative but other than that, it's great.","https://www.amazon.com/ap/signin?openid.return_to=https%3A%2F%2Fwww.amazon.com%2FGet-Naked-Dental-Grain-Free-Chicken%2Fproduct-reviews%2FB0CJZ69YMK%2Fref%3Dcm_cr_getr_d_vote_lft%3Fie%3DUTF8%26pageSize%3D10%26csrfT%3DhFtOJ5beVqhqJtHskaqJMk7ojOpojVyjhdIK%252Bs%252BFEonAAAAAAGXT03sAAAAB%26reviewId%3DR1N5VJ6NTWSK89&openid.identity=http%3A%2F%2Fspecs.openid.net%2Fauth%2F2.0%2Fidentifier_select&openid.assoc_handle=usflex&openid.mode=checkid_setup&marketPlaceId=ATVPDKIKX0DER&language=en&openid.claimed_id=http%3A%2F%2Fspecs.openid.net%2Fauth%2F2.0%2Fidentifier_select&openid.ns=http%3A%2F%2Fspecs.openid.net%2Fauth%2F2.0","Report","https://www.amazon.com/hz/reviews-render/report-review?ie=UTF8&ref=cm_cr_getr_d_rvw_hlp&csrfT=hFtOJ5beVqhqJtHskaqJMk7ojOpojVyjhdIK%2Bs%2BFEonAAAAAAGXT03sAAAAB&reviewId=R1N5VJ6NTWSK89","Showing  comments","","","","","","","","","","","",""
"https://www.amazon.com/gp/profile/amzn1.account.AHTOXYMICRNQKHHDL7OODZ6U36NA/ref=cm_cr_getr_d_gw_btm?ie=UTF8","","<img src=""https://images-na.ssl-images-amazon.com/images/S/amazon-avatars-global/default._CR0,0,1024,1024_SX48_.png""/>","Amy Mueller","https://www.amazon.com/gp/customer-reviews/RE082Y4YJS0LZ/ref=cm_cr_getr_d_rvw_ttl?ie=UTF8&ASIN=B0CJZ69YMK","5.0 out of 5 stars","Dog chews","Reviewed in the United States on November 2, 2023","My pups love these. No stomach upset after eating either. Good size and texture.","https://www.amazon.com/ap/signin?openid.return_to=https%3A%2F%2Fwww.amazon.com%2FGet-Naked-Dental-Grain-Free-Chicken%2Fproduct-reviews%2FB0CJZ69YMK%2Fref%3Dcm_cr_getr_d_vote_lft%3Fie%3DUTF8%26pageSize%3D10%26csrfT%3DhB6DVwp0SlVGXg1ezfbnSmTfzfgmNm2aG9oFIySByzhMAAAAAGXT03sAAAAB%26reviewId%3DRE082Y4YJS0LZ&openid.identity=http%3A%2F%2Fspecs.openid.net%2Fauth%2F2.0%2Fidentifier_select&openid.assoc_handle=usflex&openid.mode=checkid_setup&marketPlaceId=ATVPDKIKX0DER&language=en&openid.claimed_id=http%3A%2F%2Fspecs.openid.net%2Fauth%2F2.0%2Fidentifier_select&openid.ns=http%3A%2F%2Fspecs.openid.net%2Fauth%2F2.0","Report","https://www.amazon.com/hz/reviews-render/report-review?ie=UTF8&ref=cm_cr_getr_d_rvw_hlp&csrfT=hB6DVwp0SlVGXg1ezfbnSmTfzfgmNm2aG9oFIySByzhMAAAAAGXT03sAAAAB&reviewId=RE082Y4YJS0LZ","Showing  comments","","","","","","","","","","","",""